year,department_code,department_name,geo_code,lat,lon,ps_tavg_c,ps_tmin_c,ps_tmax_c,ps_prcp_mm,ps_et0_mm,ps_ndvi_modis_med,ps_ndvi_s2_med,ps_ndvi_copernicus_med,ps_ndvi_fused,ndvi_source,s2_scene_count_ps,ps_s2_cloud_med,modis_coverage,s2_coverage,fused_coverage,clay_g_kg,sand_g_kg,silt_g_kg,phh2o,soc_dg_kg,yield_t_ha,yield_source,n_missing_features,has_yield,spring_prcp_mm,spring_tavg_c,gdd_sum,summer_prcp_mm,summer_tavg_c,gdd_mar_jul,drought_spring_flag
2010,01,Ain,FR_01,46.105,5.2995,8.747904055818701,4.859467901113934,12.84252506684492,790.5999999999999,0.0,0.3321,,0.3321,0.3321,modis,,,1,0,1,222.0,257.0,520.0,66.0,579.0,7.196,agreste_saa,3,1,584.5,10.984319336477128,67.510080541371,301.6,20.601894599303137,74.15674720803766,0
2011,01,Ain,FR_01,46.105,5.2995,10.934269637324586,6.937963793933228,15.431084069586596,752.3,0.0,0.4136499999999999,,0.4136499999999999,0.4136499999999999,modis,,,1,0,1,222.0,257.0,520.0,66.0,579.0,6.981999999999999,agreste_saa,3,1,247.40000000000003,13.482106471115094,69.33469784274912,539.8,18.60133207184478,77.64898355703484,0
2012,01,Ain,FR_01,46.105,5.2995,10.288721879903386,6.697878835379456,14.151222512810085,1186.0,0.0,0.4760999999999999,,0.4760999999999999,0.4760999999999999,modis,,,1,0,1,222.0,257.0,520.0,66.0,579.0,6.696,agreste_saa,3,1,580.8,12.127890132397049,66.46879365079364,529.7,20.00546485260771,76.39460010240654,0
2013,01,Ain,FR_01,46.105,5.2995,9.962038947761169,6.4515215597376345,13.820559529184552,1045.3,0.0,0.4124,,0.4124,0.4124,modis,,,1,0,1,222.0,257.0,520.0,66.0,579.0,6.197,agreste_saa,3,1,951.6,9.616654181205346,63.34047311827957,356.6,20.191612903225806,69.23318835006765,0
2014,01,Ain,FR_01,46.105,5.2995,11.458748065335143,7.750934780831713,15.691084359393209,1020.2,0.0,0.39025,,0.39025,0.39025,modis,,,1,0,1,222.0,257.0,520.0,66.0,579.0,7.186,agreste_saa,3,1,462.0,11.905932345388868,66.55029667736676,573.1,19.86108677712182,75.43997059041024,0
2015,01,Ain,FR_01,46.105,5.2995,10.199045177961157,6.096755448365991,15.037518319356591,682.7,0.0,0.3859,,,0.3859,modis,,,1,0,1,222.0,257.0,520.0,66.0,579.0,7.191,agreste_saa,4,1,502.7,12.148535309503051,73.87697040862363,234.2,22.757033591408597,81.95967311132634,0
2016,01,Ain,FR_01,46.105,5.2995,9.51300058427186,5.807262649817295,13.751701228340574,594.3,0.0,0.33445,,,0.33445,modis,,,1,0,1,222.0,257.0,520.0,66.0,579.0,5.497999999999999,agreste_saa,4,1,708.7,10.40365209471767,64.86385413740362,442.9,20.081093735368484,71.37314375488997,0
2017,01,Ain,FR_01,46.105,5.2995,9.314126569351837,5.309686045029613,13.896373743546894,621.7,0.0,0.3974499999999999,,,0.3974499999999999,modis,,,1,0,1,222.0,257.0,520.0,66.0,579.0,7.397,agreste_saa,4,1,484.6,12.333957069075671,70.45552520020304,292.70000000000005,21.76412429378531,80.53011979479763,0
2018,01,Ain,FR_01,46.105,5.2995,11.329439600891211,7.229626544997021,15.818954348570122,555.8,0.0,0.3591999999999999,0.2149534838931991,,0.2149534838931991,s2,34.0,14.4357875,1,1,1,222.0,257.0,520.0,66.0,579.0,6.699,agreste_saa,1,1,604.8,12.409117143387236,74.15095358069935,413.6,21.8075,80.84235143016171,0
2019,01,Ain,FR_01,46.105,5.2995,11.18039173555752,7.4300068670427635,15.378510517461834,998.1,0.0,0.42825,0.3271756054871742,,0.3271756054871742,s2,24.0,22.54818225,1,1,1,222.0,257.0,520.0,66.0,579.0,7.897,agreste_saa,1,1,426.2,11.03657004830918,68.25968599033817,381.9,22.06520531400966,77.24012077294685,0
2020,01,Ain,FR_01,46.105,5.2995,10.574003438922794,6.629479156122415,14.880757372541082,829.5,0.0,0.3365,0.2874203375804188,,0.2874203375804188,s2,21.0,9.7953465,1,1,1,222.0,257.0,520.0,66.0,579.0,6.381,agreste_saa,1,1,443.3,12.746286816269285,70.84729390681004,295.70000000000005,20.45122759856631,79.14131564594047,0
2021,01,Ain,FR_01,46.105,5.2995,9.650909498207884,5.880264336917563,13.76700716845878,1125.8,0.0,0.37635,0.384044486990567,,0.384044486990567,s2,25.0,12.48851675,1,1,1,222.0,257.0,520.0,66.0,579.0,6.798,agreste_saa,1,1,699.7,10.192694145758662,63.36582437275986,777.6,20.19521505376344,70.96851254480286,0
2022,01,Ain,FR_01,46.105,5.2995,12.042656810035842,8.37478494623656,16.249475806451613,1167.8,0.0,0.5782,0.2472420626752478,,0.2472420626752478,s2,38.0,27.673233,1,1,1,222.0,257.0,520.0,66.0,579.0,6.593999999999999,agreste_saa,1,1,254.7,12.73006571087216,74.81704301075268,563.4,22.71826164874552,83.62672043010753,0
2023,01,Ain,FR_01,46.105,5.2995,12.34711917562724,8.158118279569893,17.116209677419356,1713.1999999999998,0.0,0.4087,0.2305918116520353,,0.2305918116520353,s2,60.0,5.2202645,1,1,1,222.0,257.0,520.0,66.0,579.0,6.994,agreste_saa,1,1,560.7,11.837771804062127,70.91028673835125,533.2,22.20413082437276,79.9215770609319,0
2024,01,Ain,FR_01,46.105,5.2995,10.294820788530467,6.914840162743388,14.228878233071782,1515.9,0.0,0.4712499999999999,0.1828127832463595,,0.1828127832463595,s2,15.0,15.8838005,1,1,1,222.0,257.0,520.0,66.0,579.0,5.287,agreste_saa,1,1,1040.2,12.108590203106331,68.05356630824373,536.8,20.78325268817204,77.89227598566308,0
2010,02,Aisne,FR_02,49.5675,3.4955,7.386730730427764,4.23449223826553,10.576722482141736,0.0,0.0,0.448,,0.448,0.448,modis,,,1,0,1,240.0,288.0,472.0,61.0,562.0,8.369,agreste_saa,3,1,0.0,9.625789991007382,59.45546393288535,0.0,18.49611219732291,65.86959436766796,1
2011,02,Aisne,FR_02,49.5675,3.4955,10.596110608849164,7.190355287334837,14.380607907983093,0.0,0.0,0.67995,,0.67995,0.67995,modis,,,1,0,1,240.0,288.0,472.0,61.0,562.0,8.199,agreste_saa,3,1,0.0,11.770611691046474,60.26528566295365,0.0,16.305785123966942,67.9234053210733,1
2012,02,Aisne,FR_02,49.5675,3.4955,9.203986715359374,5.580487970980432,12.984536454011282,196.2,0.0,0.5725,,0.5725,0.5725,modis,,,1,0,1,240.0,288.0,472.0,61.0,562.0,8.123999999999999,agreste_saa,3,1,19.3,10.10570813771518,54.41909983967979,189.9,16.373071046600458,63.06326650634645,1
2013,02,Aisne,FR_02,49.5675,3.4955,9.629710320718646,6.109723085223855,13.184500745434187,177.0,0.0,0.6756,,0.6756,0.6756,modis,,,1,0,1,240.0,288.0,472.0,61.0,562.0,9.098,agreste_saa,3,1,170.89999999999998,7.837888291517324,55.615592807729904,93.9,17.806519522144523,59.12670391884102,0
2014,02,Aisne,FR_02,49.5675,3.4955,10.27767509738827,6.777240339978922,14.040330838376226,168.8,0.0,0.6222000000000001,,0.6222000000000001,0.6222000000000001,modis,,,1,0,1,240.0,288.0,472.0,61.0,562.0,9.296,agreste_saa,3,1,65.19999999999999,10.67929607939675,58.97354672526534,134.9,17.436956760316065,66.91180175882238,1
2015,02,Aisne,FR_02,49.5675,3.4955,10.433522266693688,6.837827940328436,14.08579244428659,153.2,0.0,0.6060000000000001,,,0.6060000000000001,modis,,,1,0,1,240.0,288.0,472.0,61.0,562.0,9.496,agreste_saa,4,1,66.7,9.668438137153167,58.14076788497268,26.7,17.80015916918902,64.60563274983754,1
2016,02,Aisne,FR_02,49.5675,3.4955,8.989113158614735,5.138574267839181,13.133945805079112,59.5,0.0,0.7463500000000001,,,0.7463500000000001,modis,,,1,0,1,240.0,288.0,472.0,61.0,562.0,5.3,agreste_saa,4,1,175.7,8.966878121878123,55.22336911932278,116.7,16.990038705515534,60.88071177666544,0
2017,02,Aisne,FR_02,49.5675,3.4955,9.391535641239717,5.814576452691207,13.205810313423342,203.9,0.0,0.53145,,,0.53145,modis,,,1,0,1,240.0,288.0,472.0,61.0,562.0,8.4,agreste_saa,4,1,76.1,10.883004668521911,60.890141147970255,94.3,18.68407708471577,70.01716817499728,1
2018,02,Aisne,FR_02,49.5675,3.4955,10.02000177739652,5.994508171017704,14.36481420533542,103.3,0.0,0.43385,0.4684999338768481,,0.4684999338768481,s2,30.0,12.2147005,1,1,1,240.0,288.0,472.0,61.0,562.0,8.2,agreste_saa,1,1,95.9,10.977277670662138,67.0204408271801,55.6,19.78020994786529,72.49225290771702,1
2019,02,Aisne,FR_02,49.5675,3.4955,9.984405903024845,6.637110421812789,13.455816589572509,190.2,0.0,0.6288,0.234060154130395,,0.234060154130395,s2,19.0,15.08857675,1,1,1,240.0,288.0,472.0,61.0,562.0,9.2,agreste_saa,1,1,116.5,10.030797168607942,59.72833959425225,58.4,18.96371268057785,68.01981686697953,0
2020,02,Aisne,FR_02,49.5675,3.4955,10.395514786934744,6.7881705579830784,14.083896767522807,182.8,0.0,0.5461,0.197841726618705,,0.197841726618705,s2,28.0,4.972269,1,1,1,240.0,288.0,472.0,61.0,562.0,8.398,agreste_saa,1,1,82.1,11.153321593124224,61.500795388991534,73.10000000000001,17.57216969077434,68.60430416092136,1
2021,02,Aisne,FR_02,49.5675,3.4955,9.628947132616489,5.888781362007168,13.613364695340502,608.5,0.0,0.6597999999999999,0.4382018267111238,,0.4382018267111238,s2,26.0,12.710428,1,1,1,240.0,288.0,472.0,61.0,562.0,8.2,agreste_saa,1,1,337.6,8.352915173237754,54.25274193548387,631.0,17.933557347670252,60.92586021505376,0
2022,02,Aisne,FR_02,49.5675,3.4955,10.391648745519714,6.99806899641577,14.132159498207889,745.4,0.0,0.53535,0.2280090576554607,,0.2280090576554607,s2,30.0,19.410039,1,1,1,240.0,288.0,472.0,61.0,562.0,8.587,agreste_saa,1,1,236.0,10.851538958313151,62.88410996249706,257.1,19.051574500768048,70.65776587647555,0
2023,02,Aisne,FR_02,49.5675,3.4955,11.647791218637993,8.130555555555556,15.516366487455198,974.4,0.0,0.6497,0.0479809354043219,,0.0479809354043219,s2,30.0,31.5398305,1,1,1,240.0,288.0,472.0,61.0,562.0,8.599,agreste_saa,1,1,641.1,10.082491039426523,60.791810035842296,462.8,19.18937275985663,68.62621863799284,0
2024,02,Aisne,FR_02,49.5675,3.4955,10.118660394265234,7.153769693568081,13.311973384674998,811.6,0.0,0.71375,0.3999661189225817,,0.3999661189225817,s2,10.0,18.28703475,1,1,1,240.0,288.0,472.0,61.0,562.0,6.206,agreste_saa,1,1,975.7,11.13295101553166,59.67767025089606,330.1,17.45983870967742,68.31853046594982,0
2010,03,Allier,FR_03,46.333,3.217,8.297786386593204,3.8232038270774913,12.9682295836227,270.9,0.0,0.7669,,0.7669,0.7669,modis,,,1,0,1,192.0,522.0,286.0,59.0,453.0,6.5,agreste_saa,3,1,130.2,10.156801346801346,62.11769742883379,240.3,19.076563360881543,68.62353076216714,0
2011,03,Allier,FR_03,46.333,3.217,11.500826612903229,6.760008832242439,16.903794786725115,119.5,0.0,0.6028,,0.6028,0.6028,modis,,,1,0,1,192.0,522.0,286.0,59.0,453.0,5.3,agreste_saa,3,1,112.1,12.418865497031,64.94926026628049,141.79999999999998,17.802634408602152,72.8618653082973,0
2012,03,Allier,FR_03,46.333,3.217,10.404882489485498,5.9242210010224,15.384289045953214,85.6,0.0,0.702,,0.702,0.702,modis,,,1,0,1,192.0,522.0,286.0,59.0,453.0,6.5,agreste_saa,3,1,146.2,10.947919813135345,61.22718521404781,110.4,18.57316450022412,69.99008843985426,0
2013,03,Allier,FR_03,46.333,3.217,9.978356148436983,5.703963358449039,14.622945602846633,151.8,0.0,0.6471500000000001,,0.6471500000000001,0.6471500000000001,modis,,,1,0,1,192.0,522.0,286.0,59.0,453.0,6.4,agreste_saa,3,1,135.1,9.068451267327344,59.723729508196726,49.0,19.20791666666667,65.62118713531537,0
2014,03,Allier,FR_03,46.333,3.217,11.062305183280616,6.563492768135292,16.241043857864348,200.2,0.0,0.736,,0.736,0.736,modis,,,1,0,1,192.0,522.0,286.0,59.0,453.0,6.484999999999999,agreste_saa,3,1,85.2,10.776027830487031,62.18588619853586,116.3,18.904707805150284,70.13749910176166,1
2015,03,Allier,FR_03,46.333,3.217,10.136539662920509,4.734839611774917,15.812698888754923,94.0,0.0,0.7638,,,0.7638,modis,,,1,0,1,192.0,522.0,286.0,59.0,453.0,6.191,agreste_saa,4,1,67.7,11.348452174685685,68.39742002397341,39.0,20.995950449145177,76.0372574223474,1
2016,03,Allier,FR_03,46.333,3.217,9.30870256166983,4.55587109061009,14.671874516050533,138.8,0.0,0.5867,,,0.5867,modis,,,1,0,1,192.0,522.0,286.0,59.0,453.0,5.199,agreste_saa,4,1,152.10000000000002,9.754092964631882,60.73159048809855,101.5,18.902916666666663,67.06811222722898,0
2017,03,Allier,FR_03,46.333,3.217,9.561217992527792,5.148633852208485,14.48806097053127,106.5,0.0,0.6191,,,0.6191,modis,,,1,0,1,192.0,522.0,286.0,59.0,453.0,6.046,agreste_saa,4,1,99.6,11.466060138668546,65.92031797625778,71.69999999999999,20.583649425287355,75.56547926658035,1
2018,03,Allier,FR_03,46.333,3.217,11.211423863496922,6.033907363020951,16.81949973880278,71.8,0.0,0.46365,0.2941889269697449,,0.2941889269697449,s2,34.0,15.943719,1,1,1,192.0,522.0,286.0,59.0,453.0,5.996,agreste_saa,1,1,139.5,11.844509639191529,69.10374397133802,40.9,20.513333333333332,76.56019558424126,0
2019,03,Allier,FR_03,46.333,3.217,11.435855653086822,6.852647980167267,16.285354674656748,175.1,0.0,0.60225,0.2743276107267974,,0.2743276107267974,s2,23.0,19.50195525,1,1,1,192.0,522.0,286.0,59.0,453.0,5.696,agreste_saa,1,1,74.0,10.573283066701634,65.66370967741935,89.3,21.31258064516129,74.34501049042748,1
2020,03,Allier,FR_03,46.333,3.217,10.799771505376343,5.744615228907709,15.985039425763771,92.9,0.0,0.6725000000000001,0.5091066782307025,,0.5091066782307025,s2,26.0,8.815049,1,1,1,192.0,522.0,286.0,59.0,453.0,4.99,agreste_saa,1,1,89.5,12.18065823491392,66.6165053763441,81.6,19.039314516129032,74.62060373699983,1
2021,03,Allier,FR_03,46.333,3.217,9.679435483870968,5.195840053763441,14.804314516129033,267.4,0.0,0.6428,0.7500448147623331,,0.7500448147623331,s2,28.0,9.7015215,1,1,1,192.0,522.0,286.0,59.0,453.0,5.794,agreste_saa,1,1,105.3,9.568718637992832,59.78465053763441,248.2,19.115053763440866,66.93626344086022,1
2022,03,Allier,FR_03,46.333,3.217,11.65633064516129,6.755033602150538,16.858783602150538,265.0,0.0,0.7335,0.5838674481386925,,0.5838674481386925,s2,37.0,13.0738565,1,1,1,192.0,522.0,286.0,59.0,453.0,4.596,agreste_saa,1,1,70.4,12.04283154121864,69.39456989247311,409.1,20.881021505376346,77.8905376344086,1
2023,03,Allier,FR_03,46.333,3.217,12.422694892473118,7.35940188172043,18.05390456989248,294.2,0.0,0.53565,0.4557236580701831,,0.4557236580701831,s2,46.0,1.7420855,1,1,1,192.0,522.0,286.0,59.0,453.0,5.992,agreste_saa,1,1,202.3,11.31078853046595,66.88032258064516,321.5,20.90502688172043,75.74241935483872,0
2024,03,Allier,FR_03,46.333,3.217,10.662204301075269,6.841868279569892,15.140154569892474,419.0,0.0,0.64385,0.3974356539318327,,0.3974356539318327,s2,13.0,26.788715,1,1,1,192.0,522.0,286.0,59.0,453.0,4.892,agreste_saa,1,1,520.0999999999999,11.636236559139784,64.04349462365592,223.9,19.408521505376346,73.72575268817204,0
2010,04,Alpes-de-Haute-Provence,FR_04,44.04,6.101,9.638000610500612,4.977687476473902,15.07077956287008,236.6,0.0,0.46725,,0.46725,0.46725,modis,,,1,0,1,270.0,268.0,461.0,75.0,486.0,3.3,agreste_saa,3,1,176.2,11.139347721521636,69.49243774147,79.39999999999999,21.65784946236559,76.73374208929609,0
2011,04,Alpes-de-Haute-Provence,FR_04,44.04,6.101,12.006408383222288,6.772154455860305,18.79274993080129,299.9,0.0,0.4681999999999999,,0.4681999999999999,0.4681999999999999,modis,,,1,0,1,270.0,268.0,461.0,75.0,486.0,3.6,agreste_saa,3,1,80.8,13.363634427587916,71.6589477383082,155.7,20.17493131868132,80.44076592012638,1
2012,04,Alpes-de-Haute-Provence,FR_04,44.04,6.101,11.146815255527605,6.385487421977247,17.001783010988436,341.0,0.0,0.42515,,0.42515,0.42515,modis,,,1,0,1,270.0,268.0,461.0,75.0,486.0,4.031000000000001,agreste_saa,3,1,271.2,12.45672001333667,71.08264675443573,55.4,22.197641206675225,81.76544245336045,0
2013,04,Alpes-de-Haute-Provence,FR_04,44.04,6.101,11.38754928315412,6.497558868898567,17.501166353896952,302.9,0.0,0.45785,,0.45785,0.45785,modis,,,1,0,1,270.0,268.0,461.0,75.0,486.0,4.041,agreste_saa,3,1,286.9,10.901923536439666,66.97785975612724,119.7,20.811044573404125,74.32785975612724,0
2014,04,Alpes-de-Haute-Provence,FR_04,44.04,6.101,12.425217519250005,7.792205187222968,18.23870882570112,237.1,0.0,0.3779,,0.3779,0.3779,modis,,,1,0,1,270.0,268.0,461.0,75.0,486.0,3.436,agreste_saa,3,1,117.0,12.524540023894865,69.56477272727273,148.9,20.59127525252525,78.75617057673509,0
2015,04,Alpes-de-Haute-Provence,FR_04,44.04,6.101,11.323666541635408,6.361818185234737,17.686136746290643,182.0,0.0,0.4816,,,0.4816,modis,,,1,0,1,270.0,268.0,461.0,75.0,486.0,2.978,agreste_saa,4,1,102.7,13.1168371962583,77.06034360458517,30.9,23.538068181818183,86.42664795241126,1
2016,04,Alpes-de-Haute-Provence,FR_04,44.04,6.101,11.200327851570735,6.092275269302872,17.845153834817257,285.7,0.0,0.4781,,,0.4781,modis,,,1,0,1,270.0,268.0,461.0,75.0,486.0,3.98,agreste_saa,4,1,211.6,11.819369678154764,70.52942877892609,97.9,21.52424682875264,78.50660269196956,0
2017,04,Alpes-de-Haute-Provence,FR_04,44.04,6.101,10.250211286298242,4.806207652151191,16.953765437437443,195.5,0.0,0.41045,,,0.41045,modis,,,1,0,1,270.0,268.0,461.0,75.0,486.0,3.601,agreste_saa,4,1,211.9,13.05351618097761,74.64357379362752,102.8,23.01516853932584,85.19088562158453,0
2018,04,Alpes-de-Haute-Provence,FR_04,44.04,6.101,12.546282787552949,7.806874613768384,18.42166483382209,227.3,0.0,0.5005,0.1701597920429555,,0.1701597920429555,s2,20.0,14.5913725,1,1,1,270.0,268.0,461.0,75.0,486.0,3.3840000000000003,agreste_saa,1,1,201.2,12.382824458557238,74.27528364269938,95.8,22.1443833943834,81.4372401644385,0
2019,04,Alpes-de-Haute-Provence,FR_04,44.04,6.101,12.3765770609319,7.835206038472246,17.913691756272403,439.1,0.0,0.5569500000000001,0.3449039157512981,,0.3449039157512981,s2,26.0,12.17583075,1,1,1,270.0,268.0,461.0,75.0,486.0,3.695,agreste_saa,1,1,145.3,11.65547192353644,71.61566308243728,129.6,23.214408602150534,81.3952329749104,0
2020,04,Alpes-de-Haute-Provence,FR_04,44.04,6.101,11.039354838709675,6.2259796835302295,17.065194716282065,229.8,0.0,0.49795,0.340710097548577,,0.340710097548577,s2,21.0,11.0554895,1,1,1,270.0,268.0,461.0,75.0,486.0,3.6,agreste_saa,1,1,219.5,13.038339307048986,73.2468100358423,159.7,21.514283154121863,82.14358422939068,0
2021,04,Alpes-de-Haute-Provence,FR_04,44.04,6.101,10.922777777777778,6.228431899641578,16.53371863799283,328.0,0.0,0.4409499999999999,0.4124272280233513,,0.4124272280233513,s2,28.0,4.93174425,1,1,1,270.0,268.0,461.0,75.0,486.0,4.464,agreste_saa,1,1,331.4,10.29973715651135,66.86655913978494,191.3,21.76109318996416,74.42139784946237,0
2022,04,Alpes-de-Haute-Provence,FR_04,44.04,6.101,12.528539426523295,8.099408602150538,17.7875,614.8,0.0,0.5386,0.1921845677627466,,0.1921845677627466,s2,50.0,10.1388415,1,1,1,270.0,268.0,461.0,75.0,486.0,2.79,agreste_saa,1,1,164.8,12.126567451041504,78.35002493376967,95.6,24.741075268817205,85.86185289075891,0
2023,04,Alpes-de-Haute-Provence,FR_04,44.04,6.101,12.750224014336917,7.765000000000001,18.49516129032258,789.6,0.0,0.6393500000000001,0.1935617397295118,,0.1935617397295118,s2,40.0,3.1287715,1,1,1,270.0,268.0,461.0,75.0,486.0,3.01,agreste_saa,1,1,386.1,12.01984468339307,72.02125448028674,241.3,22.58193548387097,81.22340501792115,0
2024,04,Alpes-de-Haute-Provence,FR_04,44.04,6.101,11.33427788360948,6.858097787555503,17.143941856250578,755.5,0.0,0.5948,0.1414762040467369,,0.1414762040467369,s2,17.0,3.34123725,1,1,1,270.0,268.0,461.0,75.0,486.0,4.113,agreste_saa,1,1,605.9,11.935352449223416,70.69003584229391,251.4,21.891451612903225,79.5889605734767,0
2010,05,Hautes-Alpes,FR_05,44.5555,6.108499999999999,8.360075896325895,3.953015799380953,13.758627957522975,236.6,0.0,0.4544,,0.4544,0.4544,modis,,,1,0,1,281.0,259.0,460.0,75.0,461.0,4.1,agreste_saa,3,1,176.2,10.44874989405882,66.45797868326731,79.39999999999999,20.74879928315412,72.8438482484847,0
2011,05,Hautes-Alpes,FR_05,44.5555,6.108499999999999,10.70962828390248,5.989847832600439,17.112583680687127,299.9,0.0,0.45915,,0.45915,0.45915,modis,,,1,0,1,281.0,259.0,460.0,75.0,461.0,3.5,agreste_saa,3,1,80.8,12.95418263906636,68.41113155578272,155.7,18.8512148962149,76.56497770962888,1
2012,05,Hautes-Alpes,FR_05,44.5555,6.108499999999999,9.819535466006831,5.367441510695187,15.394077629745734,341.0,0.0,0.4976,,0.4976,0.4976,modis,,,1,0,1,281.0,259.0,460.0,75.0,461.0,4.102,agreste_saa,3,1,271.2,11.70334343924327,66.93137347679544,55.4,20.912284482758626,76.93459928324705,0
2013,05,Hautes-Alpes,FR_05,44.5555,6.108499999999999,10.081644876181166,5.64665247876956,15.87063626446395,302.9,0.0,0.55345,,0.55345,0.55345,modis,,,1,0,1,281.0,259.0,460.0,75.0,461.0,4.086,agreste_saa,3,1,286.9,9.8825117796303,63.488159558616246,119.7,19.99166042446941,69.63085618782972,0
2014,05,Hautes-Alpes,FR_05,44.5555,6.108499999999999,11.212568508607443,6.808863064451003,16.92285535803297,237.1,0.0,0.54925,,0.54925,0.54925,modis,,,1,0,1,281.0,259.0,460.0,75.0,461.0,4.583,agreste_saa,3,1,117.0,11.787026834736148,65.82547525819999,148.9,19.555315656565657,74.47171181733977,0
2015,05,Hautes-Alpes,FR_05,44.5555,6.108499999999999,9.778882769472856,5.046441153083512,16.15853830107397,182.0,0.0,0.63005,,,0.63005,modis,,,1,0,1,281.0,259.0,460.0,75.0,461.0,4.668,agreste_saa,4,1,102.7,12.324605475040258,73.49468396337961,30.9,22.46369463869464,81.90120570251005,1
2016,05,Hautes-Alpes,FR_05,44.5555,6.108499999999999,9.695938398638472,5.019788120221019,15.914105369059325,285.7,0.0,0.5226000000000001,,,0.5226000000000001,modis,,,1,0,1,281.0,259.0,460.0,75.0,461.0,4.61,agreste_saa,4,1,211.6,10.624989408400788,66.6085295359846,97.9,20.44478065539112,72.76452953598461,0
2017,05,Hautes-Alpes,FR_05,44.5555,6.108499999999999,7.743570878764729,2.725545275118664,14.36007865608696,195.5,0.0,0.3409,,,0.3409,modis,,,1,0,1,281.0,259.0,460.0,75.0,461.0,3.707,agreste_saa,4,1,211.9,12.140708968450904,68.99172018880121,102.8,21.236409544950057,78.89494599525281,0
2018,05,Hautes-Alpes,FR_05,44.5555,6.108499999999999,9.88067087953548,5.581754979361766,15.3189600231652,227.3,0.0,0.4358999999999999,0.2675946163128555,,0.2675946163128555,s2,14.0,19.795862,1,1,1,281.0,259.0,460.0,75.0,461.0,3.241,agreste_saa,1,1,201.2,11.934986258092849,71.97527761485827,95.8,21.212333333333333,78.22962544094523,0
2019,05,Hautes-Alpes,FR_05,44.5555,6.108499999999999,8.99464889181479,4.9131914976167375,14.360574079157605,439.1,0.0,0.4829,0.3489635238128131,,0.3489635238128131,s2,17.0,25.8989075,1,1,1,281.0,259.0,460.0,75.0,461.0,3.809,agreste_saa,1,1,145.3,9.87011655534768,63.44434408913733,129.6,20.715357867284844,71.04106540061274,0
2020,05,Hautes-Alpes,FR_05,44.5555,6.108499999999999,7.966286535760046,3.693075557709914,13.603931236120935,229.8,0.0,0.50335,0.6152918730348786,,0.6152918730348786,s2,11.0,18.5063485,1,1,1,281.0,259.0,460.0,75.0,461.0,3.56,agreste_saa,1,1,219.5,10.756678549950689,63.32409567698047,159.7,18.63776826859776,69.54557218704758,0
2021,05,Hautes-Alpes,FR_05,44.5555,6.108499999999999,7.879650537634409,3.8015483870967737,13.024145161290322,1098.1,0.0,0.57155,0.4761911529408897,,0.4761911529408897,s2,15.0,12.0972735,1,1,1,281.0,259.0,460.0,75.0,461.0,4.384,agreste_saa,1,1,824.0,8.001483870967741,55.65838709677419,536.5,18.572129032258065,61.14870967741936,0
2022,05,Hautes-Alpes,FR_05,44.5555,6.108499999999999,9.484451612903223,5.492397849462366,14.11560752688172,1336.5,0.0,0.4925,0.1393112159984998,,0.1393112159984998,s2,30.0,11.54675175,1,1,1,281.0,259.0,460.0,75.0,461.0,2.67,agreste_saa,1,1,433.7,9.47651726089417,66.64210905243473,225.6,21.565633473585788,71.56081872985409,0
2023,05,Hautes-Alpes,FR_05,44.5555,6.108499999999999,9.82533870967742,5.416956989247312,14.887306451612902,1900.5,0.0,0.46035,0.112625659642008,,0.112625659642008,s2,21.0,3.7667195,1,1,1,281.0,259.0,460.0,75.0,461.0,2.97,agreste_saa,1,1,965.4,8.911870967741935,59.66344086021506,524.9,19.55262365591398,65.84086021505377,0
2024,05,Hautes-Alpes,FR_05,44.5555,6.108499999999999,8.290186395785474,4.276829569422376,13.488362369665571,1266.8,0.0,0.6187,0.1281431318038621,,0.1281431318038621,s2,9.0,9.546646249999998,1,1,1,281.0,259.0,460.0,75.0,461.0,4.211,agreste_saa,1,1,1350.0,8.720587813620071,57.833333333333336,642.2,18.79352688172043,63.74881720430108,0
2010,06,Alpes-Maritimes,FR_06,43.833,7.094,13.543504098360655,10.023792185204387,17.62384159551421,477.2,0.0,0.729,,0.729,0.729,modis,,,1,0,1,304.0,247.0,449.0,70.0,845.0,6.5,agreste_saa,3,1,136.8,13.886196876600104,77.54778417818741,41.7,23.313951612903228,88.28649385560676,0
2011,06,Alpes-Maritimes,FR_06,43.833,7.094,15.748158602150538,11.835696442374768,20.28443136755843,246.7,0.0,0.68905,,0.68905,0.68905,modis,,,1,0,1,304.0,247.0,449.0,70.0,845.0,3.8,agreste_saa,3,1,133.9,15.133936624583884,78.34737181300001,135.5,22.08917441224713,89.58015869824591,0
2012,06,Alpes-Maritimes,FR_06,43.833,7.094,14.879517543859649,11.283713085720992,19.383956855304405,515.6999999999999,0.0,0.7171000000000001,,0.7171000000000001,0.7171000000000001,modis,,,1,0,1,304.0,247.0,449.0,70.0,845.0,4.0,agreste_saa,3,1,190.6,14.166548082624232,76.44030055041972,9.9,23.199360409338027,88.89836506654875,0
2013,06,Alpes-Maritimes,FR_06,43.833,7.094,15.052634408602149,11.35406732011629,19.72447626121756,282.5,0.0,0.6979500000000001,,0.6979500000000001,0.6979500000000001,modis,,,1,0,1,304.0,247.0,449.0,70.0,845.0,3.8,agreste_saa,3,1,441.7,13.52489247311828,74.90897849462365,49.1,22.332983870967745,85.24064516129033,0
2014,06,Alpes-Maritimes,FR_06,43.833,7.094,16.045303020463745,12.572991198051549,20.61031713634897,666.9999999999999,0.0,0.7594000000000001,,0.7594000000000001,0.7594000000000001,modis,,,1,0,1,304.0,247.0,449.0,70.0,845.0,4.0,agreste_saa,3,1,111.29999999999998,14.662670250896058,77.0005998868138,39.8,22.413552631578945,88.81511601584607,0
2015,06,Alpes-Maritimes,FR_06,43.833,7.094,14.490479807451862,10.825996543778803,19.409289729088115,283.70000000000005,0.0,0.7010000000000001,,,0.7010000000000001,modis,,,1,0,1,304.0,247.0,449.0,70.0,845.0,4.0,agreste_saa,4,1,83.0,14.773974849644617,81.85824646631232,15.3,24.731064184495693,93.78405291792522,1
2016,06,Alpes-Maritimes,FR_06,43.833,7.094,15.165017394054397,11.235448717948715,19.928043802834672,287.3,0.0,0.7201500000000001,,,0.7201500000000001,modis,,,1,0,1,304.0,247.0,449.0,70.0,845.0,4.2,agreste_saa,4,1,69.0,12.34961349970176,69.61812754912866,24.5,20.61779569892473,78.28443189695474,1
2017,06,Alpes-Maritimes,FR_06,43.833,7.094,14.144339803171132,10.01866440294284,18.98042091114884,198.3,0.0,0.6365000000000001,,,0.6365000000000001,modis,,,1,0,1,304.0,247.0,449.0,70.0,845.0,2.727,agreste_saa,4,1,160.10000000000002,15.039318996415773,80.3824193548387,3.0,23.96368279569892,93.04532258064516,0
2018,06,Alpes-Maritimes,FR_06,43.833,7.094,15.698844086021506,12.1669623655914,20.019341397849463,395.8,0.0,0.7774000000000001,0.8205792346322824,,0.8205792346322824,s2,47.0,11.321187,1,1,1,304.0,247.0,449.0,70.0,845.0,4.0,agreste_saa,1,1,350.29999999999995,14.62336917562724,80.98409370199693,53.4,23.723928571428573,91.31796466973886,0
2019,06,Alpes-Maritimes,FR_06,43.833,7.094,15.516149193548388,12.122137096774194,19.73934139784946,513.0,0.0,0.74885,0.7156141635494817,,0.7156141635494817,s2,47.0,11.302948,1,1,1,304.0,247.0,449.0,70.0,845.0,3.2,agreste_saa,1,1,145.9,13.457670250896058,76.26072580645162,42.49999999999999,23.918857526881723,88.21072580645162,0
2020,06,Alpes-Maritimes,FR_06,43.833,7.094,14.269119623655914,10.54497311827957,18.49731182795699,304.6,0.0,0.66415,0.7371095110368382,,0.7371095110368382,s2,52.0,8.38874725,1,1,1,304.0,247.0,449.0,70.0,845.0,4.0,agreste_saa,1,1,230.2,14.322965949820787,76.50752688172042,89.3,22.17576612903225,87.32043010752687,0
2021,06,Alpes-Maritimes,FR_06,43.833,7.094,13.376491935483871,9.603391577060933,17.703947132616488,858.5,0.0,0.77775,0.8330053642014498,,0.8330053642014498,s2,52.0,2.46078425,1,1,1,304.0,247.0,449.0,70.0,845.0,2.0,agreste_saa,1,1,554.3,12.002813620071684,70.84014336917562,204.4,22.208324372759854,80.42508960573477,0
2022,06,Alpes-Maritimes,FR_06,43.833,7.094,14.496975806451612,10.782267025089606,18.70195788530465,945.8,0.0,0.7681500000000001,0.3960363776820745,,0.3960363776820745,s2,78.0,11.1634755,1,1,1,304.0,247.0,449.0,70.0,845.0,2.1,agreste_saa,1,1,459.6,13.299927185249766,79.03873937212649,140.7,24.313296112489663,88.52637378072862,0
2023,06,Alpes-Maritimes,FR_06,43.833,7.094,14.299578853046594,10.55508064516129,18.61216845878136,734.0999999999999,0.0,0.7667,0.3453722402725305,,0.3453722402725305,s2,86.0,6.350777750000001,1,1,1,304.0,247.0,449.0,70.0,845.0,2.509,agreste_saa,1,1,634.3,13.187676224611709,74.21102150537635,328.6,22.738512544802862,85.04005376344087,0
2024,06,Alpes-Maritimes,FR_06,43.833,7.094,14.114596477082491,10.72110331565396,18.13399201146972,547.4,0.0,0.7553000000000001,0.3242101734251382,,0.3242101734251382,s2,43.0,7.386084249999999,1,1,1,304.0,247.0,449.0,70.0,845.0,2.957,agreste_saa,1,1,838.95,14.286362007168458,76.82401433691757,306.1,22.785421146953404,88.42992831541218,0
2010,07,Ardèche,FR_07,44.751,4.473,9.648791670967883,5.570470780438251,14.229662290645798,673.9,0.0,0.6385500000000001,,0.6385500000000001,0.6385500000000001,modis,,,1,0,1,216.0,419.0,365.0,63.0,698.0,3.972,agreste_saa,3,1,431.2,11.034759668930851,68.65744973849988,241.9,21.18756097560976,75.47940095801206,0
2011,07,Ardèche,FR_07,44.751,4.473,13.333828365799317,8.907124322029814,18.61757613841528,350.8,0.0,0.61875,,0.61875,0.61875,modis,,,1,0,1,216.0,419.0,365.0,63.0,698.0,3.0,agreste_saa,3,1,89.7,14.922924901185771,76.80494394494394,172.3,20.961562881562884,86.69190046668308,1
2012,07,Ardèche,FR_07,44.751,4.473,10.80278384334586,7.210410082204932,15.900765965697383,595.2,0.0,0.61045,,0.61045,0.61045,modis,,,1,0,1,216.0,419.0,365.0,63.0,698.0,3.6,agreste_saa,3,1,414.6,11.94557650204202,66.18470441043523,245.3,20.29486657303371,76.42646265219346,0
2013,07,Ardèche,FR_07,44.751,4.473,11.24609756097561,7.29469256015816,15.86946855630124,561.1,0.0,0.6739,,0.6739,0.6739,modis,,,1,0,1,216.0,419.0,365.0,63.0,698.0,3.989,agreste_saa,3,1,683.9,10.092231773957083,64.6672043451527,203.5,20.71451680672269,71.70572893531663,0
2014,07,Ardèche,FR_07,44.751,4.473,12.150831458551204,8.110189747696003,17.052170463032112,912.4,0.0,0.59875,,0.59875,0.59875,modis,,,1,0,1,216.0,419.0,365.0,63.0,698.0,2.986,agreste_saa,3,1,231.4,12.328751147842056,68.92908402203857,316.4,20.5714152892562,78.12908402203857,0
2015,07,Ardèche,FR_07,44.751,4.473,11.478886779382275,7.119588308371009,16.450613590263693,645.5,0.0,0.61755,,,0.61755,modis,,,1,0,1,216.0,419.0,365.0,63.0,698.0,2.781,agreste_saa,4,1,208.2,12.81374551971326,75.45469367907268,191.2,23.111567269643867,84.66437109842752,0
2016,07,Ardèche,FR_07,44.751,4.473,11.172298387096776,6.502967569414292,16.509818934789536,641.1,0.0,0.61585,,,0.61585,modis,,,1,0,1,216.0,419.0,365.0,63.0,698.0,3.779,agreste_saa,4,1,363.4,11.066980723839498,67.6766129032258,279.2,20.967916666666664,75.13677550485181,0
2017,07,Ardèche,FR_07,44.751,4.473,10.45013679421378,5.823378065574365,15.684388528301776,277.5,0.0,0.6007,,,0.6007,modis,,,1,0,1,216.0,419.0,365.0,63.0,698.0,3.885,agreste_saa,4,1,389.8,12.804175793410826,72.30278512886343,233.2,22.26909581646424,82.95071901316095,0
2018,07,Ardèche,FR_07,44.751,4.473,12.111738560510062,7.687986127039732,17.11597911497105,757.1,0.0,0.6737500000000001,0.667641827106314,,0.667641827106314,s2,28.0,12.499748749999998,1,1,1,216.0,419.0,365.0,63.0,698.0,3.8,agreste_saa,1,1,604.1,12.410351375954273,73.74325549227956,189.9,22.107713585434173,81.44648129873117,0
2019,07,Ardèche,FR_07,44.751,4.473,12.135554756435894,7.8645295810028015,16.952127495156308,758.9000000000001,0.0,0.6266,0.4333572409561382,,0.4333572409561382,s2,17.0,14.80694875,1,1,1,216.0,419.0,365.0,63.0,698.0,3.986,agreste_saa,1,1,301.2,11.699698861623505,70.89569409699364,205.7,22.74764516129032,80.59438690745115,0
2020,07,Ardèche,FR_07,44.751,4.473,11.472679176992898,7.0586294434316965,16.468819568231332,451.7,0.0,0.6070500000000001,0.5201530091486699,,0.5201530091486699,s2,19.0,3.530327,1,1,1,216.0,419.0,365.0,63.0,698.0,3.788,agreste_saa,1,1,253.6,13.19844426033324,73.55383398970238,268.3,21.52630942788074,82.6479516367612,0
2021,07,Ardèche,FR_07,44.751,4.473,10.789956989247312,6.428510752688172,15.889575268817204,738.5,0.0,0.6577000000000001,0.7118008711431094,,0.7118008711431094,s2,24.0,11.303982,1,1,1,216.0,419.0,365.0,63.0,698.0,4.188000000000001,agreste_saa,1,1,378.5,10.914494623655914,67.14316129032258,384.5,21.35564516129032,75.45477419354839,0
2022,07,Ardèche,FR_07,44.751,4.473,12.461591397849462,8.098994623655914,17.394913978494625,1153.3,0.0,0.6493,0.4930220210305095,,0.4930220210305095,s2,31.0,13.808068,1,1,1,216.0,419.0,365.0,63.0,698.0,4.470000000000001,agreste_saa,1,1,181.6,13.089118279569892,79.01608602150537,161.9,24.20339784946237,87.6741505376344,0
2023,07,Ardèche,FR_07,44.751,4.473,12.726150537634409,7.752806451612903,18.39911290322581,636.0,0.0,0.6960500000000001,0.3954979820286471,,0.3954979820286471,s2,42.0,1.83653925,1,1,1,216.0,419.0,365.0,63.0,698.0,4.456,agreste_saa,1,1,439.0,12.426114695340502,72.5878494623656,475.9,22.437655913978496,82.1536559139785,0
2024,07,Ardèche,FR_07,44.751,4.473,11.32055376344086,7.334209677419355,16.279263440860216,862.9,0.0,0.6796500000000001,0.3313785107324368,,0.3313785107324368,s2,26.0,17.156343,1,1,1,216.0,419.0,365.0,63.0,698.0,4.194,agreste_saa,1,1,815.9,12.39617204301075,69.76563440860215,389.9,21.39694623655914,79.98240860215053,0
2010,08,Ardennes,FR_08,49.608,4.661,7.005137792549508,3.717889725670046,10.513411337538912,0.0,0.0,0.29395,,0.29395,0.29395,modis,,,1,0,1,341.0,206.0,453.0,62.0,717.0,7.81,agreste_saa,3,1,0.0,9.162667877937864,58.27330156402737,0.0,18.33993157380254,64.16786678141867,1
2011,08,Ardennes,FR_08,49.608,4.661,9.947686143390188,6.115432853011967,14.27299580693568,0.0,0.0,0.5665,,0.5665,0.5665,modis,,,1,0,1,341.0,206.0,453.0,62.0,717.0,7.979999999999999,agreste_saa,3,1,0.0,11.412980604588896,59.48469266449759,0.0,16.164735890481726,66.56841359473015,1
2012,08,Ardennes,FR_08,49.608,4.661,8.616925005850426,4.778537174188834,12.628699606565798,196.2,0.0,0.73475,,0.73475,0.73475,modis,,,1,0,1,341.0,206.0,453.0,62.0,717.0,7.07,agreste_saa,3,1,19.3,9.914849376114082,54.06126039464412,189.9,16.133062015503874,62.01067215935,1
2013,08,Ardennes,FR_08,49.608,4.661,9.116287961206918,5.23013385126876,13.024331200390789,177.0,0.0,0.4745,,0.4745,0.4745,modis,,,1,0,1,341.0,206.0,453.0,62.0,717.0,7.87,agreste_saa,3,1,170.89999999999998,7.527813643683209,55.03814567075436,93.9,17.808034188034185,58.199509307118,0
2014,08,Ardennes,FR_08,49.608,4.661,9.744454009516572,5.871135435744811,13.74496167027417,168.8,0.0,0.5866,,0.5866,0.5866,modis,,,1,0,1,341.0,206.0,453.0,62.0,717.0,8.99,agreste_saa,3,1,65.19999999999999,10.29168333527582,58.292206909303424,134.9,17.402831325301204,65.68071265642986,1
2015,08,Ardennes,FR_08,49.608,4.661,10.139325177412305,5.904180745554036,14.15750423591187,153.2,0.0,0.7023,,,0.7023,modis,,,1,0,1,341.0,206.0,453.0,62.0,717.0,9.19,agreste_saa,4,1,66.7,9.342625830959165,58.27399209804871,26.7,18.103057302585604,64.2339920980487,1
2016,08,Ardennes,FR_08,49.608,4.661,8.259332646520146,3.6570386039590255,13.14046336996337,59.5,0.0,0.6646500000000001,,,0.6646500000000001,modis,,,1,0,1,341.0,206.0,453.0,62.0,717.0,5.55,agreste_saa,4,1,175.7,8.769452185624163,55.87715364973565,116.7,17.246423862887276,60.80120428264705,0
2017,08,Ardennes,FR_08,49.608,4.661,8.477053654964813,4.602718823528506,12.49564857123721,203.9,0.0,0.6882,,,0.6882,modis,,,1,0,1,341.0,206.0,453.0,62.0,717.0,7.9,agreste_saa,4,1,76.1,10.326036785473892,59.3522687512033,94.3,18.48126524390244,67.94064084422655,1
2018,08,Ardennes,FR_08,49.608,4.661,9.496316781383154,4.960029832092329,14.224119103248777,103.3,0.0,0.692,0.7298482274853767,,0.7298482274853767,s2,60.0,13.531890999999998,1,1,1,341.0,206.0,453.0,62.0,717.0,7.8,agreste_saa,1,1,95.9,10.910588363886198,67.01599730556129,55.6,19.681750253292805,72.09526559824421,1
2019,08,Ardennes,FR_08,49.608,4.661,9.640180680065548,6.104362009197988,13.292930960436566,190.2,0.0,0.7022,0.5824906904173397,,0.5824906904173397,s2,36.0,22.97249,1,1,1,341.0,206.0,453.0,62.0,717.0,8.3,agreste_saa,1,1,116.5,9.66661826773007,59.14149069715876,58.4,18.95628803245436,66.91243086809894,0
2020,08,Ardennes,FR_08,49.608,4.661,10.049268286143286,6.456867830634278,14.046017524142524,182.8,0.0,0.5891500000000001,0.3117864057870855,,0.3117864057870855,s2,52.0,4.0251265,1,1,1,341.0,206.0,453.0,62.0,717.0,8.4,agreste_saa,1,1,82.1,10.863327120223673,60.55121462730355,73.10000000000001,17.362944219523165,67.31586979971735,1
2021,08,Ardennes,FR_08,49.608,4.661,9.129831989247313,5.496404569892473,13.190705645161293,483.1,0.0,0.6797,0.4635559284780376,,0.4635559284780376,s2,51.0,9.4258665,1,1,1,341.0,206.0,453.0,62.0,717.0,7.9,agreste_saa,1,1,314.0,8.099775985663083,54.55575268817204,459.5,18.21329301075269,60.725913978494624,0
2022,08,Ardennes,FR_08,49.608,4.661,10.083548387096776,6.574139784946236,13.963125,616.7,0.0,0.5891,0.4006428930631802,,0.4006428930631802,s2,57.0,12.3024195,1,1,1,341.0,206.0,453.0,62.0,717.0,8.4,agreste_saa,1,1,186.2,10.6356541218638,62.04588112305855,241.8,18.75373357228196,69.41442951015532,0
2023,08,Ardennes,FR_08,49.608,4.661,11.139388440860214,7.713474462365592,14.95483870967742,720.8,0.0,0.6314,0.5741274415626001,,0.5741274415626001,s2,60.0,29.59658175,1,1,1,341.0,206.0,453.0,62.0,717.0,8.041,agreste_saa,1,1,479.3,9.936765232974912,60.61120967741935,292.20000000000005,19.09279569892473,67.9958870967742,0
2024,08,Ardennes,FR_08,49.608,4.661,9.271048387096776,6.229831989247312,12.54433025177026,728.0,0.0,0.7146,0.360784564873356,,0.360784564873356,s2,22.0,20.70948525,1,1,1,341.0,206.0,453.0,62.0,717.0,6.016,agreste_saa,1,1,568.5,10.962240143369174,58.803870967741936,319.0,17.239220430107526,67.36516129032258,0
2010,09,Ariège,FR_09,42.9765,1.5750000000000002,10.873634095021467,6.512591237172835,16.016584871919818,298.5,0.0,0.71055,,0.71055,0.71055,modis,,,1,0,1,249.0,375.0,376.0,64.0,711.0,5.3,agreste_saa,3,1,282.69999999999993,11.645328857838344,67.90116293785469,153.0,20.411082805825743,75.75815218516652,0
2011,09,Ariège,FR_09,42.9765,1.5750000000000002,13.405136528130516,8.669070109570773,18.872492304109244,217.5,0.0,0.7202500000000001,,0.7202500000000001,0.7202500000000001,modis,,,1,0,1,249.0,375.0,376.0,64.0,711.0,4.7,agreste_saa,3,1,177.9,13.93634961230869,69.85709496946441,225.2,18.86477936879018,79.53860757450644,0
2012,09,Ariège,FR_09,42.9765,1.5750000000000002,12.35079773487604,8.030291754469493,17.36849770807674,326.29999999999995,0.0,0.7343500000000001,,0.7343500000000001,0.7343500000000001,modis,,,1,0,1,249.0,375.0,376.0,64.0,711.0,5.7,agreste_saa,3,1,186.9,12.365665910577604,67.71526115595996,108.5,20.48270894788594,78.06241562750469,0
2013,09,Ariège,FR_09,42.9765,1.5750000000000002,12.02619819038305,7.91108017567053,16.79845270226849,359.1,0.0,0.75375,,0.75375,0.75375,modis,,,1,0,1,249.0,375.0,376.0,64.0,711.0,5.1,agreste_saa,3,1,317.3,10.510177388980011,63.40241265614631,196.9,20.23927357793647,72.00907932281298,0
2014,09,Ariège,FR_09,42.9765,1.5750000000000002,13.511210562240873,8.71601485698887,19.08074602799385,257.6,0.0,0.7307,,0.7307,0.7307,modis,,,1,0,1,249.0,375.0,376.0,64.0,711.0,5.096,agreste_saa,3,1,319.4,12.29494739504085,67.95734577685604,184.0,20.29512276360868,77.47508771233991,0
2015,09,Ariège,FR_09,42.9765,1.5750000000000002,12.479857083785868,7.658124715899707,18.120548228397205,288.4,0.0,0.6906000000000001,,,0.6906000000000001,modis,,,1,0,1,249.0,375.0,376.0,64.0,711.0,5.299,agreste_saa,4,1,227.5,13.099503500036084,73.8301912885135,121.4,22.133582329686494,83.56567515948123,0
2016,09,Ariège,FR_09,42.9765,1.5750000000000002,12.51107710033271,7.6431008313203375,18.2696831681522,205.6,0.0,0.7225,,,0.7225,modis,,,1,0,1,249.0,375.0,376.0,64.0,711.0,5.497,agreste_saa,4,1,278.3,11.66178721812521,67.01400537907199,95.2,20.273532388663966,75.53242643170356,0
2017,09,Ariège,FR_09,42.9765,1.5750000000000002,11.301540431560593,6.774064024390244,16.68317742292522,355.8,0.0,0.7307,,,0.7307,modis,,,1,0,1,249.0,375.0,376.0,64.0,711.0,4.8,agreste_saa,4,1,203.8,13.175353817822186,71.60567073307584,117.7,21.343376068376067,82.2128135902187,0
2018,09,Ariège,FR_09,42.9765,1.5750000000000002,13.154104123536122,8.72391318243126,18.220471689648985,275.2,0.0,0.7816000000000001,0.9158492320213824,,0.9158492320213824,s2,43.0,7.605773,1,1,1,249.0,375.0,376.0,64.0,711.0,4.0,agreste_saa,1,1,362.2,12.4021227289581,71.55608627344724,216.40000000000003,21.465181623931624,80.13673143473756,0
2019,09,Ariège,FR_09,42.9765,1.5750000000000002,12.905090321980392,8.301502927241325,18.15497860361395,403.3,0.0,0.73925,0.8652249594421213,,0.8652249594421213,s2,40.0,18.5933105,1,1,1,249.0,375.0,376.0,64.0,711.0,5.699,agreste_saa,1,1,244.4,11.870468677732667,69.01431038690882,115.7,21.76963399503722,79.15067402327244,0
2020,09,Ariège,FR_09,42.9765,1.5750000000000002,12.353431451612904,7.575813339776754,17.68406004930395,451.7,0.0,0.7697,0.8826276385950079,,0.8826276385950079,s2,31.0,6.668798499999999,1,1,1,249.0,375.0,376.0,64.0,711.0,3.495,agreste_saa,1,1,366.3,13.761813080794049,72.65184118861717,133.2,20.57260775277853,82.43065474793922,0
2021,09,Ariège,FR_09,42.9765,1.5750000000000002,11.718297491039426,7.2353987455197135,17.16236111111111,822.45,0.0,0.7585,0.6824908332867481,,0.6824908332867481,s2,36.0,11.57878925,1,1,1,249.0,375.0,376.0,64.0,711.0,5.0,agreste_saa,1,1,437.7,11.435454002389486,66.10655913978495,531.3,20.515421146953408,75.33720430107527,0
2022,09,Ariège,FR_09,42.9765,1.5750000000000002,13.708454301075268,8.840165770609318,19.250416666666663,778.0,0.0,0.7072499999999999,0.4697267398224106,,0.4697267398224106,s2,54.0,13.130043,1,1,1,249.0,375.0,376.0,64.0,711.0,4.6,agreste_saa,1,1,696.1,13.102772934224546,76.05399980625788,339.6,23.165851254480287,85.64002131163421,0
2023,09,Ariège,FR_09,42.9765,1.5750000000000002,13.698897849462366,8.399247311827956,19.680806451612906,875.6,0.0,0.694,0.4792952532622476,,0.4792952532622476,s2,72.0,2.80615375,1,1,1,249.0,375.0,376.0,64.0,711.0,4.54,agreste_saa,1,1,786.8,12.67016129032258,70.78598566308244,674.5,21.561944444444443,81.13437275985663,0
2024,09,Ariège,FR_09,42.9765,1.5750000000000002,12.261368716563378,8.129190933047301,17.171538581227818,1017.4,0.0,0.7949,0.6166661715870442,,0.6166661715870442,s2,18.0,9.95728025,1,1,1,249.0,375.0,376.0,64.0,711.0,5.3,agreste_saa,1,1,1376.5,12.406344086021504,68.8191577060932,482.2000000000001,21.04307347670251,79.30517921146954,0
2010,10,Aube,FR_10,48.3,4.185,7.983411971448732,4.353189366400288,11.680884107217963,151.5,0.0,0.2654999999999999,,0.2654999999999999,0.2654999999999999,modis,,,1,0,1,337.0,157.0,506.0,70.0,362.0,7.76,agreste_saa,3,1,84.9,10.191620303401209,62.80204227451022,52.6,19.511846496106784,69.5985539024172,1
2011,10,Aube,FR_10,48.3,4.185,11.130156337161214,6.80320762508484,15.818441342009807,116.9,0.0,0.5,,0.5,0.5,modis,,,1,0,1,337.0,157.0,506.0,70.0,362.0,7.459999999999999,agreste_saa,3,1,34.6,12.782645102180092,65.3151504723656,77.3,17.709151061173536,73.76623742888735,1
2012,10,Aube,FR_10,48.3,4.185,9.692174057713274,5.799018730861404,13.794103994696668,133.1,0.0,0.3563,,0.3563,0.3563,modis,,,1,0,1,337.0,157.0,506.0,70.0,362.0,7.55,agreste_saa,3,1,107.0,10.955460323574732,58.94992329047341,91.7,17.60086206896552,68.06810510865523,1
2013,10,Aube,FR_10,48.3,4.185,9.89588816341797,6.133564131642711,13.689523796388244,125.9,0.0,0.4954,,0.4954,0.4954,modis,,,1,0,1,337.0,157.0,506.0,70.0,362.0,7.687,agreste_saa,3,1,169.1,8.698903162797686,59.81441045059353,47.3,19.140615186982583,64.37793986235823,0
2014,10,Aube,FR_10,48.3,4.185,10.89012520576253,6.725401762715974,14.964988315503604,71.9,0.0,0.4909,,0.4909,0.4909,modis,,,1,0,1,337.0,157.0,506.0,70.0,362.0,8.3,agreste_saa,3,1,11.1,10.952517796817212,62.72516595340954,40.1,18.892070744288876,70.64169487902939,1
2015,10,Aube,FR_10,48.3,4.185,10.590018949409483,6.3873831519787405,14.722650919342096,97.2,0.0,0.5546,,,0.5546,modis,,,1,0,1,337.0,157.0,506.0,70.0,362.0,8.870000000000001,agreste_saa,4,1,46.1,10.489395624768262,64.63134168544346,2.4000000000000004,19.951335470085468,71.37085781447573,1
2016,10,Aube,FR_10,48.3,4.185,9.186505376344083,4.845823180699231,13.720778234290329,65.7,0.0,0.3813499999999999,,,0.3813499999999999,modis,,,1,0,1,337.0,157.0,506.0,70.0,362.0,4.63,agreste_saa,4,1,51.4,9.53452250774558,59.61074426490114,45.7,18.378588370832205,65.36074426490114,1
2017,10,Aube,FR_10,48.3,4.185,9.460381652661065,5.580850606073712,13.455687014120931,66.4,0.0,0.32885,,,0.32885,modis,,,1,0,1,337.0,157.0,506.0,70.0,362.0,7.55,agreste_saa,4,1,45.3,11.308350666901696,64.50824128138015,114.1,19.97667528549881,73.87840257170272,1
2018,10,Aube,FR_10,48.3,4.185,10.64025492652099,5.916372772523335,15.527154276557262,78.2,0.0,0.3202,0.3376543311281392,,0.3376543311281392,s2,35.0,12.0489875,1,1,1,337.0,157.0,506.0,70.0,362.0,7.8,agreste_saa,1,1,164.7,11.754484881904238,70.9046912048525,16.799999999999997,20.951666666666668,77.16678797904605,0
2019,10,Aube,FR_10,48.3,4.185,10.587441908146529,6.830559927426935,14.451210461888213,88.1,0.0,0.51675,0.2550869949867296,,0.2550869949867296,s2,19.0,4.6575585,1,1,1,337.0,157.0,506.0,70.0,362.0,8.2,agreste_saa,1,1,83.69999999999999,10.378607314942762,64.10231770127406,26.6,20.65967064245053,72.45516322972934,1
2020,10,Aube,FR_10,48.3,4.185,10.789002613240418,6.354797171254504,15.093950786571256,78.5,0.0,0.3873,0.3617728531855955,,0.3617728531855955,s2,26.0,8.758233,1,1,1,337.0,157.0,506.0,70.0,362.0,8.449,agreste_saa,1,1,56.2,12.032797031902604,65.6949193548387,11.9,18.73834677419355,73.57508464409491,1
2021,10,Aube,FR_10,48.3,4.185,9.678689516129031,5.3916263440860215,14.065719086021506,126.8,0.0,0.62155,0.6862100853221031,,0.6862100853221031,s2,24.0,2.32284725,1,1,1,337.0,157.0,506.0,70.0,362.0,7.9,agreste_saa,1,1,23.7,9.05478494623656,57.78448924731183,89.69999999999999,18.807244623655915,64.77884408602151,1
2022,10,Aube,FR_10,48.3,4.185,10.99121639784946,6.667755376344086,15.100920698924732,625.1,0.0,0.3903,0.3392233408670639,,0.3392233408670639,s2,31.0,6.3512445,1,1,1,337.0,157.0,506.0,70.0,362.0,8.1,agreste_saa,1,1,34.5,11.647285383337705,67.41473249409913,217.1,20.42353494623656,75.78892604248622,1
2023,10,Aube,FR_10,48.3,4.185,12.04157258064516,7.608884408602151,16.45522177419355,703.5,0.0,0.42755,0.3793284922308113,,0.3793284922308113,s2,32.0,13.970282999999998,1,1,1,337.0,157.0,506.0,70.0,362.0,7.898999999999999,agreste_saa,1,1,408.5,10.776505376344083,64.71706989247312,290.6,20.297002688172043,72.92352150537634,0
2024,10,Aube,FR_10,48.3,4.185,10.27442876344086,6.552083005507474,13.772412142669811,635.6,0.0,0.61265,0.4274597445664547,,0.4274597445664547,s2,18.0,14.807602,1,1,1,337.0,157.0,506.0,70.0,362.0,6.3,agreste_saa,1,1,716.5999999999999,11.637840501792114,62.76327956989248,352.4,18.59947580645161,72.11247311827957,0
2010,11,Aude,FR_11,43.141,2.297,12.848357833137388,9.186576424145375,16.72015704224923,221.00000000000003,0.0,0.47675,,0.47675,0.47675,modis,,,1,0,1,303.0,235.0,462.0,72.0,505.0,4.843999999999999,agreste_saa,3,1,227.1,13.077837321649254,75.46215293750177,31.9,22.621929181929183,84.47737032880613,0
2011,11,Aude,FR_11,43.141,2.297,15.796621863799285,12.243486921189362,19.825375170483657,472.4,0.0,0.50405,,0.50405,0.50405,modis,,,1,0,1,303.0,235.0,462.0,72.0,505.0,4.5,agreste_saa,3,1,227.6,15.23228812821183,76.41696522012958,66.19999999999999,20.928589743589743,87.55404387181497,0
2012,11,Aude,FR_11,43.141,2.297,14.2173207619675,10.972570711124082,17.905830779707184,229.4,0.0,0.497,,0.497,0.497,modis,,,1,0,1,303.0,235.0,462.0,72.0,505.0,5.7,agreste_saa,3,1,157.6,14.093523720349564,74.71110663628295,19.700000000000003,22.29860107095047,86.87777330294962,0
2013,11,Aude,FR_11,43.141,2.297,14.04591133105246,10.751624977019947,17.817058093574776,184.8,0.0,0.46575,,0.46575,0.46575,modis,,,1,0,1,303.0,235.0,462.0,72.0,505.0,5.8,agreste_saa,3,1,243.4,12.364053135560022,70.76305464943015,59.8,21.87578853046595,80.84373646761196,0
2014,11,Aude,FR_11,43.141,2.297,15.505031638299975,12.044760785447169,19.713358087463284,407.1,0.0,0.397,,0.397,0.397,modis,,,1,0,1,303.0,235.0,462.0,72.0,505.0,6.0,agreste_saa,3,1,85.89999999999999,14.295355164548711,75.74394236482472,66.5,22.140228758169933,87.16652300998601,1
2015,11,Aude,FR_11,43.141,2.297,14.696341965926264,10.825591444157336,19.04658627619868,97.4,0.0,0.3799,,,0.3799,modis,,,1,0,1,303.0,235.0,462.0,72.0,505.0,5.2,agreste_saa,4,1,194.5,14.490334662317265,79.74954693729612,57.6,23.917228464419477,91.30546091579076,0
2016,11,Aude,FR_11,43.141,2.297,15.031865452776238,11.10142375511282,19.305986646635432,149.3,0.0,0.5262,,,0.5262,modis,,,1,0,1,303.0,235.0,462.0,72.0,505.0,5.3,agreste_saa,4,1,106.3,13.054610352798102,74.12513752970077,23.3,22.53944444444444,84.24271994728319,1
2017,11,Aude,FR_11,43.141,2.297,13.504796438154033,10.031227936550518,17.634600079519434,104.7,0.0,0.44515,,,0.44515,modis,,,1,0,1,303.0,235.0,462.0,72.0,505.0,5.3,agreste_saa,4,1,111.3,14.925297576836806,78.58540519385353,50.4,23.243465909090908,91.26282454869224,0
2018,11,Aude,FR_11,43.141,2.297,15.407240673507673,11.86575068077084,19.390989386957127,474.9,0.0,0.5881500000000001,0.5136209951630669,,0.5136209951630669,s2,37.0,8.33663375,1,1,1,303.0,235.0,462.0,72.0,505.0,4.2,agreste_saa,1,1,227.6,13.857089927912693,78.42635860173012,44.8,23.487759462759463,88.54678870925699,0
2019,11,Aude,FR_11,43.141,2.297,14.935420442189198,11.297401734738692,19.04584768309996,287.3,0.0,0.5927,0.3101060815618854,,0.3101060815618854,s2,32.0,20.8259415,1,1,1,303.0,235.0,462.0,72.0,505.0,5.5,agreste_saa,1,1,145.79999999999998,13.76148875383097,75.15376344086022,63.1,23.01399641577061,87.31245909303414,0
2020,11,Aude,FR_11,43.141,2.297,13.949991039426523,10.03695502734325,18.08481822550418,145.2,0.0,0.6190500000000001,0.603401623502126,,0.603401623502126,s2,27.0,4.180887,1,1,1,303.0,235.0,462.0,72.0,505.0,4.987,agreste_saa,1,1,332.79999999999995,14.672163010227528,77.44141577060932,27.4,22.25916666666667,88.53482236401592,0
2021,11,Aude,FR_11,43.141,2.297,14.22625448028674,10.90997311827957,18.18818100358423,386.0,0.0,0.5747,0.5506445321312413,,0.5506445321312413,s2,28.0,14.628995500000002,1,1,1,303.0,235.0,462.0,72.0,505.0,4.691,agreste_saa,1,1,75.6,13.388351254480286,75.28505376344086,65.6,23.15516129032258,86.47537634408602,1
2022,11,Aude,FR_11,43.141,2.297,15.977867383512544,12.421586021505377,20.084883512544803,188.3,0.0,0.4761999999999999,0.2420496227483147,,0.2420496227483147,s2,50.0,13.326212,1,1,1,303.0,235.0,462.0,72.0,505.0,3.795,agreste_saa,1,1,196.8,14.68063321385902,82.85286738351255,31.4,24.86516129032258,93.77222222222224,0
2023,11,Aude,FR_11,43.141,2.297,15.819274193548388,11.821648745519711,20.48198924731183,159.5,0.0,0.5001,0.2674196466581524,,0.2674196466581524,s2,66.0,5.5325785,1,1,1,303.0,235.0,462.0,72.0,505.0,4.694,agreste_saa,1,1,172.4,14.721541218637991,80.06086021505376,117.79999999999998,23.947043010752687,92.05870967741936,0
2024,11,Aude,FR_11,43.141,2.297,14.684722222222224,11.411853630542469,18.553600741009223,449.1,0.0,0.5604,0.2618427223323633,,0.2618427223323633,s2,18.0,10.8767575,1,1,1,303.0,235.0,462.0,72.0,505.0,4.792,agreste_saa,1,1,316.9,14.534970131421744,76.17111111111112,48.5,22.773960573476703,89.15283154121863,0
2010,12,Aveyron,FR_12,44.309,2.622,8.077671376077832,3.997654909677256,12.528704390847247,256.90000000000003,0.0,0.6963,,0.6963,0.6963,modis,,,1,0,1,296.0,289.0,415.0,69.0,515.0,5.0,agreste_saa,3,1,155.2,9.29352745500114,59.96441492560152,71.3,18.64321498159775,65.16701232819892,0
2011,12,Aveyron,FR_12,44.309,2.622,11.486820253081564,7.28204632715155,16.38781636785521,216.1,0.0,0.6345000000000001,,0.6345000000000001,0.6345000000000001,modis,,,1,0,1,296.0,289.0,415.0,69.0,515.0,4.3,agreste_saa,3,1,58.8,11.933243708757589,62.32857064458419,101.2,16.922402952433025,69.64453703113881,1
2012,12,Aveyron,FR_12,44.309,2.622,9.828337320181875,6.0593609700801485,14.103401893974372,112.0,0.0,0.5960000000000001,,0.5960000000000001,0.5960000000000001,modis,,,1,0,1,296.0,289.0,415.0,69.0,515.0,5.35,agreste_saa,3,1,175.0,10.258400295592343,58.22410926884331,74.5,18.167546296296297,67.11029347936963,0
2013,12,Aveyron,FR_12,44.309,2.622,9.648876949788074,5.828983644360807,14.214084606196336,160.6,0.0,0.6466000000000001,,0.6466000000000001,0.6466000000000001,modis,,,1,0,1,296.0,289.0,415.0,69.0,515.0,4.5,agreste_saa,3,1,288.5,8.193370611491417,55.146219573166704,75.9,18.265221701514054,61.11055523750237,0
2014,12,Aveyron,FR_12,44.309,2.622,10.952147956778417,6.815985231159634,15.714286314967172,281.4,0.0,0.5922499999999999,,0.5922499999999999,0.5922499999999999,modis,,,1,0,1,296.0,289.0,415.0,69.0,515.0,4.597,agreste_saa,3,1,134.8,9.996743883957564,58.514952594013,163.2,17.93365079365079,65.85753323917429,0
2015,12,Aveyron,FR_12,44.309,2.622,9.9024327488266,5.40950102239717,15.195687912909229,60.8,0.0,0.6369500000000001,,,0.6369500000000001,modis,,,1,0,1,296.0,289.0,415.0,69.0,515.0,4.892,agreste_saa,4,1,137.2,10.836330491792678,66.25728022010381,40.0,20.595059405042623,73.69911028546328,0
2016,12,Aveyron,FR_12,44.309,2.622,10.149035725555288,5.616169950738916,15.321291865354732,188.8,0.0,0.6743000000000001,,,0.6743000000000001,modis,,,1,0,1,296.0,289.0,415.0,69.0,515.0,4.898,agreste_saa,4,1,179.8,8.991315545186941,57.48788635868494,105.70000000000002,18.04183828261469,63.05762320079021,0
2017,12,Aveyron,FR_12,44.309,2.622,8.390575414123802,4.183738880167452,13.353262536075036,153.1,0.0,0.71335,,,0.71335,modis,,,1,0,1,296.0,289.0,415.0,69.0,515.0,4.698,agreste_saa,4,1,154.7,10.967415138098252,63.3757148172854,67.8,19.57834760472113,72.05894062373702,0
2018,12,Aveyron,FR_12,44.309,2.622,11.08930526909221,6.822201497699943,15.931503564428828,191.2,0.0,0.6273500000000001,0.4704142810323242,,0.4704142810323242,s2,35.0,13.5702685,1,1,1,296.0,289.0,415.0,69.0,515.0,4.001,agreste_saa,1,1,272.2,10.229346000883782,64.50648866798765,83.69999999999999,19.79019307460364,70.26842415185862,0
2019,12,Aveyron,FR_12,44.309,2.622,10.450516842239912,6.750128697809878,14.947251005871433,385.3,0.0,0.6341000000000001,0.4967989756722151,,0.4967989756722151,s2,19.0,11.4774235,1,1,1,296.0,289.0,415.0,69.0,515.0,5.097,agreste_saa,1,1,134.89999999999998,9.24307300509338,60.92245161290323,71.5,20.35977419354839,68.44876740237692,0
2020,12,Aveyron,FR_12,44.309,2.622,9.880320246304118,5.93853849882226,14.47543135977788,242.8,0.0,0.601,0.2960672652528852,,0.2960672652528852,s2,26.0,12.955212,1,1,1,296.0,289.0,415.0,69.0,515.0,4.496,agreste_saa,1,1,165.1,11.587413568036084,64.7762891965047,103.3,18.66364676275452,72.08953422961729,0
2021,12,Aveyron,FR_12,44.309,2.622,9.651967741935485,5.414860215053763,14.835521505376343,265.7,0.0,0.5182,0.272610819913633,,0.272610819913633,s2,28.0,9.28970725,1,1,1,296.0,289.0,415.0,69.0,515.0,4.797,agreste_saa,1,1,147.7,9.026774193548388,57.05683870967742,136.9,18.40567741935484,63.89167741935484,0
2022,12,Aveyron,FR_12,44.309,2.622,11.586193548387095,7.197344086021505,16.56348387096774,342.5,0.0,0.53685,0.1534420049789432,,0.1534420049789432,s2,46.0,11.91154475,1,1,1,296.0,289.0,415.0,69.0,515.0,3.597,agreste_saa,1,1,252.2,11.298774193548388,69.30580645161291,133.5,21.58538709677419,77.06709677419354,0
2023,12,Aveyron,FR_12,44.309,2.622,11.524225806451613,6.938370967741935,16.797913978494623,346.4,0.0,0.67035,0.4071434551010298,,0.4071434551010298,s2,54.0,4.395122,1,1,1,296.0,289.0,415.0,69.0,515.0,4.59,agreste_saa,1,1,404.0,10.405562724014336,62.97978494623656,375.6,19.76412903225806,70.74494623655914,0
2024,12,Aveyron,FR_12,44.309,2.622,10.310612903225808,6.515881720430107,15.22784946236559,605.7,0.0,0.7193,0.5428664921465968,,0.5428664921465968,s2,22.0,5.977182,1,1,1,296.0,289.0,415.0,69.0,515.0,4.096,agreste_saa,1,1,648.8,10.292652329749105,60.56531182795699,211.8,19.03303225806452,68.94402150537634,0
2010,13,Bouches-du-Rhône,FR_13,43.5485,5.2385,11.746172896783316,7.465836765226496,16.4933120876079,234.1,0.0,0.42125,,0.42125,0.42125,modis,,,1,0,1,236.0,337.0,428.0,77.0,410.0,4.2,agreste_saa,3,1,127.4,13.117416596579758,76.19290019624334,57.8,22.987398373983737,85.32704653770676,0
2011,13,Bouches-du-Rhône,FR_13,43.5485,5.2385,14.165033599792958,9.491312455791832,19.689570648924573,215.1,0.0,0.3664,,0.3664,0.3664,modis,,,1,0,1,236.0,337.0,428.0,77.0,410.0,3.9,agreste_saa,3,1,64.2,14.967745773353998,76.90821024682177,181.1,21.09298233114848,87.08920198235894,1
2012,13,Bouches-du-Rhône,FR_13,43.5485,5.2385,13.869449755408572,9.615983296980724,18.67141616122273,255.3,0.0,0.45,,0.45,0.45,modis,,,1,0,1,236.0,337.0,428.0,77.0,410.0,5.1,agreste_saa,3,1,135.4,14.527302255824798,78.29862021293178,25.5,23.44476023150062,90.47142723047564,0
2013,13,Bouches-du-Rhône,FR_13,43.5485,5.2385,13.798481330039518,9.449754470646909,18.69516101453405,246.3,0.0,0.56625,,0.56625,0.56625,modis,,,1,0,1,236.0,337.0,428.0,77.0,410.0,4.008,agreste_saa,3,1,186.0,12.519782164128062,73.95392425267792,56.89999999999999,23.016801075268816,83.59294864292181,0
2014,13,Bouches-du-Rhône,FR_13,43.5485,5.2385,14.879109903615191,10.67011671219636,19.94343373931869,286.29999999999995,0.0,0.4643,,0.4643,0.4643,modis,,,1,0,1,236.0,337.0,428.0,77.0,410.0,3.303,agreste_saa,3,1,38.1,14.495404770732913,78.22246922039064,49.4,22.86974035732176,89.22569502684226,1
2015,13,Bouches-du-Rhône,FR_13,43.5485,5.2385,13.922196885428251,9.231882105631817,19.040992668491068,134.0,0.0,0.51545,,,0.51545,modis,,,1,0,1,236.0,337.0,428.0,77.0,410.0,4.042,agreste_saa,4,1,106.6,14.411428237494157,82.12586188482354,84.4,24.90586923133182,93.0460231751461,1
2016,13,Bouches-du-Rhône,FR_13,43.5485,5.2385,13.710246658398788,8.492615547223823,19.447219961835568,171.7,0.0,0.3904499999999999,,,0.3904499999999999,modis,,,1,0,1,236.0,337.0,428.0,77.0,410.0,3.91,agreste_saa,4,1,83.9,13.57485483864344,77.70218959607523,4.2,23.5172678246253,87.75910016518091,1
2017,13,Bouches-du-Rhône,FR_13,43.5485,5.2385,12.752768817204302,7.820386247732768,18.21744489219764,73.1,0.0,0.2957999999999999,,,0.2957999999999999,modis,,,1,0,1,236.0,337.0,428.0,77.0,410.0,3.7,agreste_saa,4,1,157.6,14.6267198448365,80.72454125493961,17.6,24.5584811827957,92.9971219001009,0
2018,13,Bouches-du-Rhône,FR_13,43.5485,5.2385,14.574145521898767,10.067235772357725,19.64103150406504,437.6,0.0,0.5424,0.508044876009996,,0.508044876009996,s2,57.0,9.20863675,1,1,1,236.0,337.0,428.0,77.0,410.0,3.804,agreste_saa,1,1,174.5,14.631559912688084,82.5919646843008,41.7,24.555094086021505,93.00486791010728,0
2019,13,Bouches-du-Rhône,FR_13,43.5485,5.2385,14.635987903225807,10.130106487147868,19.627551716998216,541.3,0.0,0.58345,0.587948329443204,,0.587948329443204,s2,68.0,10.09223575,1,1,1,236.0,337.0,428.0,77.0,410.0,3.4,agreste_saa,1,1,65.10000000000001,13.900083581819825,79.31793891750249,14.5,24.66690860215054,91.03406794976055,1
2020,13,Bouches-du-Rhône,FR_13,43.5485,5.2385,13.39012907669066,8.32696075390454,18.683584704353205,244.3,0.0,0.5696,0.6928871078266166,,0.6928871078266166,s2,63.0,10.5001315,1,1,1,236.0,337.0,428.0,77.0,410.0,3.56,agreste_saa,1,1,123.5,14.57877282903264,79.53802580417108,37.8,23.353353658536584,90.44302580417109,0
2021,13,Bouches-du-Rhône,FR_13,43.5485,5.2385,13.4682311827957,9.03989247311828,18.337672043010752,1059.9,0.0,0.4847,0.5322597423172396,,0.5322597423172396,s2,72.0,5.52069275,1,1,1,236.0,337.0,428.0,77.0,410.0,4.024,agreste_saa,1,1,461.6,13.017455197132618,76.47847311827957,104.2,23.90821505376344,86.86879569892474,0
2022,13,Bouches-du-Rhône,FR_13,43.5485,5.2385,15.493317204301077,11.420263440860216,20.14636559139785,1166.4,0.0,0.448,0.2772897275974324,,0.2772897275974324,s2,87.0,11.9692945,1,1,1,236.0,337.0,428.0,77.0,410.0,3.08,agreste_saa,1,1,161.0,14.858998929386026,85.82377098170646,60.6,26.06596774193548,96.70893227202905,0
2023,13,Bouches-du-Rhône,FR_13,43.5485,5.2385,15.230473118279573,10.721623655913978,20.3024623655914,629.9,0.0,0.4101,0.254283137962128,,0.254283137962128,s2,119.0,3.1460665,1,1,1,236.0,337.0,428.0,77.0,410.0,2.62,agreste_saa,1,1,291.2,14.773440860215056,82.7060430107527,277.2,25.018344086021507,94.35701075268818,0
2024,13,Bouches-du-Rhône,FR_13,43.5485,5.2385,14.092698206779762,9.973436174058795,18.983276044008687,696.1,0.0,0.55625,0.3570618123753351,,0.3570618123753351,s2,56.0,4.049658,1,1,1,236.0,337.0,428.0,77.0,410.0,4.572,agreste_saa,1,1,524.05,14.751254480286738,79.26993548387097,251.5,23.732602150537637,91.71896774193549,0
2010,14,Calvados,FR_14,49.173,-0.3435,8.950955686380222,6.191897010376477,11.694990943582267,281.1,0.0,,,,,none,,,0,0,0,268.0,242.0,490.0,62.0,539.0,8.068000000000001,agreste_saa,6,1,81.8,9.322343422166805,54.8171530908901,82.89999999999999,16.901094470046083,61.76921920659258,1
2011,14,Calvados,FR_14,49.173,-0.3435,12.079038978494625,9.209316068320891,15.204916361038055,202.0,0.0,,,,,none,,,0,0,0,268.0,242.0,490.0,62.0,539.0,7.691,agreste_saa,6,1,40.6,11.360434174989008,56.98212087504635,163.9,15.472540322580643,65.02638317012831,1
2012,14,Calvados,FR_14,49.173,-0.3435,10.399861070479536,7.729398860023133,13.15638641777931,303.5,0.0,,,,,none,,,0,0,0,268.0,242.0,490.0,62.0,539.0,7.895999999999999,agreste_saa,6,1,158.2,9.787468530082268,52.326683233507495,113.1,15.825359160613395,61.0131239114736,0
2013,14,Calvados,FR_14,49.173,-0.3435,11.08918682795699,8.461040244203009,13.849178285819493,227.9,0.0,,,,,none,,,0,0,0,268.0,242.0,490.0,62.0,539.0,8.285,agreste_saa,6,1,115.1,7.857967098612259,51.26707776029373,54.0,16.26923780487805,56.11237690559288,0
2014,14,Calvados,FR_14,49.173,-0.3435,11.761222963979607,8.82266061923051,14.878519859170895,122.6,0.0,,,,,none,,,0,0,0,268.0,242.0,490.0,62.0,539.0,8.193999999999999,agreste_saa,6,1,107.1,10.600370881490424,56.74128714985713,57.900000000000006,16.77411951075744,65.34935166598616,1
2015,14,Calvados,FR_14,49.173,-0.3435,11.75155666605312,8.658884981357408,14.789122887330608,158.0,0.0,,,,,none,,,0,0,0,268.0,242.0,490.0,62.0,539.0,8.588,agreste_saa,6,1,74.9,10.078806269363952,55.55680066637694,76.4,16.378739316239315,62.993897440570485,1
2016,14,Calvados,FR_14,49.173,-0.3435,10.655319288951086,7.423927474479335,13.938314644238469,123.9,0.0,,,,,none,,,0,0,0,268.0,242.0,490.0,62.0,539.0,6.371,agreste_saa,6,1,156.2,9.353793578613752,54.15008130081301,75.4,16.258333333333333,60.57804740250792,0
2017,14,Calvados,FR_14,49.173,-0.3435,10.980971248246844,8.019493058092802,13.705010415807276,231.8,0.0,,,,,none,,,0,0,0,268.0,242.0,490.0,62.0,539.0,8.198,agreste_saa,6,1,118.7,11.071862050878574,58.96870313656605,66.4,17.745510104868394,68.7066063623725,0
2018,14,Calvados,FR_14,49.173,-0.3435,11.173772394569456,8.082967098129574,14.45056553266468,202.9,0.0,,0.3336001158964857,,0.3336001158964857,s2,37.0,8.032392,0,1,1,268.0,242.0,490.0,62.0,539.0,7.198,agreste_saa,2,1,192.2,10.521189120809614,61.27165602654402,31.3,18.01372175141243,67.59101086525371,0
2019,14,Calvados,FR_14,49.173,-0.3435,10.913156836536018,8.271212125399984,13.743965644860486,273.7,0.0,,0.4062645121925825,,0.4062645121925825,s2,26.0,23.4159915,0,1,1,268.0,242.0,490.0,62.0,539.0,8.697,agreste_saa,2,1,115.8,10.329602019407291,57.4696483190187,100.4,17.68473007348785,66.35826620519757,0
2020,14,Calvados,FR_14,49.173,-0.3435,11.328633422024213,8.027225503770033,14.373434844044066,212.0,0.0,,0.3333289934641569,,0.3333289934641569,s2,23.0,16.134371,0,1,1,268.0,242.0,490.0,62.0,539.0,7.69,agreste_saa,2,1,100.0,11.174061930783244,58.8689247311828,57.3,16.50779569892473,66.5377771901992,1
2021,14,Calvados,FR_14,49.173,-0.3435,11.55684946236559,8.704881720430107,14.495645161290325,568.7,0.0,,0.358387298043367,,0.358387298043367,s2,24.0,22.9806035,0,1,1,268.0,242.0,490.0,62.0,539.0,7.698,agreste_saa,2,1,326.7,8.925204301075269,52.69064516129032,454.5,16.868483870967744,60.51258064516129,0
2022,14,Calvados,FR_14,49.173,-0.3435,11.732623655913978,9.06366129032258,14.674731182795698,1009.4,0.0,,0.0960244648318042,,0.0960244648318042,s2,17.0,17.809129,0,1,1,268.0,242.0,490.0,62.0,539.0,8.596,agreste_saa,2,1,235.9,11.127293115486664,60.19925569054601,199.0,18.13997849462365,69.6618363357073,0
2023,14,Calvados,FR_14,49.173,-0.3435,12.83766129032258,10.159725806451611,15.89910752688172,850.5999999999999,0.0,,0.257706187512183,,0.257706187512183,s2,37.0,13.23073875,0,1,1,268.0,242.0,490.0,62.0,539.0,7.998,agreste_saa,2,1,557.6,10.458394265232975,58.02698924731183,512.3,17.711709677419357,66.79860215053763,0
2024,14,Calvados,FR_14,49.173,-0.3435,11.32222037076598,8.882498879928315,13.950917338709678,944.1,0.0,,0.2108424767864068,,0.2108424767864068,s2,9.0,15.670908,0,1,1,268.0,242.0,490.0,62.0,539.0,7.696,agreste_saa,2,1,606.2,11.150093189964158,57.384021505376346,250.5,16.428483870967742,66.30724731182795,0
2010,15,Cantal,FR_15,45.05,2.5775,7.910478848690409,3.8154281684125344,12.27625826102594,0.0,0.0,0.62015,,0.62015,0.62015,modis,,,1,0,1,290.0,390.0,320.0,58.0,1366.0,5.8,agreste_saa,3,1,0.0,9.112339607366929,58.5571624850657,0.0,18.17728494623656,63.6915887145739,1
2011,15,Cantal,FR_15,45.05,2.5775,11.31233870967742,6.968710604375231,15.908990545050056,0.0,0.0,0.6486000000000001,,0.6486000000000001,0.6486000000000001,modis,,,1,0,1,290.0,390.0,320.0,58.0,1366.0,4.7,agreste_saa,3,1,0.0,11.668958013312851,60.96364823348694,0.0,16.557419354838707,68.12171274961597,1
2012,15,Cantal,FR_15,45.05,2.5775,9.66800484351714,5.726845326283885,13.817032914119778,0.0,0.0,0.60995,,0.60995,0.60995,modis,,,1,0,1,290.0,390.0,320.0,58.0,1366.0,5.6,agreste_saa,3,1,0.0,10.074632616487454,56.79881578947368,0.0,17.516491228070173,65.25688030560272,1
2013,15,Cantal,FR_15,45.05,2.5775,9.288239247311829,5.253405112531259,13.798972283967768,0.0,0.0,0.63645,,0.63645,0.63645,modis,,,1,0,1,290.0,390.0,320.0,58.0,1366.0,5.7,agreste_saa,3,1,0.0,7.902293906810034,53.83881720430107,0.0,17.918467741935483,59.54381720430108,1
2014,15,Cantal,FR_15,45.05,2.5775,10.483729386805312,5.679572463768116,15.306017598343686,0.0,0.0,0.6346,,0.6346,0.6346,modis,,,1,0,1,290.0,390.0,320.0,58.0,1366.0,5.978,agreste_saa,3,1,0.0,9.561135201833244,55.92738793231834,0.0,17.138120195667366,62.95964599683447,1
2015,15,Cantal,FR_15,45.05,2.5775,9.539382732924286,4.424146710406415,14.827433524694731,0.0,0.0,0.6374500000000001,,,0.6374500000000001,modis,,,1,0,1,290.0,390.0,320.0,58.0,1366.0,5.782,agreste_saa,4,1,0.0,10.388112357396222,63.79615006991759,0.0,19.850332728372656,70.86500252893399,1
2016,15,Cantal,FR_15,45.05,2.5775,9.719247311827957,4.712948332422089,15.114496537269911,0.0,0.0,0.6128500000000001,,,0.6128500000000001,modis,,,1,0,1,290.0,390.0,320.0,58.0,1366.0,5.494,agreste_saa,4,1,0.0,8.54252779296519,54.92484964461454,0.0,17.280891197375617,60.1893657736468,1
2017,15,Cantal,FR_15,45.05,2.5775,7.934984351727909,3.5581323195949617,12.686836430994203,0.0,0.0,0.5994999999999999,,,0.5994999999999999,modis,,,1,0,1,290.0,390.0,320.0,58.0,1366.0,4.595000000000001,agreste_saa,4,1,0.0,10.6331955461543,61.35603825136612,0.0,18.95,69.7995866384629,1
2018,15,Cantal,FR_15,45.05,2.5775,10.831355525051476,6.195031362007168,15.822213261648743,0.0,0.0,0.5959000000000001,0.7094274756010288,,0.7094274756010288,s2,35.0,4.8816205,1,1,1,290.0,390.0,320.0,58.0,1366.0,4.491,agreste_saa,1,1,0.0,10.104027701840714,63.28529547111354,0.0,19.303541666666668,68.91916643885548,1
2019,15,Cantal,FR_15,45.05,2.5775,10.223675277929653,6.328347734254993,14.535264976958524,0.0,0.0,0.5699500000000001,0.4993330369052912,,0.4993330369052912,s2,18.0,13.24879,1,1,1,290.0,390.0,320.0,58.0,1366.0,4.889,agreste_saa,1,1,0.0,8.998988483459662,59.671236559139786,0.0,19.981397849462365,66.95976114930372,1
2020,15,Cantal,FR_15,45.05,2.5775,9.547962778922544,5.096502317895322,14.147154911452011,0.0,0.0,0.5424,0.4137150480031932,,0.4137150480031932,s2,26.0,15.622557,1,1,1,290.0,390.0,320.0,58.0,1366.0,5.183,agreste_saa,1,1,0.0,11.335518538104472,62.728408871745415,0.0,17.909313725490197,69.8251830652938,1
2021,15,Cantal,FR_15,45.05,2.5775,9.233763440860216,4.54625,14.555658602150537,98.9,0.0,0.5883499999999999,0.7167504900184185,,0.7167504900184185,s2,23.0,9.86364875,1,1,1,290.0,390.0,320.0,58.0,1366.0,5.090999999999999,agreste_saa,1,1,51.1,8.692562724014337,55.14693548387097,87.2,17.786236559139788,61.650161290322586,1
2022,15,Cantal,FR_15,45.05,2.5775,11.308051075268818,6.354717741935484,16.325631720430106,101.8,0.0,0.68455,0.5200112631349914,,0.5200112631349914,s2,43.0,1.556094,1,1,1,290.0,390.0,320.0,58.0,1366.0,4.983,agreste_saa,1,1,90.7,11.023763440860217,66.34913978494623,45.900000000000006,20.567150537634408,74.20559139784946,1
2023,15,Cantal,FR_15,45.05,2.5775,11.214852150537634,6.252822580645161,16.41475806451613,53.2,0.0,0.5720000000000001,0.3057690496945036,,0.3057690496945036,s2,43.0,2.33419375,1,1,1,290.0,390.0,320.0,58.0,1366.0,5.389,agreste_saa,1,1,83.19999999999999,10.01663082437276,60.55645161290323,138.8,19.02505376344086,68.1,1
2024,15,Cantal,FR_15,45.05,2.5775,10.016236559139784,5.924690860215054,15.059260752688171,211.5,0.0,0.6283000000000001,0.3195048399298069,,0.3195048399298069,s2,24.0,5.977182,1,1,1,290.0,390.0,320.0,58.0,1366.0,4.387,agreste_saa,1,1,262.3,9.95437275985663,58.480591397849466,57.8,18.38212365591398,66.62736559139785,0
2010,16,Charente,FR_16,45.709,0.1265,10.170530478888038,6.239017632919178,14.505152141072028,0.0,0.0,0.31965,,0.31965,0.31965,modis,,,1,0,1,331.0,237.0,432.0,73.0,526.0,5.6,agreste_saa,3,1,0.0,11.798954921889704,67.59450538552119,0.0,20.075450744708647,75.54776625508642,1
2011,16,Charente,FR_16,45.709,0.1265,13.458977244311075,9.60296612260839,17.76608356008389,0.0,0.0,0.34415,,0.34415,0.34415,modis,,,1,0,1,331.0,237.0,432.0,73.0,526.0,4.2,agreste_saa,3,1,0.0,14.369388784852267,70.46294974728113,0.0,18.638627651418343,80.3854216573935,1
2012,16,Charente,FR_16,45.709,0.1265,11.937588809442742,8.12281542072469,16.312408957590726,0.0,0.0,0.4035499999999999,,0.4035499999999999,0.4035499999999999,modis,,,1,0,1,331.0,237.0,432.0,73.0,526.0,6.6,agreste_saa,3,1,0.0,12.092570227942865,62.90229696738578,0.0,18.709604969735587,73.69692062329976,1
2013,16,Charente,FR_16,45.709,0.1265,11.966782081377152,8.097711884586584,16.18351183459646,0.0,0.0,0.4585,,0.4585,0.4585,modis,,,1,0,1,331.0,237.0,432.0,73.0,526.0,6.398,agreste_saa,3,1,0.0,10.438182409575852,63.329039521751554,0.0,20.010817575083426,71.3361823788944,1
2014,16,Charente,FR_16,45.709,0.1265,13.071023566561262,8.978119749725183,17.64733550630161,0.0,0.0,0.3703,,0.3703,0.3703,modis,,,1,0,1,331.0,237.0,432.0,73.0,526.0,6.1,agreste_saa,3,1,0.0,12.187544802867384,66.89256528417819,0.0,20.07464285714286,76.71192012288786,1
2015,16,Charente,FR_16,45.709,0.1265,12.275304944116645,8.002405632499626,16.78520833030563,0.0,0.0,0.5633,,,0.5633,modis,,,1,0,1,331.0,237.0,432.0,73.0,526.0,6.6,agreste_saa,4,1,0.0,12.40488498956241,69.06592712462576,0.0,20.37348554033485,77.96162604935694,1
2016,16,Charente,FR_16,45.709,0.1265,11.494147757795911,6.805747680980799,16.90665974744854,0.0,0.0,0.3368,,,0.3368,modis,,,1,0,1,331.0,237.0,432.0,73.0,526.0,5.8,agreste_saa,4,1,0.0,10.99768389330187,63.53507462676552,0.0,19.35823369565217,71.70951907120997,1
2017,16,Charente,FR_16,45.709,0.1265,10.7858323589958,6.380500689536962,15.828474494106493,0.0,0.0,0.4225,,,0.4225,modis,,,1,0,1,331.0,237.0,432.0,73.0,526.0,6.0,agreste_saa,4,1,0.0,12.902421481076482,69.33295830581847,0.0,20.71002435064935,80.12731314452815,1
2018,16,Charente,FR_16,45.709,0.1265,12.539282769497774,8.001462223416684,17.44784444569705,0.0,0.0,0.4357499999999999,0.7200567907318102,,0.7200567907318102,s2,33.0,15.9772215,1,1,1,331.0,237.0,432.0,73.0,526.0,6.0,agreste_saa,1,1,0.0,12.551608044402862,71.84329955563562,0.0,21.278511904761903,80.21184794273239,1
2019,16,Charente,FR_16,45.709,0.1265,12.517151998849585,8.504863082317582,16.86180091742268,0.0,0.0,0.4385,0.2039242294211703,,0.2039242294211703,s2,27.0,11.878081,1,1,1,331.0,237.0,432.0,73.0,526.0,7.1,agreste_saa,1,1,0.0,11.888642667913354,68.06969144460028,0.0,21.26854838709677,78.2030247779336,1
2020,16,Charente,FR_16,45.709,0.1265,11.98911866359447,6.967848871138345,17.02392265747529,0.0,0.0,0.40205,0.1577442941298362,,0.1577442941298362,s2,23.0,4.33882,1,1,1,331.0,237.0,432.0,73.0,526.0,5.1,agreste_saa,1,1,0.0,13.625452713501494,70.04128048780487,0.0,19.422632113821138,79.72162236814675,1
2021,16,Charente,FR_16,45.709,0.1265,11.103951612903227,6.02674059139785,16.548219086021504,677.1,0.0,0.5218,0.1510562646798732,,0.1510562646798732,s2,32.0,12.41624125,1,1,1,331.0,237.0,432.0,73.0,526.0,5.9,agreste_saa,1,1,355.6,11.195600358422938,63.46881720430108,522.1,19.43616935483871,72.45913978494625,0
2022,16,Charente,FR_16,45.709,0.1265,13.134912634408602,8.869475806451613,17.931397849462368,647.2,0.0,0.5839000000000001,0.1539997571857001,,0.1539997571857001,s2,31.0,17.616949,1,1,1,331.0,237.0,432.0,73.0,526.0,5.1,agreste_saa,1,1,376.1,13.521747311827957,73.90427419354839,305.70000000000005,21.862258064516126,84.28975806451612,0
2023,16,Charente,FR_16,45.709,0.1265,13.79094758064516,9.468729838709676,18.591176075268816,1189.5,0.0,0.5285,0.2765975428188693,,0.2765975428188693,s2,36.0,11.1277355,1,1,1,331.0,237.0,432.0,73.0,526.0,6.3,agreste_saa,1,1,636.0,12.860358422939068,70.7477688172043,447.5,21.18778225806452,80.95663978494623,0
2024,16,Charente,FR_16,45.709,0.1265,11.91244623655914,8.146003377157315,16.46923257206108,1008.7,0.0,0.4355,0.1116054875787912,,0.1116054875787912,s2,19.0,9.0443265,1,1,1,331.0,237.0,432.0,73.0,526.0,5.2,agreste_saa,1,1,979.0,12.511326164874552,67.16067204301075,313.6,19.962137096774192,77.45825268817205,0
2010,17,Charente-Maritime,FR_17,45.817,-0.615,10.579352381140074,7.097527679539225,14.34683409797563,337.7,0.0,,,,,none,,,0,0,0,306.0,228.0,466.0,67.0,575.0,6.0,agreste_saa,6,1,84.9,11.661340099897714,66.30676406828226,60.3,19.67477057710501,74.33356145390317,1
2011,17,Charente-Maritime,FR_17,45.817,-0.615,13.948064692942507,10.599415241779187,17.709321712688364,176.9,0.0,,,,,none,,,0,0,0,306.0,228.0,466.0,67.0,575.0,4.9,agreste_saa,6,1,50.0,14.0313216879419,68.8670711480145,62.7,18.35873847255797,78.81144200894164,1
2012,17,Charente-Maritime,FR_17,45.817,-0.615,12.379913968398595,9.02354386865704,16.1407374078392,329.8,0.0,,,,,none,,,0,0,0,306.0,228.0,466.0,67.0,575.0,7.4,agreste_saa,6,1,94.1,12.11163399409943,62.70040434683292,86.4,18.52823505323505,73.3913720887684,1
2013,17,Charente-Maritime,FR_17,45.817,-0.615,12.536812512243957,9.270886812531105,16.086225635065258,232.1,0.0,,,,,none,,,0,0,0,306.0,228.0,466.0,67.0,575.0,6.995,agreste_saa,6,1,156.8,10.4895288722118,62.424925984408496,67.5,19.5320158377327,70.5326182921008,0
2014,17,Charente-Maritime,FR_17,45.817,-0.615,13.61718615529179,10.110584795321635,17.593011454101752,245.9,0.0,,,,,none,,,0,0,0,306.0,228.0,466.0,67.0,575.0,6.9,agreste_saa,6,1,138.4,12.327508119067966,66.23729017551425,116.7,19.65096014492753,76.28444464705896,0
2015,17,Charente-Maritime,FR_17,45.817,-0.615,12.798195027538194,9.029263025210083,16.675388228232226,176.6,0.0,,,,,none,,,0,0,0,306.0,228.0,466.0,67.0,575.0,7.199,agreste_saa,6,1,107.5,12.384650010541852,67.5301753625283,44.0,19.693273955773957,76.54049794317346,1
2016,17,Charente-Maritime,FR_17,45.817,-0.615,12.157719243122468,8.34509475552502,16.47628075631527,99.0,0.0,,,,,none,,,0,0,0,306.0,228.0,466.0,67.0,575.0,6.7,agreste_saa,6,1,146.6,11.261337979989673,63.53999138357804,23.800000000000004,19.150357142857143,72.0847282256833,0
2017,17,Charente-Maritime,FR_17,45.817,-0.615,11.819927768480756,8.135614317353895,15.792215306342037,199.7,0.0,,,,,none,,,0,0,0,306.0,228.0,466.0,67.0,575.0,6.5,agreste_saa,6,1,104.9,13.023541520467836,68.99104059492564,64.1,20.466786964129483,80.00419848966247,1
2018,17,Charente-Maritime,FR_17,45.817,-0.615,12.974404217147503,9.345447053042191,16.912634892142968,166.39999999999998,0.0,,0.2161587526576895,,0.2161587526576895,s2,35.0,7.0984295,0,1,1,306.0,228.0,466.0,67.0,575.0,6.4,agreste_saa,2,1,193.7,12.58299530080365,71.14478273319759,158.7,21.045640350877196,79.84026660416534,0
2019,17,Charente-Maritime,FR_17,45.817,-0.615,13.10807752986252,9.855157690752664,16.520873450138044,343.8,0.0,,0.2991386806907118,,0.2991386806907118,s2,31.0,12.6519865,0,1,1,306.0,228.0,466.0,67.0,575.0,7.7,agreste_saa,2,1,114.9,12.17477051499717,67.54157691463682,53.9,20.805014263770023,78.13434007253156,0
2020,17,Charente-Maritime,FR_17,45.817,-0.615,12.716971331729791,8.316189294996096,16.73292424561792,229.1,0.0,,0.2155909469829001,,0.2155909469829001,s2,17.0,11.418498499999998,0,1,1,306.0,228.0,466.0,67.0,575.0,5.6,agreste_saa,2,1,163.2,13.686527029997228,69.29730735930735,57.7,19.148333333333333,79.35624775665835,0
2021,17,Charente-Maritime,FR_17,45.817,-0.615,12.031983870967744,8.090236559139784,16.256198924731184,543.9,0.0,,0.5045454545454545,,0.5045454545454545,s2,24.0,8.538017,0,1,1,306.0,228.0,466.0,67.0,575.0,6.1,agreste_saa,2,1,261.6,11.621096774193548,64.28662365591398,380.5,19.483279569892478,73.82984946236559,0
2022,17,Charente-Maritime,FR_17,45.817,-0.615,13.693182795698924,10.272881720430108,17.46093010752688,601.6,0.0,,0.2713012269943178,,0.2713012269943178,s2,27.0,16.1120485,0,1,1,306.0,228.0,466.0,67.0,575.0,5.3,agreste_saa,2,1,236.0,13.660114695340502,73.04283870967741,225.1,21.45189247311828,83.88412903225806,0
2023,17,Charente-Maritime,FR_17,45.817,-0.615,14.525978494623656,11.002887096774192,18.366897849462365,1219.8,0.0,,0.2827338129496403,,0.2827338129496403,s2,31.0,10.0668195,0,1,1,306.0,228.0,466.0,67.0,575.0,6.7,agreste_saa,2,1,537.6,12.954150537634408,70.35625806451613,414.9,20.889806451612905,80.64206451612903,0
2024,17,Charente-Maritime,FR_17,45.817,-0.615,12.592935483870969,9.482406653676842,16.15110283611171,903.5,0.0,,0.2007303751515872,,0.2007303751515872,s2,22.0,9.0443265,0,1,1,306.0,228.0,466.0,67.0,575.0,5.9,agreste_saa,2,1,920.4,12.760229390681005,66.64503225806452,252.6,19.497333333333334,77.27535483870969,0
2010,18,Cher,FR_18,47.044,2.5195,8.42878406404119,4.3303553157830725,12.764897974726685,285.2,0.0,0.6042000000000001,,0.6042000000000001,0.6042000000000001,modis,,,1,0,1,294.0,245.0,461.0,66.0,446.0,6.399,agreste_saa,3,1,140.6,10.340089622551318,62.848307807042886,122.8,19.2807979931844,69.58186485402275,0
2011,18,Cher,FR_18,47.044,2.5195,11.68591425263472,7.490110472681148,16.53526029521732,262.4,0.0,0.6184499999999999,,0.6184499999999999,0.6184499999999999,modis,,,1,0,1,294.0,245.0,461.0,66.0,446.0,5.699,agreste_saa,3,1,79.0,12.716350707201476,65.37684086573744,127.9,17.93436417072422,74.01778046305287,1
2012,18,Cher,FR_18,47.044,2.5195,10.386526029156215,6.177755708294503,14.978507041524283,345.8,0.0,0.6072500000000001,,0.6072500000000001,0.6072500000000001,modis,,,1,0,1,294.0,245.0,461.0,66.0,446.0,6.895999999999999,agreste_saa,3,1,169.10000000000002,11.241029328235587,60.201713688557945,126.0,17.958022529344944,69.63913304339665,0
2013,18,Cher,FR_18,47.044,2.5195,10.278593125134194,6.124992069650898,14.629650080032322,332.2,0.0,0.625,,0.625,0.625,modis,,,1,0,1,294.0,245.0,461.0,66.0,446.0,6.799,agreste_saa,3,1,274.9,9.128235294117646,60.06172082631133,56.9,19.317265641913835,66.01923716618062,0
2014,18,Cher,FR_18,47.044,2.5195,11.382842316880089,6.968015255990828,16.098786158221362,264.5,0.0,0.6315,,0.6315,0.6315,modis,,,1,0,1,294.0,245.0,461.0,66.0,446.0,6.897,agreste_saa,3,1,157.20000000000002,10.881397689138993,62.2293187145004,186.2,18.945143468702994,70.53448000482297,0
2015,18,Cher,FR_18,47.044,2.5195,10.504364932446226,5.75652503370438,15.459571545322376,157.0,0.0,0.7115,,,0.7115,modis,,,1,0,1,294.0,245.0,461.0,66.0,446.0,6.999,agreste_saa,4,1,166.0,11.355935527364098,66.93893219883711,91.7,20.252229475039076,74.57226553217043,0
2016,18,Cher,FR_18,47.044,2.5195,9.628219348816936,4.994772187043832,14.728422848012444,167.4,0.0,0.67845,,,0.67845,modis,,,1,0,1,294.0,245.0,461.0,66.0,446.0,4.0,agreste_saa,4,1,340.1,9.644124563166612,59.53134478689559,93.7,18.577225274725272,66.08682423895038,0
2017,18,Cher,FR_18,47.044,2.5195,9.767503661156413,5.412955388634352,14.391622043292786,270.6,0.0,0.6956,,,0.6956,modis,,,1,0,1,294.0,245.0,461.0,66.0,446.0,6.648999999999999,agreste_saa,4,1,189.5,11.624078759949729,65.54441587110462,138.6,20.22189624724062,75.31602877433042,0
2018,18,Cher,FR_18,47.044,2.5195,11.286381359070434,6.255391519014605,16.428633825486827,156.8,0.0,0.46325,0.3007188458898079,,0.3007188458898079,s2,35.0,15.185325,1,1,1,294.0,245.0,461.0,66.0,446.0,6.499,agreste_saa,1,1,230.3,11.877856298630949,69.77145291139524,99.5,20.831442007751203,77.29645291139525,0
2019,18,Cher,FR_18,47.044,2.5195,11.45935183770478,7.46497578911155,15.713880264327283,342.2,0.0,0.70675,0.6538126993331401,,0.6538126993331401,s2,25.0,12.531537,1,1,1,294.0,245.0,461.0,66.0,446.0,6.699,agreste_saa,1,1,127.2,10.830594982078852,65.82339784946237,61.1,21.10225806451613,74.69630107526882,0
2020,18,Cher,FR_18,47.044,2.5195,11.04983870967742,6.144876344086022,15.75724193548387,266.1,0.0,0.63705,0.6093482798250252,,0.6093482798250252,s2,26.0,4.815008000000001,1,1,1,294.0,245.0,461.0,66.0,446.0,5.397,agreste_saa,1,1,142.10000000000002,12.537693724084615,67.01610253798489,61.49999999999999,18.972155844155843,75.55739286056554,0
2021,18,Cher,FR_18,47.044,2.5195,10.031747311827957,5.375338709677419,14.93209677419355,715.1,0.0,0.56525,0.4390637610976594,,0.4390637610976594,s2,29.0,4.5624935,1,1,1,294.0,245.0,461.0,66.0,446.0,6.199,agreste_saa,1,1,365.2000000000001,9.749971326164871,59.93559139784946,392.3,19.00767741935484,67.2652688172043,0
2022,18,Cher,FR_18,47.044,2.5195,11.548370967741937,7.215989247311828,16.168112903225808,735.8,0.0,0.6949000000000001,0.4477852429740968,,0.4477852429740968,s2,41.0,9.04616825,1,1,1,294.0,245.0,461.0,66.0,446.0,5.648,agreste_saa,1,1,262.3,12.41978494623656,70.18163440860215,427.2,20.99533333333333,79.25002150537634,0
2023,18,Cher,FR_18,47.044,2.5195,12.835779569892471,8.328989247311828,17.76528494623656,821.4,0.0,0.6980000000000001,0.0989370400654129,,0.0989370400654129,s2,41.0,12.982903,1,1,1,294.0,245.0,461.0,66.0,446.0,6.498,agreste_saa,1,1,477.4,11.474860215053765,67.43350537634409,404.8,20.917043010752685,76.25866666666667,0
2024,18,Cher,FR_18,47.044,2.5195,10.826711301147434,7.4420047224644,14.509045553618137,1071.7,0.0,0.7046000000000001,0.2638615808100668,,0.2638615808100668,s2,11.0,28.65428,1,1,1,294.0,245.0,461.0,66.0,446.0,5.599,agreste_saa,1,1,993.5,11.69378494623656,64.22075268817204,437.2,19.31195698924731,73.7052688172043,0
2010,19,Corrèze,FR_19,45.309,1.821,8.88970830818267,4.787467489148254,13.563143390099402,570.4,0.0,0.61165,,0.61165,0.61165,modis,,,1,0,1,199.0,454.0,346.0,58.0,1011.0,4.904,agreste_saa,3,1,283.3,10.472645817446663,62.93535680717871,389.2,19.051048387096778,69.52003422653354,0
2011,19,Corrèze,FR_19,45.309,1.821,12.511078321320255,8.28647095959596,17.714507254605568,429.0,0.0,0.61775,,0.61775,0.61775,modis,,,1,0,1,199.0,454.0,346.0,58.0,1011.0,5.09,agreste_saa,3,1,200.9,13.605785236658308,67.6082494297817,289.70000000000005,17.940555555555555,76.69846682108604,0
2012,19,Corrèze,FR_19,45.309,1.821,10.788018574828133,6.85300170915824,15.462722338935574,530.0,0.0,0.6855,,0.6855,0.6855,modis,,,1,0,1,199.0,454.0,346.0,58.0,1011.0,5.457,agreste_saa,3,1,543.0,11.211873519227266,60.18544793401189,249.8,18.20797820429408,70.05157696626995,0
2013,19,Corrèze,FR_19,45.309,1.821,10.312809139784946,6.558537450180362,14.948325985348326,635.5,0.0,0.6879500000000001,,0.6879500000000001,0.6879500000000001,modis,,,1,0,1,199.0,454.0,346.0,58.0,1011.0,4.973,agreste_saa,3,1,528.2,9.215861430046775,58.85136797206986,190.9,19.01105850763143,65.6697013054032,0
2014,19,Corrèze,FR_19,45.309,1.821,11.639875553645252,7.449174713177362,16.680506856424202,380.4,0.0,0.69135,,0.69135,0.69135,modis,,,1,0,1,199.0,454.0,346.0,58.0,1011.0,5.756,agreste_saa,3,1,385.3,11.017045848327337,61.68880692167578,273.4,18.64444444444445,70.3400264338709,0
2015,19,Corrèze,FR_19,45.309,1.821,10.675723070701304,6.063888232577125,16.20477848443174,299.0,0.0,0.6391500000000001,,,0.6391500000000001,modis,,,1,0,1,199.0,454.0,346.0,58.0,1011.0,5.9030000000000005,agreste_saa,4,1,240.8,11.715578847825949,68.74500239120039,95.0,20.902001776320283,76.95074009611841,0
2016,19,Corrèze,FR_19,45.309,1.821,10.557764128532131,5.800111876044577,16.441426227849337,243.3,0.0,0.68015,,,0.68015,modis,,,1,0,1,199.0,454.0,346.0,58.0,1011.0,3.887,agreste_saa,4,1,538.9,9.99013440860215,60.23146991054487,188.9,18.52166237462727,67.01372797506099,0
2017,19,Corrèze,FR_19,45.309,1.821,9.443228755582442,5.127050284518702,14.613409822353066,490.5,0.0,0.6365000000000001,,,0.6365000000000001,modis,,,1,0,1,199.0,454.0,346.0,58.0,1011.0,5.272,agreste_saa,4,1,428.4,12.093069927612625,66.69689610096913,175.0,20.15206896551724,76.58334771387234,0
2018,19,Corrèze,FR_19,45.309,1.821,11.79299338606383,7.235081064196139,17.17703091299728,401.6,0.0,0.6854,0.8470808670271,,0.8470808670271,s2,36.0,15.61025475,1,1,1,199.0,454.0,346.0,58.0,1011.0,4.774,agreste_saa,1,1,520.2,11.762788384170872,69.4100191901831,235.1,20.70469798657718,76.69776112566699,0
2019,19,Corrèze,FR_19,45.309,1.821,11.608003176859237,7.696583396479159,16.20793334071217,772.3000000000001,0.0,0.59335,0.6941434062441727,,0.6941434062441727,s2,22.0,13.58079175,1,1,1,199.0,454.0,346.0,58.0,1011.0,5.978,agreste_saa,1,1,340.9,10.826495333062326,65.45753336646857,245.3,20.97257631521974,74.42463862962646,0
2020,19,Corrèze,FR_19,45.309,1.821,10.9439998856097,6.537258096391586,16.034091611523124,627.2,0.0,0.59065,0.7370030581039756,,0.7370030581039756,s2,30.0,10.875274,1,1,1,199.0,454.0,346.0,58.0,1011.0,4.152,agreste_saa,1,1,298.1,13.032931899641577,68.35249381884117,143.6,18.95384905995822,77.00649381884116,0
2021,19,Corrèze,FR_19,45.309,1.821,10.251478494623656,5.630069892473118,15.979301075268818,975.5,0.0,0.65025,0.7796051237845164,,0.7796051237845164,s2,28.0,15.86169925,1,1,1,199.0,454.0,346.0,58.0,1011.0,4.779,agreste_saa,1,1,593.0,10.335921146953403,61.013612903225805,741.4,19.0345376344086,69.07683870967742,0
2022,19,Corrèze,FR_19,45.309,1.821,12.404306451612904,7.767666666666667,17.76435483870968,863.0,0.0,0.6500000000000001,0.5603196784088198,,0.5603196784088198,s2,49.0,12.07086125,1,1,1,199.0,454.0,346.0,58.0,1011.0,4.8740000000000006,agreste_saa,1,1,585.3,12.593082437275989,71.02496774193548,483.5,21.318989247311823,80.41722580645161,0
2023,19,Corrèze,FR_19,45.309,1.821,12.61902688172043,8.054268817204301,17.927634408602152,1097.55,0.0,0.6826000000000001,0.4633645862930713,,0.4633645862930713,s2,38.0,3.007026,1,1,1,199.0,454.0,346.0,58.0,1011.0,5.287,agreste_saa,1,1,749.8,11.89764157706093,67.08883870967742,559.2,20.346666666666668,76.38625806451613,0
2024,19,Corrèze,FR_19,45.309,1.821,11.053575268817204,7.077327956989247,16.227940860215053,1395.4,0.0,0.70875,0.4726333858648277,,0.4726333858648277,s2,16.0,15.3076185,1,1,1,199.0,454.0,346.0,58.0,1011.0,3.864,agreste_saa,1,1,1324.2,11.564064516129031,64.31767741935485,420.0,19.588548387096772,73.86929032258064,0
2010,21,Côte-d'Or,FR_21,47.3575,4.763,7.273112435627405,3.9465833414705593,10.801752270286103,0.0,0.0,0.52075,,0.52075,0.52075,modis,,,1,0,1,293.0,184.0,523.0,62.0,1198.0,6.7,agreste_saa,3,1,0.0,9.681774945860402,62.03150763328013,0.0,19.2489247311828,67.5431742999468,1
2011,21,Côte-d'Or,FR_21,47.3575,4.763,10.304695216773826,6.667005601380601,14.558886948319998,186.0,0.0,0.5982000000000001,,0.5982000000000001,0.5982000000000001,modis,,,1,0,1,293.0,184.0,523.0,62.0,1198.0,6.3,agreste_saa,3,1,77.4,12.438269365618764,63.9992107909364,109.2,17.31198156682028,71.93877123049685,1
2012,21,Côte-d'Or,FR_21,47.3575,4.763,9.223706896551723,5.739241397969846,13.1980440644126,207.5,0.0,0.69515,,0.69515,0.69515,modis,,,1,0,1,293.0,184.0,523.0,62.0,1198.0,6.5,agreste_saa,3,1,185.0,10.946213240057004,59.73516238298956,135.1,18.1289064926996,69.0964527055702,0
2013,21,Côte-d'Or,FR_21,47.3575,4.763,9.320750973447511,5.912656144979999,12.921613901103678,224.3,0.0,0.7164,,0.7164,0.7164,modis,,,1,0,1,293.0,184.0,523.0,62.0,1198.0,6.6,agreste_saa,3,1,263.7,8.307497331234508,58.72561583615321,167.1,19.05717989875293,63.036851791209386,0
2014,21,Côte-d'Or,FR_21,47.3575,4.763,10.258988902179691,6.472723989261571,14.310720336043875,303.1,0.0,0.68515,,0.68515,0.68515,modis,,,1,0,1,293.0,184.0,523.0,62.0,1198.0,5.7,agreste_saa,3,1,57.3,11.040716845878135,62.614056847545214,115.9,18.963695090439277,71.04954071851296,1
2015,21,Côte-d'Or,FR_21,47.3575,4.763,9.465532558631097,5.605922647527911,13.739439219983996,144.2,0.0,0.69295,,,0.69295,modis,,,1,0,1,293.0,184.0,523.0,62.0,1198.0,7.0,agreste_saa,4,1,86.69999999999999,10.846962130669995,67.05169646316489,42.50000000000001,20.835960591133,74.212807574276,1
2016,21,Côte-d'Or,FR_21,47.3575,4.763,8.754823800441217,5.041338653003869,13.002466935947366,196.8,0.0,0.6697,,,0.6697,modis,,,1,0,1,293.0,184.0,523.0,62.0,1198.0,4.6,agreste_saa,4,1,186.5,8.971989664082686,58.38926475177571,115.0,18.486647879763822,63.88926475177571,0
2017,21,Côte-d'Or,FR_21,47.3575,4.763,8.556659078654071,4.871822901365714,12.654597133461914,201.4,0.0,0.49645,,,0.49645,modis,,,1,0,1,293.0,184.0,523.0,62.0,1198.0,6.651999999999999,agreste_saa,4,1,113.6,11.18098228663446,64.51381301858434,119.1,20.04932196822937,73.64159079636212,0
2018,21,Côte-d'Or,FR_21,47.3575,4.763,10.464290727144686,6.315524537525214,14.922783225584991,125.1,0.0,0.65625,0.8107769423558897,,0.8107769423558897,s2,15.0,8.514947,1,1,1,293.0,184.0,523.0,62.0,1198.0,6.6,agreste_saa,1,1,185.2,11.36036808827675,70.73149532598609,114.4,21.024120261760714,76.12934478835167,0
2019,21,Côte-d'Or,FR_21,47.3575,4.763,10.292128972423011,6.864772957165958,14.30139259055694,202.9,0.0,0.62385,0.6759021960454998,,0.6759021960454998,s2,13.0,8.6227995,1,1,1,293.0,184.0,523.0,62.0,1198.0,6.7,agreste_saa,1,1,130.70000000000002,10.221842765331138,64.38112547583135,41.9,21.032217194570137,72.72996268513369,0
2020,21,Côte-d'Or,FR_21,47.3575,4.763,10.01468978571002,5.892366496525299,14.12399601530324,137.0,0.0,0.6092,0.5876159804015515,,0.5876159804015515,s2,13.0,21.0137795,1,1,1,293.0,184.0,523.0,62.0,1198.0,5.9,agreste_saa,1,1,60.2,11.896376939167638,66.67474026552615,34.6,19.190057471264367,74.06924576003165,1
2021,21,Côte-d'Or,FR_21,47.3575,4.763,9.01516129032258,5.133431899641577,13.2561917562724,552.8,0.0,0.6451,0.6898239738824645,,0.6898239738824645,s2,17.0,7.915974999999999,1,1,1,293.0,184.0,523.0,62.0,1198.0,6.3,agreste_saa,1,1,404.8,8.832544802867384,57.09906810035842,531.6,18.621146953405017,63.739928315412186,0
2022,21,Côte-d'Or,FR_21,47.3575,4.763,10.91671370967742,6.999227150537634,14.96578629032258,1053.6,0.0,0.6083000000000001,0.1341710579651398,,0.1341710579651398,s2,19.0,8.66290175,1,1,1,293.0,184.0,523.0,62.0,1198.0,5.8,agreste_saa,1,1,310.0,11.770474910394263,70.10822580645161,337.5,21.514529569892478,78.34048387096774,0
2023,21,Côte-d'Or,FR_21,47.3575,4.763,11.78269489247312,7.360638440860215,16.421700268817204,1322.1,0.0,0.69695,0.3113137366160925,,0.3113137366160925,s2,18.0,9.87184375,1,1,1,293.0,184.0,523.0,62.0,1198.0,5.7,agreste_saa,1,1,638.4,10.975654121863798,67.52010752688172,436.8,21.261491935483868,75.44994623655913,0
2024,21,Côte-d'Or,FR_21,47.3575,4.763,9.642276603633666,6.452368884089401,13.13856993077736,1131.4,0.0,0.6843000000000001,0.4398578047065408,,0.4398578047065408,s2,7.0,5.87426825,1,1,1,293.0,184.0,523.0,62.0,1198.0,5.3,agreste_saa,1,1,1018.4,11.408494623655912,63.93314516129032,684.4,19.422782258064515,73.07104838709677,0
2010,22,Côtes-d'Armor,FR_22,48.468,-2.9565,10.032220732918956,7.233564764568375,12.915137161184392,329.2,0.0,0.6716,,0.6716,0.6716,modis,,,1,0,1,176.0,223.0,601.0,60.0,542.0,7.098000000000001,agreste_saa,3,1,68.7,9.50760831381733,53.42012706695581,61.0,16.147831390620762,60.81848772269352,1
2011,22,Côtes-d'Armor,FR_22,48.468,-2.9565,12.683331167259723,9.640681181844974,16.052735395917214,148.1,0.0,0.64795,,0.64795,0.64795,modis,,,1,0,1,176.0,223.0,601.0,60.0,542.0,7.798,agreste_saa,3,1,51.6,11.15003313812496,55.55953686520101,49.0,15.076263440860217,63.60262629609531,1
2012,22,Côtes-d'Armor,FR_22,48.468,-2.9565,10.849763588684043,8.004323631323631,13.667043344586448,332.9,0.0,0.6450500000000001,,0.6450500000000001,0.6450500000000001,modis,,,1,0,1,176.0,223.0,601.0,60.0,542.0,6.8,agreste_saa,3,1,122.3,9.91320741369553,51.64981873932619,100.5,15.368001474926254,60.4756251909391,0
2013,22,Côtes-d'Armor,FR_22,48.468,-2.9565,11.958880243046298,9.141051003923598,14.905045091886793,264.1,0.0,0.7274499999999999,,0.7274499999999999,0.7274499999999999,modis,,,1,0,1,176.0,223.0,601.0,60.0,542.0,7.398000000000001,agreste_saa,3,1,142.9,8.475032077347068,50.63419748229741,35.599999999999994,15.587743902439025,56.60058403691926,0
2014,22,Côtes-d'Armor,FR_22,48.468,-2.9565,12.409319773493232,9.556835526315789,15.710530008055857,194.1,0.0,0.6489,,0.6489,0.6489,modis,,,1,0,1,176.0,223.0,601.0,60.0,542.0,7.498,agreste_saa,3,1,163.5,10.582712279827184,56.27664803753876,76.5,16.54327345617146,64.83468375182447,0
2015,22,Côtes-d'Armor,FR_22,48.468,-2.9565,12.566684974045234,9.71729733693163,15.53180470981318,148.0,0.0,0.6622,,,0.6622,modis,,,1,0,1,176.0,223.0,601.0,60.0,542.0,7.798,agreste_saa,4,1,98.5,10.42228494623656,55.181858974358974,54.8,16.017179487179487,63.30121381306865,1
2016,22,Côtes-d'Armor,FR_22,48.468,-2.9565,11.356545305456926,8.279559227100831,14.775009004585003,136.4,0.0,0.68495,,,0.68495,modis,,,1,0,1,176.0,223.0,601.0,60.0,542.0,7.049,agreste_saa,4,1,116.4,9.621987582022944,53.63795066413663,56.9,15.998803876389266,60.863570498847366,0
2017,22,Côtes-d'Armor,FR_22,48.468,-2.9565,11.367207606204827,8.369195383303852,14.208487397958873,235.2,0.0,0.7089000000000001,,,0.7089000000000001,modis,,,1,0,1,176.0,223.0,601.0,60.0,542.0,8.129000000000001,agreste_saa,4,1,145.79999999999998,11.256881720430108,57.33035501644006,60.5,16.801225895316804,67.37309695192393,0
2018,22,Côtes-d'Armor,FR_22,48.468,-2.9565,11.759097639876073,8.749948476702508,15.06562221913237,269.4,0.0,0.6626000000000001,0.3602819276274493,,0.3602819276274493,s2,60.0,18.3388185,1,1,1,176.0,223.0,601.0,60.0,542.0,6.759,agreste_saa,1,1,164.6,10.289527056560887,57.95219512195122,60.1,17.086565040650406,65.04171125098348,0
2019,22,Côtes-d'Armor,FR_22,48.468,-2.9565,11.552009382654544,8.953479070333696,14.202727059313986,327.0,0.0,0.56965,0.2709634071035232,,0.2709634071035232,s2,58.0,22.611423,1,1,1,176.0,223.0,601.0,60.0,542.0,7.998,agreste_saa,1,1,131.5,10.517439634031314,55.35720395190125,69.3,16.56897478296817,64.69026846803028,0
2020,22,Côtes-d'Armor,FR_22,48.468,-2.9565,11.9429870513403,8.835289442132245,14.736002976905953,330.6,0.0,0.69835,0.3317877303624926,,0.3317877303624926,s2,53.0,14.98172325,1,1,1,176.0,223.0,601.0,60.0,542.0,6.961,agreste_saa,1,1,97.8,11.274037068477645,57.26072056975283,13.4,15.928844155844155,65.67979951712125,1
2021,22,Côtes-d'Armor,FR_22,48.468,-2.9565,12.113440860215054,9.148709677419356,15.054198028673836,935.8,0.0,0.6976500000000001,0.7684561957660654,,0.7684561957660654,s2,53.0,21.41321925,1,1,1,176.0,223.0,601.0,60.0,542.0,7.019,agreste_saa,1,1,366.9,9.560501792114696,52.30596774193549,424.5,16.14018817204301,60.961881720430114,0
2022,22,Côtes-d'Armor,FR_22,48.468,-2.9565,12.42011200716846,9.709865591397849,15.387965949820789,1144.8,0.0,0.6123000000000001,0.188931924498049,,0.188931924498049,s2,66.0,13.367527,1,1,1,176.0,223.0,601.0,60.0,542.0,7.704000000000001,agreste_saa,1,1,335.6,11.16729616713488,58.76943330427201,256.0,17.332697132616488,68.16728276663761,0
2023,22,Côtes-d'Armor,FR_22,48.468,-2.9565,13.23619623655914,10.43399641577061,16.39752688172043,1034.7,0.0,0.70925,0.1567753001715265,,0.1567753001715265,s2,61.0,23.642953,1,1,1,176.0,223.0,601.0,60.0,542.0,7.19,agreste_saa,1,1,570.0,11.075573476702507,57.95134408602151,332.1,17.15801075268817,67.54274193548387,0
2024,22,Côtes-d'Armor,FR_22,48.468,-2.9565,12.086321305262835,9.63048163419978,14.766050578859348,1131.9,0.0,0.63635,0.2091455251990804,,0.2091455251990804,s2,23.0,20.789143000000003,1,1,1,176.0,223.0,601.0,60.0,542.0,6.970000000000001,agreste_saa,1,1,746.2,11.224958183990443,56.41724014336917,277.9,16.01069892473118,65.69627240143369,0
2010,23,Creuse,FR_23,46.092,2.0475000000000003,8.691693548387097,5.493145161290322,12.46215053763441,292.8,0.0,0.7826000000000001,,0.7826000000000001,0.7826000000000001,modis,,,1,0,1,199.0,473.0,328.0,56.0,739.0,5.172,agreste_saa,3,1,133.2,9.967921146953406,61.05311827956989,164.6,18.71338709677419,67.3305376344086,0
2011,23,Creuse,FR_23,46.092,2.0475000000000003,11.993306451612902,8.916371894697813,15.981209677419356,207.4,0.0,0.6359,,0.6359,0.6359,modis,,,1,0,1,199.0,473.0,328.0,56.0,739.0,5.6450000000000005,agreste_saa,3,1,117.29999999999998,13.11663082437276,64.72322580645161,121.7,17.00279569892473,73.35548387096775,0
2012,23,Creuse,FR_23,46.092,2.0475000000000003,10.171374902419984,6.194234126624456,14.766745476203434,292.0,0.0,0.6990000000000001,,0.6990000000000001,0.6990000000000001,modis,,,1,0,1,199.0,473.0,328.0,56.0,739.0,5.566,agreste_saa,3,1,228.0,10.553493680437652,56.630539556438265,156.60000000000002,17.092287322078782,65.84505568547053,0
2013,23,Creuse,FR_23,46.092,2.0475000000000003,9.92233870967742,6.132804011650746,14.27568086441636,287.0,0.0,0.7837000000000001,,0.7837000000000001,0.7837000000000001,modis,,,1,0,1,199.0,473.0,328.0,56.0,739.0,5.181,agreste_saa,3,1,211.9,8.357670250896057,55.78172043010753,101.1,18.21685483870968,61.50672043010752,0
2014,23,Creuse,FR_23,46.092,2.0475000000000003,10.854856251139056,6.5522203103913625,15.697454826794448,189.6,0.0,0.71095,,0.71095,0.71095,modis,,,1,0,1,199.0,473.0,328.0,56.0,739.0,5.965,agreste_saa,3,1,203.8,10.161402550091076,57.92,138.1,17.691666666666666,65.86754098360656,0
2015,23,Creuse,FR_23,46.092,2.0475000000000003,10.304209013914097,5.840132358063393,15.438533031464065,161.1,0.0,0.64645,,,0.64645,modis,,,1,0,1,199.0,473.0,328.0,56.0,739.0,5.957,agreste_saa,4,1,86.2,10.874400376050296,64.59774289154396,22.7,19.691303139761047,72.00580740767299,1
2016,23,Creuse,FR_23,46.092,2.0475000000000003,9.90587365591398,5.265351689852784,15.40821816212057,104.6,0.0,0.6685000000000001,,,0.6685000000000001,modis,,,1,0,1,199.0,473.0,328.0,56.0,739.0,4.0,agreste_saa,4,1,189.7,9.03310035842294,56.50489247311828,129.0,17.67295698924731,62.44521505376344,0
2017,23,Creuse,FR_23,46.092,2.0475000000000003,9.14526334973574,5.2218302011982125,13.644604229118356,250.0,0.0,0.69825,,,0.69825,modis,,,1,0,1,199.0,473.0,328.0,56.0,739.0,5.284000000000001,agreste_saa,4,1,171.4,11.12719913735496,62.03464250106823,70.19999999999999,18.964425770308125,71.31044895268113,0
2018,23,Creuse,FR_23,46.092,2.0475000000000003,11.148779908049947,6.723959455424621,16.27132217252384,172.4,0.0,0.6330500000000001,0.3730889197549398,,0.3730889197549398,s2,32.0,11.5263295,1,1,1,199.0,473.0,328.0,56.0,739.0,4.794,agreste_saa,1,1,270.9,10.885164935301622,65.35298460939022,100.5,19.619712643678163,71.89492009326119,0
2019,23,Creuse,FR_23,46.092,2.0475000000000003,10.984854590525549,7.344593548866698,15.201640612260558,378.2,0.0,0.6433,0.3840829095277085,,0.3840829095277085,s2,22.0,20.5116435,1,1,1,199.0,473.0,328.0,56.0,739.0,5.387,agreste_saa,1,1,166.4,9.936602326811212,61.27793238563879,111.0,19.8430790960452,69.49596517252402,0
2020,23,Creuse,FR_23,46.092,2.0475000000000003,10.42266129032258,6.176462394863689,15.078049440899244,321.0,0.0,0.6819500000000001,0.6970325323393394,,0.6970325323393394,s2,26.0,10.312628,1,1,1,199.0,473.0,328.0,56.0,739.0,4.488,agreste_saa,1,1,133.2,11.9118458781362,63.38827956989248,69.5,17.72470430107527,71.18494623655914,0
2021,23,Creuse,FR_23,46.092,2.0475000000000003,9.785416666666666,5.762231182795699,14.655967741935482,264.0,0.0,0.6636500000000001,0.6048130836860088,,0.6048130836860088,s2,26.0,17.26649425,1,1,1,199.0,473.0,328.0,56.0,739.0,5.289,agreste_saa,1,1,236.6,9.261810035842291,56.87102150537635,194.2,18.105698924731183,63.99682795698925,0
2022,23,Creuse,FR_23,46.092,2.0475000000000003,11.544879032258065,7.483293010752688,16.186747311827958,314.1,0.0,0.6708500000000001,0.3551089669118483,,0.3551089669118483,s2,42.0,11.75701575,1,1,1,199.0,473.0,328.0,56.0,739.0,4.99,agreste_saa,1,1,131.3,11.715860215053764,66.88790322580645,208.4,20.115322580645163,75.37822580645161,0
2023,23,Creuse,FR_23,46.092,2.0475000000000003,12.12741935483871,8.021317204301075,17.003924731182796,627.2,0.0,0.67635,0.3521391456117624,,0.3521391456117624,s2,32.0,10.19699425,1,1,1,199.0,473.0,328.0,56.0,739.0,5.593999999999999,agreste_saa,1,1,245.6,10.963924731182797,63.274193548387096,176.8,19.46459677419355,71.82096774193548,0
2024,23,Creuse,FR_23,46.092,2.0475000000000003,10.556599462365591,6.989650537634409,15.082217741935484,550.2,0.0,0.7306,0.3022428759375898,,0.3022428759375898,s2,16.0,7.186041,1,1,1,199.0,473.0,328.0,56.0,739.0,3.995,agreste_saa,1,1,463.5,10.7147311827957,60.35010752688172,143.2,18.431989247311822,69.00817204301075,0
2010,24,Dordogne,FR_24,45.032,0.721,9.808441465144051,5.046283908864874,15.19639380062546,277.6,0.0,0.675,,0.675,0.675,modis,,,1,0,1,280.0,309.0,411.0,64.0,528.0,5.7,agreste_saa,3,1,150.10000000000002,11.640806956869634,67.2856108347666,224.6,20.07137992831541,75.06518072723972,0
2011,24,Dordogne,FR_24,45.032,0.721,12.841792457708875,7.855573456194993,18.820313854374096,221.6,0.0,0.6672500000000001,,0.6672500000000001,0.6672500000000001,modis,,,1,0,1,280.0,309.0,411.0,64.0,528.0,4.6,agreste_saa,3,1,83.60000000000001,13.9721126710249,69.83236975910644,168.0,18.67944444444444,79.27522690196359,1
2012,24,Dordogne,FR_24,45.032,0.721,11.703145161290324,7.197564617030909,17.076566962999546,238.0,0.0,0.69515,,0.69515,0.69515,modis,,,1,0,1,280.0,309.0,411.0,64.0,528.0,6.0,agreste_saa,3,1,315.0,12.07297038797317,64.69193155694879,93.2,19.37790804597701,74.97472725587352,0
2013,24,Dordogne,FR_24,45.032,0.721,11.074336917562723,6.824785681874718,16.31885324094615,348.5,0.0,0.74685,,0.74685,0.74685,modis,,,1,0,1,280.0,309.0,411.0,64.0,528.0,5.5,agreste_saa,3,1,316.3,10.440031018777846,63.40231889394603,89.8,20.04841628959276,71.41692563551906,0
2014,24,Dordogne,FR_24,45.032,0.721,12.448483475567564,7.637445667220376,18.084563330564784,190.8,0.0,0.7029500000000001,,0.7029500000000001,0.7029500000000001,modis,,,1,0,1,280.0,309.0,411.0,64.0,528.0,5.2,agreste_saa,3,1,181.5,12.056823191440808,67.0271996542783,135.3,20.110085470085476,76.39064051449336,0
2015,24,Dordogne,FR_24,45.032,0.721,11.356622905726432,6.058292708613264,17.715142210730445,137.9,0.0,0.6566500000000001,,,0.6566500000000001,modis,,,1,0,1,280.0,309.0,411.0,64.0,528.0,5.9,agreste_saa,4,1,154.6,12.632230273752011,72.85222222222222,72.3,21.99298309178744,81.88265700483092,0
2016,24,Dordogne,FR_24,45.032,0.721,10.959390360983102,5.678236710452671,17.61503689484416,138.70000000000002,0.0,0.7014,,,0.7014,modis,,,1,0,1,280.0,309.0,411.0,64.0,528.0,4.9,agreste_saa,4,1,349.2,11.213643966547194,64.88125448028674,59.900000000000006,19.6508064516129,72.94254480286739,0
2017,24,Dordogne,FR_24,45.032,0.721,10.160813058137416,5.387573056691993,15.865897725344546,240.5,0.0,0.7255,,,0.7255,modis,,,1,0,1,280.0,309.0,411.0,64.0,528.0,5.4,agreste_saa,4,1,257.0,12.780667016347584,69.98718991036064,104.8,21.064529914529917,80.47106087810258,0
2018,24,Dordogne,FR_24,45.032,0.721,12.200888095924189,7.121593437152392,18.11241889136077,229.2,0.0,0.6636500000000001,0.6890374287237775,,0.6890374287237775,s2,66.0,15.719353,1,1,1,280.0,309.0,411.0,64.0,528.0,5.1,agreste_saa,1,1,249.3,12.589903408055406,72.26680044735227,134.6,21.39733543417367,80.56438109251356,0
2019,24,Dordogne,FR_24,45.032,0.721,12.34141478963897,7.978870543652305,17.387822387726768,394.1,0.0,0.6860999999999999,0.4949995161303032,,0.4949995161303032,s2,62.0,12.860239,1,1,1,280.0,309.0,411.0,64.0,528.0,6.6,agreste_saa,1,1,174.5,11.688051484475332,68.47217064245052,134.3,21.569581865004068,78.20331818343413,0
2020,24,Dordogne,FR_24,45.032,0.721,11.646785999709389,6.690547789273812,17.34253770579378,306.2,0.0,0.7158500000000001,0.6463274626777071,,0.6463274626777071,s2,53.0,14.35782175,1,1,1,280.0,309.0,411.0,64.0,528.0,4.5,agreste_saa,1,1,164.9,13.815938987616905,71.82176654268265,74.1,19.8936974789916,81.2352119208339,0
2021,24,Dordogne,FR_24,45.032,0.721,10.74317876344086,5.618461021505376,17.04043010752688,774.7,0.0,0.696,0.7825185149451339,,0.7825185149451339,s2,75.0,6.66484925,1,1,1,280.0,309.0,411.0,64.0,528.0,5.1,agreste_saa,1,1,382.1,11.175035842293909,64.5208870967742,538.5,19.874099462365592,73.27330645161291,0
2022,24,Dordogne,FR_24,45.032,0.721,13.144059139784948,8.203763440860214,19.04948924731183,609.0,0.0,0.6821,0.3121835694246311,,0.3121835694246311,s2,72.0,16.761841,1,1,1,280.0,309.0,411.0,64.0,528.0,4.4,agreste_saa,1,1,446.2000000000001,13.32212365591398,73.93153225806452,395.5,22.01443548387097,83.99524193548388,0
2023,24,Dordogne,FR_24,45.032,0.721,13.40951612903226,8.595161290322581,19.06033602150537,1087.3,0.0,0.68205,0.3228193929523472,,0.3228193929523472,s2,77.0,1.92667175,1,1,1,280.0,309.0,411.0,64.0,528.0,5.6,agreste_saa,1,1,586.1,12.890591397849462,71.08166666666668,400.1,21.320672043010752,81.31311827956989,0
2024,24,Dordogne,FR_24,45.032,0.721,11.648360215053764,7.390994623655914,17.134133064516128,993.5,0.0,0.6908000000000001,0.4647827877698758,,0.4647827877698758,s2,44.0,6.061680000000001,1,1,1,280.0,309.0,411.0,64.0,528.0,4.4,agreste_saa,1,1,911.7,12.467921146953406,67.86239247311828,283.29999999999995,20.420443548387095,78.24465053763441,0
2010,25,Doubs,FR_25,47.257,6.352,6.716382575757576,3.641777619794861,11.190413656361931,0.0,0.0,0.5464500000000001,,0.5464500000000001,0.5464500000000001,modis,,,1,0,1,370.0,202.0,429.0,59.0,1017.0,6.399,agreste_saa,3,1,0.0,10.15330882945624,63.01084814735489,0.0,19.19642857142857,68.85278363122586,1
2011,25,Doubs,FR_25,47.257,6.352,8.653938172043011,4.984802089732215,13.77581660381544,0.0,0.0,0.769,,0.769,0.769,modis,,,1,0,1,370.0,202.0,429.0,59.0,1017.0,6.186,agreste_saa,3,1,0.0,10.42718290511011,55.37977011494253,0.0,15.090913978494624,61.463376672319576,1
2012,25,Doubs,FR_25,47.257,6.352,7.701549343903773,4.555833333333333,12.434444444444445,0.0,0.0,0.6736500000000001,,0.6736500000000001,0.6736500000000001,modis,,,1,0,1,370.0,202.0,429.0,59.0,1017.0,5.996,agreste_saa,3,1,0.0,9.169213670464018,52.47675030837407,0.0,16.14684973045822,59.801340472308496,1
2013,25,Doubs,FR_25,47.257,6.352,7.62861559139785,4.186539913247956,11.58260552485416,0.0,0.0,0.71285,,0.71285,0.71285,modis,,,1,0,1,370.0,202.0,429.0,59.0,1017.0,5.881,agreste_saa,3,1,0.0,6.464444444444445,51.29897849462365,0.0,17.108655913978495,53.61064516129032,1
2014,25,Doubs,FR_25,47.257,6.352,8.909243557895739,5.261551886422465,13.07819017784775,0.0,0.0,0.7248000000000001,,0.7248000000000001,0.7248000000000001,modis,,,1,0,1,370.0,202.0,429.0,59.0,1017.0,6.686,agreste_saa,3,1,0.0,9.070250896057347,54.53908602150537,0.0,16.843333333333334,60.8974193548387,1
2015,25,Doubs,FR_25,47.257,6.352,8.045616791795675,3.922654884423752,12.81035260673738,0.0,0.0,0.6797500000000001,,,0.6797500000000001,modis,,,1,0,1,370.0,202.0,429.0,59.0,1017.0,6.688,agreste_saa,4,1,0.0,8.941954022988506,59.6888765294772,0.0,18.919438264738595,64.66473859844271,1
2016,25,Doubs,FR_25,47.257,6.352,7.29016862170088,3.2734528015878213,11.955724497808022,0.0,0.0,0.69765,,,0.69765,modis,,,1,0,1,370.0,202.0,429.0,59.0,1017.0,3.907,agreste_saa,4,1,0.0,7.529613699721227,52.06892473118279,0.0,16.60763440860215,55.80410991636798,1
2017,25,Doubs,FR_25,47.257,6.352,6.655510752688173,2.9412374566684907,10.885131704980845,0.0,0.0,0.6805000000000001,,,0.6805000000000001,modis,,,1,0,1,370.0,202.0,429.0,59.0,1017.0,6.508,agreste_saa,4,1,0.0,9.341308243727598,56.89708538587848,0.0,18.17770935960591,64.37934345039461,1
2018,25,Doubs,FR_25,47.257,6.352,8.118904460912525,4.672986547502677,12.069966010915609,0.0,0.0,0.6202000000000001,0.6455017211481222,,0.6455017211481222,s2,35.0,16.9566015,1,1,1,370.0,202.0,429.0,59.0,1017.0,5.87,agreste_saa,1,1,0.0,9.526687531029454,61.41706225799293,0.0,18.22575789696841,65.03157838702519,1
2019,25,Doubs,FR_25,47.257,6.352,7.928404416540376,5.042242541682249,11.196800244780537,0.0,0.0,0.6957,0.6072072072072071,,0.6072072072072071,s2,21.0,22.96529375,1,1,1,370.0,202.0,429.0,59.0,1017.0,6.7,agreste_saa,1,1,0.0,6.874729917773561,51.853376344086016,0.0,18.163612903225804,56.95141555977229,1
2020,25,Doubs,FR_25,47.257,6.352,7.577129032258064,4.426711084650357,11.152772569820309,0.0,0.0,0.6776,0.5821902557536949,,0.5821902557536949,s2,30.0,21.950111,1,1,1,370.0,202.0,429.0,59.0,1017.0,6.3,agreste_saa,1,1,0.0,8.894551971326164,54.49705376344086,0.0,16.004763440860216,58.69318279569893,1
2021,25,Doubs,FR_25,47.257,6.352,7.137517921146953,3.689977598566308,10.985152329749104,696.8000000000001,0.0,0.6543000000000001,0.7010468646527745,,0.7010468646527745,s2,26.0,14.0479965,1,1,1,370.0,202.0,429.0,59.0,1017.0,5.6,agreste_saa,1,1,686.0,6.272992831541219,48.14066308243728,795.9,16.65035842293907,52.11969534050179,0
2022,25,Doubs,FR_25,47.257,6.352,8.814569892473118,5.588781362007168,12.36633064516129,1284.9,0.0,0.72445,0.3873765234018223,,0.3873765234018223,s2,32.0,11.17900325,1,1,1,370.0,202.0,429.0,59.0,1017.0,5.6,agreste_saa,1,1,470.7000000000001,9.242514934289128,60.03357078853047,439.2,19.13177643369176,65.9910976702509,0
2023,25,Doubs,FR_25,47.257,6.352,9.467840501792114,5.824399641577061,13.428176523297491,1121.9,0.0,0.5578000000000001,0.3176746581000865,,0.3176746581000865,s2,43.0,6.6030345,1,1,1,370.0,202.0,429.0,59.0,1017.0,6.2,agreste_saa,1,1,964.6,8.216905615292712,55.55543010752689,473.7,18.260421146953405,61.17155913978495,0
2024,25,Doubs,FR_25,47.257,6.352,7.462880387981195,4.28239719174195,11.093501223239128,1431.9,0.0,0.7273000000000001,0.2610078917933025,,0.2610078917933025,s2,14.0,10.167964,1,1,1,370.0,202.0,429.0,59.0,1017.0,4.4,agreste_saa,1,1,1159.8,8.868745519713261,53.885501792114695,730.5,16.9756541218638,60.55754480286738,0
2010,26,Drôme,FR_26,44.642,5.111,10.970559525655712,6.797978002364279,15.650145491127471,390.7,0.0,0.5984,,0.5984,0.5984,modis,,,1,0,1,264.0,331.0,405.0,70.0,726.0,5.788,agreste_saa,3,1,241.0,12.606679014447174,75.46224313009449,49.6,22.877607108417138,83.5752512601758,0
2011,26,Drôme,FR_26,44.642,5.111,13.343180223980582,8.632971661490684,18.970119047619047,350.8,0.0,0.64835,,0.64835,0.64835,modis,,,1,0,1,264.0,331.0,405.0,70.0,726.0,5.282,agreste_saa,3,1,89.7,14.94738906824312,77.09443172265101,172.3,21.082279799944427,87.00672680461821,1
2012,26,Drôme,FR_26,44.642,5.111,12.470089764886277,8.279516113653699,17.39213819194726,447.1,0.0,0.5691,,0.5691,0.5691,modis,,,1,0,1,264.0,331.0,405.0,70.0,726.0,6.285,agreste_saa,3,1,238.0,13.87247984964737,74.91955880672364,130.60000000000002,22.635842237586424,86.88912402411495,0
2013,26,Drôme,FR_26,44.642,5.111,12.489837570968614,8.4569594948437,17.300914077966024,380.9,0.0,0.6915500000000001,,0.6915500000000001,0.6915500000000001,modis,,,1,0,1,264.0,331.0,405.0,70.0,726.0,5.993,agreste_saa,3,1,393.8,11.48739837398374,70.78418391746942,76.0,22.323494397759102,79.10918391746942,0
2014,26,Drôme,FR_26,44.642,5.111,13.581489179679968,9.570967669989445,18.5027925492792,674.5999999999999,0.0,0.6545000000000001,,0.6545000000000001,0.6545000000000001,modis,,,1,0,1,264.0,331.0,405.0,70.0,726.0,5.283,agreste_saa,3,1,127.9,13.830654972371462,75.32610644257703,110.5,22.146988795518205,85.7859425081508,0
2015,26,Drôme,FR_26,44.642,5.111,12.742203510436433,8.365968183361149,17.69350987242228,460.8,0.0,0.6245499999999999,,,0.6245499999999999,modis,,,1,0,1,264.0,331.0,405.0,70.0,726.0,5.784000000000001,agreste_saa,4,1,125.8,14.164559620596206,81.00442318474909,112.0,24.524071348472106,91.54182155873283,0
2016,26,Drôme,FR_26,44.642,5.111,12.317907024310426,7.455897767605884,17.88457353356349,398.6,0.0,0.61045,,,0.61045,modis,,,1,0,1,264.0,331.0,405.0,70.0,726.0,5.989,agreste_saa,4,1,200.9,12.5371819730889,74.00903225806452,105.3,22.62333333333333,82.85821258593337,0
2017,26,Drôme,FR_26,44.642,5.111,11.744619219576569,6.885881585379083,17.220834898441165,161.3,0.0,0.5954,,,0.5954,modis,,,1,0,1,264.0,331.0,405.0,70.0,726.0,5.779999999999999,agreste_saa,4,1,214.2,14.168294306703396,78.57271132733516,71.0,23.961830870279144,90.42854466066848,0
2018,26,Drôme,FR_26,44.642,5.111,13.278734886339516,8.776379840260732,18.36366610004692,475.6,0.0,0.6076,0.623654182382904,,0.623654182382904,s2,20.0,14.10226575,1,1,1,264.0,331.0,405.0,70.0,726.0,5.0840000000000005,agreste_saa,1,1,364.7000000000001,13.804239859024548,79.78609456809569,60.8,23.746943905767434,88.9066073886085,0
2019,26,Drôme,FR_26,44.642,5.111,13.05671094988383,8.73377619047619,17.994521230158732,514.2,0.0,0.6172,0.2829838941812012,,0.2829838941812012,s2,14.0,16.56785175,1,1,1,264.0,331.0,405.0,70.0,726.0,5.184,agreste_saa,1,1,147.8,12.863838898132352,75.8081973946219,103.2,23.99814298169137,86.5878026577798,0
2020,26,Drôme,FR_26,44.642,5.111,12.1686259404635,7.672036049647748,16.99147357480511,367.6,0.0,0.5167,0.4535551411239944,,0.4535551411239944,s2,14.0,10.52117075,1,1,1,264.0,331.0,405.0,70.0,726.0,5.372999999999999,agreste_saa,1,1,138.7,14.201649102263856,77.7758085083158,107.9,22.63666010895884,87.87826752470924,0
2021,26,Drôme,FR_26,44.642,5.111,12.017290322580644,7.851198924731183,16.799473118279572,904.5,0.0,0.5413,0.5481447945139466,,0.5481447945139466,s2,20.0,16.9310725,1,1,1,264.0,331.0,405.0,70.0,726.0,5.792,agreste_saa,1,1,439.1,12.106458781362008,72.62410752688172,334.7,22.876559139784945,82.07249462365591,0
2022,26,Drôme,FR_26,44.642,5.111,13.640451612903226,9.62644623655914,18.292870967741933,1283.6,0.0,0.68705,0.3948775400934501,,0.3948775400934501,s2,24.0,13.808068,1,1,1,264.0,331.0,405.0,70.0,726.0,4.794,agreste_saa,1,1,200.2,14.270212540148025,84.37696020108923,125.6,25.666064516129037,94.14276665270214,0
2023,26,Drôme,FR_26,44.642,5.111,13.807290322580643,9.211317204301077,19.076306451612904,780.9,0.0,0.5729,0.4282108437881451,,0.4282108437881451,s2,29.0,5.7686435,1,1,1,264.0,331.0,405.0,70.0,726.0,5.266,agreste_saa,1,1,416.6,13.67473835125448,77.92221505376344,469.7,23.75158064516129,88.52737634408602,0
2024,26,Drôme,FR_26,44.642,5.111,12.382573227142856,8.548154672683411,17.07479592279681,783.7,0.0,0.66925,0.4225587011962322,,0.4225587011962322,s2,18.0,16.363273,1,1,1,264.0,331.0,405.0,70.0,726.0,5.193,agreste_saa,1,1,780.6500000000001,13.500688172043011,74.56632258064516,322.4,22.669870967741936,85.84180645161291,0
2010,27,Eure,FR_27,49.159,1.005,7.917818712577702,4.4739468032852425,11.320508467471496,291.4,0.0,0.3447,,0.3447,0.3447,modis,,,1,0,1,185.0,112.0,704.0,68.0,313.0,8.4,agreste_saa,3,1,130.89999999999998,9.680554128859214,58.81604709386557,60.3,18.25385902031063,65.54938042719891,0
2011,27,Eure,FR_27,49.159,1.005,11.1757216050546,7.635961434711435,15.11246151746152,223.6,0.0,0.6267,,0.6267,0.6267,modis,,,1,0,1,185.0,112.0,704.0,68.0,313.0,7.9,agreste_saa,3,1,56.400000000000006,11.871595412799882,60.133398156125,169.0,16.28999561403509,68.19477746646982,1
2012,27,Eure,FR_27,49.159,1.005,9.675043541005838,6.394049231099059,13.227576100370218,323.6,0.0,0.5128,,0.5128,0.5128,modis,,,1,0,1,185.0,112.0,704.0,68.0,313.0,8.7,agreste_saa,3,1,125.79999999999998,10.253374112746627,54.323036281726885,173.3,16.335198468342142,63.430519274924166,0
2013,27,Eure,FR_27,49.159,1.005,10.10997229615014,6.63882240150085,13.59901171679332,162.8,0.0,0.5232,,0.5232,0.5232,modis,,,1,0,1,185.0,112.0,704.0,68.0,313.0,8.598,agreste_saa,3,1,130.6,7.979611323127312,55.02517148262814,88.39999999999999,17.660618421052632,59.2600708114872,0
2014,27,Eure,FR_27,49.159,1.005,10.781793322804248,7.131941948368948,14.60563673227629,169.89999999999998,0.0,0.34695,,0.34695,0.34695,modis,,,1,0,1,185.0,112.0,704.0,68.0,313.0,8.599,agreste_saa,3,1,195.8,10.452267573696146,57.09901362565228,99.29999999999998,17.078572984749457,65.51394869058734,0
2015,27,Eure,FR_27,49.159,1.005,10.797880182243214,7.126274335463076,14.447407898882584,163.1,0.0,0.56315,,,0.56315,modis,,,1,0,1,185.0,112.0,704.0,68.0,313.0,9.299,agreste_saa,4,1,61.2,10.183000551306614,58.7594864630416,71.1,17.652984340044743,65.85497033400934,1
2016,27,Eure,FR_27,49.159,1.005,9.714554696372344,5.957470659562481,13.798707530682869,149.0,0.0,0.6221000000000001,,,0.6221000000000001,modis,,,1,0,1,185.0,112.0,704.0,68.0,313.0,6.699,agreste_saa,4,1,153.6,9.125461946404192,55.46320867608532,122.3,17.041766681594268,61.45991920240111,0
2017,27,Eure,FR_27,49.159,1.005,9.888645364838084,6.189384750747943,13.635841976530273,257.0,0.0,0.3882,,,0.3882,modis,,,1,0,1,185.0,112.0,704.0,68.0,313.0,8.498999999999999,agreste_saa,4,1,125.6,11.119647641831852,61.03528075984664,53.2,18.61933774834437,70.5976184221843,0
2018,27,Eure,FR_27,49.159,1.005,10.466870583717355,6.522801329201172,14.473252003193034,210.9,0.0,0.4566,0.3517136268935064,,0.3517136268935064,s2,40.0,10.663982,1,1,1,185.0,112.0,704.0,68.0,313.0,8.199,agreste_saa,1,1,142.0,10.990989391643213,66.1666262833343,66.69999999999999,19.615538731621683,72.204045638173,0
2019,27,Eure,FR_27,49.159,1.005,10.343576487326487,7.052326182532235,13.82355007298509,350.3,0.0,0.2967499999999999,0.7677609015188633,,0.7677609015188633,s2,23.0,23.02281625,1,1,1,185.0,112.0,704.0,68.0,313.0,9.0,agreste_saa,1,1,118.9,10.346784829733776,60.20096421254272,80.69999999999999,18.90612185513475,68.85259819947082,0
2020,27,Eure,FR_27,49.159,1.005,10.716222351434254,6.468802814607415,14.606660971393335,221.9,0.0,0.36365,0.2490930553324267,,0.2490930553324267,s2,30.0,22.0251365,1,1,1,185.0,112.0,704.0,68.0,313.0,7.699,agreste_saa,1,1,83.1,11.422541429475016,61.77562169046012,69.7,17.46786966875947,69.203363625944,1
2021,27,Eure,FR_27,49.159,1.005,10.287020609318995,6.359964157706093,14.349583333333332,847.0,0.0,0.3043,0.1706615532118887,,0.1706615532118887,s2,18.0,6.6421515,1,1,1,185.0,112.0,704.0,68.0,313.0,8.2,agreste_saa,1,1,479.6,8.797449223416963,54.7355376344086,685.8,17.75250896057348,61.89736559139785,0
2022,27,Eure,FR_27,49.159,1.005,10.862267025089606,7.517437275985663,14.547186379928316,989.8,0.0,0.53425,0.0922010870169574,,0.0922010870169574,s2,24.0,21.22660775,1,1,1,185.0,112.0,704.0,68.0,313.0,8.799,agreste_saa,1,1,321.7,11.230953695631117,63.3189184345636,325.6,19.177544802867384,72.04795069262812,0
2023,27,Eure,FR_27,49.159,1.005,12.16513440860215,8.611344086021505,16.11002688172043,995.2,0.0,0.60775,0.1331139694884834,,0.1331139694884834,s2,33.0,1.7606235,1,1,1,185.0,112.0,704.0,68.0,313.0,8.798,agreste_saa,1,1,648.8,10.456810035842294,61.33283154121864,519.5,19.167491039426523,69.70541218637993,0
2024,27,Eure,FR_27,49.159,1.005,10.374014390627291,7.373737852482227,13.517396437530715,1154.1,0.0,0.4477,0.1574677645723041,,0.1574677645723041,s2,15.0,20.652911,1,1,1,185.0,112.0,704.0,68.0,313.0,7.4,agreste_saa,1,1,904.4,11.07925925925926,59.05320788530466,426.2,17.240510752688174,67.71879928315413,0
2010,28,Eure-et-Loir,FR_28,48.416,1.41,8.079131041219775,4.498518367567304,11.707665773004331,0.0,0.0,0.1885,,0.1885,0.1885,modis,,,1,0,1,265.0,140.0,595.0,66.0,385.0,7.798,agreste_saa,3,1,0.0,10.20557347010948,62.10878906224179,0.0,19.097946894262684,68.81261419885381,1
2011,28,Eure-et-Loir,FR_28,48.416,1.41,11.31758482193012,7.448234763278471,15.613908150999738,0.0,0.0,0.494,,0.494,0.494,modis,,,1,0,1,265.0,140.0,595.0,66.0,385.0,7.198,agreste_saa,3,1,0.0,12.39208488171848,62.664696134683176,0.0,16.925576676967257,71.02740799908996,1
2012,28,Eure-et-Loir,FR_28,48.416,1.41,9.843851004032652,6.490909887584728,13.531015530493487,0.0,0.0,0.3046999999999999,,0.3046999999999999,0.3046999999999999,modis,,,1,0,1,265.0,140.0,595.0,66.0,385.0,8.199,agreste_saa,3,1,0.0,10.653614663187003,56.3808846618585,0.0,16.878226857887874,65.71729770533676,1
2013,28,Eure-et-Loir,FR_28,48.416,1.41,10.178932148091285,6.510166679301643,13.775388765153258,0.0,0.0,0.5514000000000001,,0.5514000000000001,0.5514000000000001,modis,,,1,0,1,265.0,140.0,595.0,66.0,385.0,8.096,agreste_saa,3,1,0.0,8.41500267623149,57.75997889116533,0.0,18.539871794871797,62.32475161843806,1
2014,28,Eure-et-Loir,FR_28,48.416,1.41,10.950076593436158,7.042294742581427,14.84009237388702,0.0,0.0,0.4407,,0.4407,0.4407,modis,,,1,0,1,265.0,140.0,595.0,66.0,385.0,8.498999999999999,agreste_saa,3,1,0.0,10.74429439222236,59.44602207783073,0.0,17.84554794520548,67.92397906707804,1
2015,28,Eure-et-Loir,FR_28,48.416,1.41,10.849346951774177,7.154701722792902,14.54142856117224,0.0,0.0,0.4598,,,0.4598,modis,,,1,0,1,265.0,140.0,595.0,66.0,385.0,8.599,agreste_saa,4,1,0.0,10.610089826852834,62.496014080785855,0.0,18.97408109132247,69.77843166320343,1
2016,28,Eure-et-Loir,FR_28,48.416,1.41,9.70525741277608,5.8582731495526055,13.800292119867542,0.0,0.0,0.35685,,,0.35685,modis,,,1,0,1,265.0,140.0,595.0,66.0,385.0,5.432,agreste_saa,4,1,0.0,9.448986316741475,58.17932028914672,0.0,17.957706093189962,64.26237113660434,1
2017,28,Eure-et-Loir,FR_28,48.416,1.41,9.94839452405138,6.355014396018641,13.742379728438143,0.0,0.0,0.5075000000000001,,,0.5075000000000001,modis,,,1,0,1,265.0,140.0,595.0,66.0,385.0,7.949,agreste_saa,4,1,0.0,11.450129733520336,63.929479326910105,0.0,19.61830850403476,73.58700620863053,1
2018,28,Eure-et-Loir,FR_28,48.416,1.41,10.67111215362146,6.605218946802215,14.893694877584306,0.0,0.0,0.3246,0.1779041429731926,,0.1779041429731926,s2,103.0,6.8830905,1,1,1,265.0,140.0,595.0,66.0,385.0,7.7,agreste_saa,1,1,0.0,11.410595985619544,68.73378955428396,0.0,20.455595393307256,75.14297874347315,1
2019,28,Eure-et-Loir,FR_28,48.416,1.41,10.593852838374197,7.310577435831118,14.209659884935752,0.0,0.0,0.5261,0.2055099513142361,,0.2055099513142361,s2,77.0,19.99926725,1,1,1,265.0,140.0,595.0,66.0,385.0,8.549,agreste_saa,1,1,0.0,10.519481093997223,62.66194178049017,0.0,19.873641141141142,71.30572556427396,1
2020,28,Eure-et-Loir,FR_28,48.416,1.41,10.954585155822851,7.040329179314115,14.909469718393948,0.0,0.0,0.35585,0.296909659459577,,0.296909659459577,s2,89.0,13.48230525,1,1,1,265.0,140.0,595.0,66.0,385.0,6.998,agreste_saa,1,1,0.0,11.94038504493273,64.71775985663082,0.0,18.33118279569892,72.48352072619605,1
2021,28,Eure-et-Loir,FR_28,48.416,1.41,10.226594982078852,6.357128136200717,14.48241487455197,215.8,0.0,0.42605,0.5589178456236359,,0.5589178456236359,s2,58.0,4.9612127500000005,1,1,1,265.0,140.0,595.0,66.0,385.0,8.3,agreste_saa,1,1,139.60000000000002,9.202688172043011,57.671021505376345,146.2,18.67502688172043,64.9581182795699,0
2022,28,Eure-et-Loir,FR_28,48.416,1.41,10.88611559139785,7.505421146953405,14.651581541218638,491.1,0.0,0.47975,0.2757911456101238,,0.2757911456101238,s2,86.0,18.004931,1,1,1,265.0,140.0,595.0,66.0,385.0,8.3,agreste_saa,1,1,240.2,11.658542413381122,66.10320788530466,292.5,19.960564516129036,74.89675627240143,0
2023,28,Eure-et-Loir,FR_28,48.416,1.41,12.319686379928315,8.534802867383512,16.511375448028673,695.1,0.0,0.5115000000000001,0.2973493211637374,,0.2973493211637374,s2,83.0,4.68827575,1,1,1,265.0,140.0,595.0,66.0,385.0,8.1,agreste_saa,1,1,290.9,10.683130227001197,63.80912186379928,198.0,20.043306451612903,72.13600358422939,0
2024,28,Eure-et-Loir,FR_28,48.416,1.41,10.320833333333333,7.362680380180834,13.42927603981292,887.7,0.0,0.40805,0.1773969430291802,,0.1773969430291802,s2,40.0,25.661659,1,1,1,265.0,140.0,595.0,66.0,385.0,6.8,agreste_saa,1,1,559.4,11.318189964157703,61.41664874551972,283.2,18.13507168458781,70.22471326164874,0
2010,29,Finistère,FR_29,48.356,-4.146,10.15516286142114,7.386480655314313,13.175920831397328,450.4,0.0,0.6311500000000001,,0.6311500000000001,0.6311500000000001,modis,,,1,0,1,237.0,221.0,542.0,59.0,520.0,6.598000000000001,agreste_saa,3,1,164.4,10.097038235172244,55.56008955803998,118.5,16.324747166521362,62.94060903855945,0
2011,29,Finistère,FR_29,48.356,-4.146,12.817352150537634,10.007298288719342,15.853474058480638,391.0,0.0,0.7163,,0.7163,0.7163,modis,,,1,0,1,237.0,221.0,542.0,59.0,520.0,5.101,agreste_saa,3,1,61.1,11.473798540817349,55.99459096504824,151.1,15.04705518763797,64.51550599772798,1
2012,29,Finistère,FR_29,48.356,-4.146,11.171584160617144,8.393772232597435,13.973046567030426,462.0,0.0,0.7239500000000001,,0.7239500000000001,0.7239500000000001,modis,,,1,0,1,237.0,221.0,542.0,59.0,520.0,5.9,agreste_saa,3,1,284.20000000000005,10.505297052154196,52.21775911137402,203.1,15.280933977455716,62.07775911137402,0
2013,29,Finistère,FR_29,48.356,-4.146,12.230419961109494,9.394070217636392,15.002997469712849,343.9,0.0,0.72685,,0.72685,0.72685,modis,,,1,0,1,237.0,221.0,542.0,59.0,520.0,7.397,agreste_saa,3,1,229.3,8.746129753914989,51.26277635851916,87.5,15.806193548387096,57.85077635851916,0
2014,29,Finistère,FR_29,48.356,-4.146,12.535310145809795,9.644585156552084,15.890061055699809,304.40000000000003,0.0,0.7402,,0.7402,0.7402,modis,,,1,0,1,237.0,221.0,542.0,59.0,520.0,7.398000000000001,agreste_saa,3,1,186.2,10.570277006005789,56.6126155098051,60.8,16.762182568474515,65.23519615496639,0
2015,29,Finistère,FR_29,48.356,-4.146,12.754797668662398,9.563217766037113,15.636572862476529,195.0,0.0,0.7293000000000001,,,0.7293000000000001,modis,,,1,0,1,237.0,221.0,542.0,59.0,520.0,7.398000000000001,agreste_saa,4,1,182.8,10.678696939447326,55.41605343656361,79.6,15.938325679971742,63.91274217828546,0
2016,29,Finistère,FR_29,48.356,-4.146,11.52068817204301,8.400889660078956,14.918754492192988,236.5,0.0,0.7334,,,0.7334,modis,,,1,0,1,237.0,221.0,542.0,59.0,520.0,6.797,agreste_saa,4,1,192.7,9.950672742462215,54.513314515185485,78.39999999999999,16.17801656495205,62.20805135729074,0
2017,29,Finistère,FR_29,48.356,-4.146,11.466660384083545,8.539075702703142,14.233360063256962,291.8,0.0,0.74715,,,0.74715,modis,,,1,0,1,237.0,221.0,542.0,59.0,520.0,7.456999999999999,agreste_saa,4,1,121.6,11.48046932691205,57.68688596491228,108.1,16.673065789473686,67.78753955968352,0
2018,29,Finistère,FR_29,48.356,-4.146,11.686377688172044,8.589759230871767,15.113491791077935,377.0,0.0,0.6194500000000001,0.8065999290294348,,0.8065999290294348,s2,29.0,15.5105655,1,1,1,237.0,221.0,542.0,59.0,520.0,7.127,agreste_saa,1,1,186.1,10.492375366568917,59.90277126099707,65.89999999999999,17.824112903225807,67.12535190615836,0
2019,29,Finistère,FR_29,48.356,-4.146,11.4727402145371,8.750850853939971,14.20128624720507,508.5,0.0,0.59675,0.6967922986903599,,0.6967922986903599,s2,25.0,19.434866,1,1,1,237.0,221.0,542.0,59.0,520.0,7.552,agreste_saa,1,1,189.7,10.706456306366343,56.10105984487925,114.4,16.70100806451613,65.5213850481313,0
2020,29,Finistère,FR_29,48.356,-4.146,11.636979477274782,7.838293602506146,14.833974177323784,513.0999999999999,0.0,0.70065,0.7507118102547168,,0.7507118102547168,s2,26.0,17.23567575,1,1,1,237.0,221.0,542.0,59.0,520.0,6.952,agreste_saa,1,1,163.29999999999998,11.668028233151183,57.72011810329632,101.5,15.555147849462363,66.11438039837829,0
2021,29,Finistère,FR_29,48.356,-4.146,12.05271505376344,8.866075268817204,15.10829301075269,1224.7,0.0,0.7351500000000001,0.8481550566506697,,0.8481550566506697,s2,33.0,19.622328,1,1,1,237.0,221.0,542.0,59.0,520.0,6.99,agreste_saa,1,1,519.3,9.755937873357228,52.861272401433695,491.3,16.18839605734767,61.64460573476703,0
2022,29,Finistère,FR_29,48.356,-4.146,12.40551523297491,9.73576164874552,15.243875448028676,858.6,0.0,0.7175500000000001,0.5697384466499253,,0.5697384466499253,s2,36.0,11.9888475,1,1,1,237.0,221.0,542.0,59.0,520.0,6.961,agreste_saa,1,1,417.3,11.288983499628662,58.52693257773903,268.7,17.150958781362007,68.16886806161,0
2023,29,Finistère,FR_29,48.356,-4.146,13.32448476702509,10.577916666666669,16.229941756272403,1560.3,0.0,0.77785,0.5684592215253451,,0.5684592215253451,s2,31.0,21.2130645,1,1,1,237.0,221.0,542.0,59.0,520.0,6.970000000000001,agreste_saa,1,1,1071.9,11.227622461170848,58.77186379928315,368.6,17.301218637992832,68.28530465949821,0
2024,29,Finistère,FR_29,48.356,-4.146,12.087997344607688,9.437222024432662,14.957674024791508,1251.5,0.0,0.7230500000000001,0.1455497382198953,,0.1455497382198953,s2,13.0,27.056235,1,1,1,237.0,221.0,542.0,59.0,520.0,6.45,agreste_saa,1,1,1423.5,11.30236559139785,56.13456989247312,434.9,15.814274193548384,65.53564516129032,0
2010,2A,Corse-du-Sud,FR_2A,41.8975,8.947,14.94601806520796,11.464633191152071,18.79556825379504,393.8,0.0,0.6968000000000001,,0.6968000000000001,0.6968000000000001,modis,,,1,0,1,196.0,419.0,386.0,65.0,1025.0,3.0,eurostat_apro_cpshr_subnational,3,1,172.6,13.97568637606375,77.33242124647857,74.69999999999999,23.11781263809103,88.16268440437331,0
2011,2A,Corse-du-Sud,FR_2A,41.8975,8.947,16.726654396266955,12.884082268856448,20.961940599043544,211.2,0.0,0.72735,,0.72735,0.72735,modis,,,1,0,1,196.0,419.0,386.0,65.0,1025.0,3.0,eurostat_apro_cpshr_subnational,3,1,90.4,14.559155371304977,77.43154177926878,84.2,22.33986678004535,88.35719967400563,1
2012,2A,Corse-du-Sud,FR_2A,41.8975,8.947,16.11581820184169,12.541806106586586,20.136892076817364,462.0,0.0,0.6656,,0.6656,0.6656,modis,,,1,0,1,196.0,419.0,386.0,65.0,1025.0,3.142857142857143,eurostat_apro_cpshr_subnational,3,1,336.7,14.510957600319305,78.26941205091998,6.9,23.51307481978623,90.55902244053036,0
2013,2A,Corse-du-Sud,FR_2A,41.8975,8.947,16.18675309144756,12.524267007590351,20.4147119078105,380.2,0.0,0.72545,,0.72545,0.72545,modis,,,1,0,1,196.0,419.0,386.0,65.0,1025.0,3.5,eurostat_apro_cpshr_subnational,3,1,271.9,14.197618088676911,75.62555182072829,6.1,22.38661904761905,87.36609236126883,0
2014,2A,Corse-du-Sud,FR_2A,41.8975,8.947,17.22253364531342,13.271933679445148,21.653112656333672,241.6,0.0,0.71765,,0.71765,0.71765,modis,,,1,0,1,196.0,419.0,386.0,65.0,1025.0,3.4615384615384617,eurostat_apro_cpshr_subnational,3,1,143.9,14.305273220399272,76.29250204828288,70.9,22.388341193542537,87.69250204828289,0
2015,2A,Corse-du-Sud,FR_2A,41.8975,8.947,16.14596471300924,12.173032120150989,20.49129591689118,225.7,0.0,0.7017,,,0.7017,modis,,,1,0,1,196.0,419.0,386.0,65.0,1025.0,3.2727272727272725,eurostat_apro_cpshr_subnational,4,1,100.0,14.585402323735297,81.5466846373391,23.9,24.6694323814537,93.09507173411328,1
2016,2A,Corse-du-Sud,FR_2A,41.8975,8.947,16.410738839388223,12.074106319119872,20.956932399096942,320.6,0.0,0.7805500000000001,,,0.7805500000000001,modis,,,1,0,1,196.0,419.0,386.0,65.0,1025.0,2.875,eurostat_apro_cpshr_subnational,4,1,80.8,14.675480041243189,77.93564579748843,33.6,22.753602836879438,89.53364579748843,1
2017,2A,Corse-du-Sud,FR_2A,41.8975,8.947,15.296789016999575,10.97720979205054,19.872437483548303,243.2,0.0,0.7279,,,0.7279,modis,,,1,0,1,196.0,419.0,386.0,65.0,1025.0,3.571428571428571,eurostat_apro_cpshr_subnational,4,1,57.9,15.363876730620564,81.91316745548795,31.200000000000003,24.36141379310345,94.8144577780686,1
2018,2A,Corse-du-Sud,FR_2A,41.8975,8.947,16.816197644649257,12.99881032125769,21.11814177489177,275.40000000000003,0.0,0.7882500000000001,0.8867726497448414,,0.8867726497448414,s2,53.0,11.29362475,1,1,1,196.0,419.0,386.0,65.0,1025.0,3.666666666666667,eurostat_apro_cpshr_subnational,1,1,321.7,15.047683812845102,80.80497567124911,77.4,23.603865342163356,92.350782122862,0
2019,2A,Corse-du-Sud,FR_2A,41.8975,8.947,17.367840401839306,13.87875533934504,21.253537810473027,459.4,0.0,0.7720500000000001,0.8291641655632047,,0.8291641655632047,s2,45.0,7.2894305,1,1,1,196.0,419.0,386.0,65.0,1025.0,3.909090909090909,eurostat_apro_cpshr_subnational,1,1,143.8,14.002104308390022,78.6622269036647,56.39999999999999,24.547290322580647,91.10089357033137,0
2020,2A,Corse-du-Sud,FR_2A,41.8975,8.947,15.873872488006931,11.714247362852202,20.203622764332444,349.5,0.0,0.82175,0.885938210265727,,0.885938210265727,s2,43.0,11.171636,1,1,1,196.0,419.0,386.0,65.0,1025.0,3.571428571428571,eurostat_apro_cpshr_subnational,1,1,144.8,14.96239618606309,79.72428315412186,66.3,23.231254480286736,91.34969751876277,0
2021,2A,Corse-du-Sud,FR_2A,41.8975,8.947,16.425425627240145,12.79850806451613,20.584153225806453,652.55,0.0,0.76805,0.8449879794197686,,0.8449879794197686,s2,35.0,5.308786250000001,1,1,1,196.0,419.0,386.0,65.0,1025.0,,,2,0,485.3,13.73536439665472,77.98899641577061,102.8,24.05354838709677,89.31318996415771,0
2022,2A,Corse-du-Sud,FR_2A,41.8975,8.947,17.845362903225805,14.26491935483871,22.00250896057348,1256.8,0.0,0.69315,0.5510619693678955,,0.5510619693678955,s2,75.0,20.3413965,1,1,1,196.0,419.0,386.0,65.0,1025.0,,,2,0,491.2,14.623128451031675,84.74164341761116,14.3,25.80548387096774,95.48035309503052,0
2023,2A,Corse-du-Sud,FR_2A,41.8975,8.947,17.99227598566308,14.252701612903223,22.156487455197134,790.4,0.0,0.7764500000000001,0.5452873071550532,,0.5452873071550532,s2,63.0,5.797231,1,1,1,196.0,419.0,386.0,65.0,1025.0,4.166666666666667,eurostat_apro_cpshr_subnational,1,1,535.8,15.184910394265232,81.76008960573476,199.8,24.70939964157706,94.97353046594982,0
2024,2A,Corse-du-Sud,FR_2A,41.8975,8.947,16.718382616487453,13.16947386903032,20.886046934030805,1010.3,0.0,0.7585500000000001,0.4256921385656343,,0.4256921385656343,s2,41.0,19.518475,1,1,1,196.0,419.0,386.0,65.0,1025.0,4.333333333333334,eurostat_apro_cpshr_subnational,1,1,730.1,15.615238948626043,81.9118817204301,141.89999999999998,24.1118458781362,95.06940860215052,0
2010,2B,Haute-Corse,FR_2B,42.4215,9.3455,14.81036228324212,11.519379117277564,18.509918478260868,241.1,0.0,0.74575,,0.74575,0.74575,modis,,,1,0,1,313.0,313.0,374.0,66.0,705.0,3.0,pik_france_county_1900_2018,3,1,284.6,14.0028954077297,78.08432582274416,49.6,23.356852057842048,88.7223903388732,0
2011,2B,Haute-Corse,FR_2B,42.4215,9.3455,16.653896898109704,13.16634851003366,20.681914448890968,243.7,0.0,0.6839500000000001,,0.6839500000000001,0.6839500000000001,modis,,,1,0,1,313.0,313.0,374.0,66.0,705.0,3.0,pik_france_county_1900_2018,3,1,183.0,14.681495599973411,78.30968460988137,38.3,22.50233574708584,89.04915829409191,0
2012,2B,Haute-Corse,FR_2B,42.4215,9.3455,16.043441385003884,12.805642712520118,20.00289278078213,250.7,0.0,0.7615000000000001,,0.7615000000000001,0.7615000000000001,modis,,,1,0,1,313.0,313.0,374.0,66.0,705.0,3.5,pik_france_county_1900_2018,3,1,181.3,14.646009155595364,79.04167973001582,4.6,23.857345612134345,91.65271869105476,0
2013,2B,Haute-Corse,FR_2B,42.4215,9.3455,16.37447427601255,13.20241365540863,20.30457122186323,177.4,0.0,0.7358,,0.7358,0.7358,modis,,,1,0,1,313.0,313.0,374.0,66.0,705.0,3.5,pik_france_county_1900_2018,3,1,288.1,14.236073237511397,76.62953182915395,6.5,22.726763440860218,88.16174659425462,0
2014,2B,Haute-Corse,FR_2B,42.4215,9.3455,17.39006467162067,14.138627228711004,21.39139450675498,138.5,0.0,0.7200500000000001,,0.7200500000000001,0.7200500000000001,modis,,,1,0,1,313.0,313.0,374.0,66.0,705.0,3.5,pik_france_county_1900_2018,3,1,84.7,14.630881312251129,77.69622009569377,54.2,22.72,89.33264393675339,1
2015,2B,Haute-Corse,FR_2B,42.4215,9.3455,16.27198847926267,12.967985019517124,20.18812353677956,254.0,0.0,0.76985,,,0.76985,modis,,,1,0,1,313.0,313.0,374.0,66.0,705.0,3.5,pik_france_county_1900_2018,4,1,222.7,15.072298477303889,83.30465811469739,16.0,25.070655534941253,95.35820650179416,0
2016,2B,Haute-Corse,FR_2B,42.4215,9.3455,16.473464295958536,12.780952213242855,20.68937427574312,305.5,0.0,0.76895,,,0.76895,modis,,,1,0,1,313.0,313.0,374.0,66.0,705.0,3.0,pik_france_county_1900_2018,4,1,95.9,14.95857110185982,79.67048327381735,7.2,23.305937615697893,91.48758853697524,1
2017,2B,Haute-Corse,FR_2B,42.4215,9.3455,15.486039450259916,11.953874964847389,19.60916525205231,94.1,0.0,0.6573500000000001,,,0.6573500000000001,modis,,,1,0,1,313.0,313.0,374.0,66.0,705.0,3.5,pik_france_county_1900_2018,4,1,55.2,15.65073511842013,83.37401707349606,20.6,24.82155102040816,96.5953073960767,1
2018,2B,Haute-Corse,FR_2B,42.4215,9.3455,16.795639360498022,13.351985049414148,20.870348445720992,487.3,0.0,0.7746000000000001,0.5888508694693401,,0.5888508694693401,s2,103.0,7.47844225,1,1,1,313.0,313.0,374.0,66.0,705.0,3.5,pik_france_county_1900_2018,1,1,252.9,15.075594303981402,81.85710292903457,43.3,23.97645033112583,93.17968357419586,0
2019,2B,Haute-Corse,FR_2B,42.4215,9.3455,17.294507218130686,14.157640512767776,20.871834715058696,297.8,0.0,0.7718,0.8213712386459089,,0.8213712386459089,s2,91.0,7.615017499999999,1,1,1,313.0,313.0,374.0,66.0,705.0,3.909090909090909,eurostat_apro_cpshr_subnational,1,1,136.6,14.23920187493342,79.3722094679514,38.5,24.726295210166175,92.1701960451326,0
2020,2B,Haute-Corse,FR_2B,42.4215,9.3455,16.09807821594606,12.78897301641652,19.902782010310258,130.8,0.0,0.7576,0.8059613006295293,,0.8059613006295293,s2,89.0,11.6030805,1,1,1,313.0,313.0,374.0,66.0,705.0,3.571428571428571,eurostat_apro_cpshr_subnational,1,1,179.39999999999998,15.093975524452183,80.4231859740102,92.0,23.377892270159226,92.037711113675,0
2021,2B,Haute-Corse,FR_2B,42.4215,9.3455,16.58995071684588,13.522562724014335,20.23410394265233,606.8,0.0,0.6553,0.7221947315892654,,0.7221947315892654,s2,74.0,4.57114325,1,1,1,313.0,313.0,374.0,66.0,705.0,,,2,0,434.5,14.047622461170846,78.83935483870967,93.4,24.2068458781362,90.55655913978494,0
2022,2B,Haute-Corse,FR_2B,42.4215,9.3455,17.802580645161292,14.680779569892472,21.505851254480287,900.1,0.0,0.7534000000000001,0.3986601986363852,,0.3986601986363852,s2,126.0,16.397279249999997,1,1,1,313.0,313.0,374.0,66.0,705.0,,,2,0,566.8,14.809831282895798,85.7529884723433,34.0,26.098844086021508,96.6271820207304,0
2023,2B,Haute-Corse,FR_2B,42.4215,9.3455,18.09122311827957,14.738225806451611,21.909605734767027,519.3,0.0,0.76095,0.4114956700772847,,0.4114956700772847,s2,123.0,6.755386000000001,1,1,1,313.0,313.0,374.0,66.0,705.0,4.166666666666667,eurostat_apro_cpshr_subnational,1,1,641.8,15.321851851851854,82.24810035842295,226.1,24.87191756272401,95.70939068100358,0
2024,2B,Haute-Corse,FR_2B,42.4215,9.3455,16.734198028673838,13.5593521747554,20.57498450062966,1277.0,0.0,0.7823500000000001,0.2782362543638249,,0.2782362543638249,s2,84.0,15.394648,1,1,1,313.0,313.0,374.0,66.0,705.0,4.333333333333334,eurostat_apro_cpshr_subnational,1,1,834.4000000000001,15.451672640382318,81.35555555555555,154.4,24.046505376344086,94.44802867383513,0
2010,30,Gard,FR_30,44.019,4.198,10.179453254986203,6.422023501429558,14.417861589204517,1164.0,0.0,0.5485,,0.5485,0.5485,modis,,,1,0,1,278.0,290.0,432.0,75.0,460.0,3.798,agreste_saa,3,1,602.0,11.05046212879546,68.7151928379993,194.0,21.23190322580645,75.61519283799929,0
2011,30,Gard,FR_30,44.019,4.198,13.058335525014783,9.095250524648646,17.768279498006102,744.0999999999999,0.0,0.5341,,0.5341,0.5341,modis,,,1,0,1,278.0,290.0,432.0,75.0,460.0,3.572,agreste_saa,3,1,377.2,13.473293358480715,70.58171151679062,265.9,19.463810457516335,79.34750099047483,0
2012,30,Gard,FR_30,44.019,4.198,11.730359592081838,7.904598073726256,15.89427205684432,1019.9,0.0,0.56355,,0.56355,0.56355,modis,,,1,0,1,278.0,290.0,432.0,75.0,460.0,3.686,agreste_saa,3,1,460.0,12.49686471962334,68.18755785615355,198.6,20.82672860188852,79.14405136264705,0
2013,30,Gard,FR_30,44.019,4.198,11.96464748403511,8.22573948889049,16.180946758214905,809.2,0.0,0.49345,,0.49345,0.49345,modis,,,1,0,1,278.0,290.0,432.0,75.0,460.0,4.58,agreste_saa,3,1,634.9,10.260199764914995,65.2166234085255,140.5,20.860727288678333,72.50205387210165,0
2014,30,Gard,FR_30,44.019,4.198,12.750086618982442,8.938174282661782,16.906769235942964,1143.5,0.0,0.5630999999999999,,0.5630999999999999,0.5630999999999999,modis,,,1,0,1,278.0,290.0,432.0,75.0,460.0,3.1,agreste_saa,3,1,438.1,12.477814332295184,69.08120999976606,315.5,20.51113840340104,78.45571980368763,0
2015,30,Gard,FR_30,44.019,4.198,12.361589136314088,8.167133994176108,16.846113981948807,731.0999999999999,0.0,0.6074,,,0.6074,modis,,,1,0,1,278.0,290.0,432.0,75.0,460.0,4.2,agreste_saa,4,1,402.8,12.623262632851672,74.41509814386527,156.8,22.900432900432904,83.67065369942082,0
2016,30,Gard,FR_30,44.019,4.198,12.23033383849318,7.879729520800949,17.00270683544877,1328.0,0.0,0.55,,,0.55,modis,,,1,0,1,278.0,290.0,432.0,75.0,460.0,4.8,agreste_saa,4,1,687.8,11.06962962962963,67.76832240235345,170.7,21.118278848235548,75.44544658535999,0
2017,30,Gard,FR_30,44.019,4.198,11.03980560826481,6.529403457526395,15.978110414365748,506.6,0.0,0.3791,,,0.3791,modis,,,1,0,1,278.0,290.0,432.0,75.0,460.0,4.9,agreste_saa,4,1,474.4,13.033092824226465,72.82483655086902,128.2,22.25890807135288,83.61709461538516,0
2018,30,Gard,FR_30,44.019,4.198,12.929013836468366,8.911280736698606,17.590222573878037,1024.0,0.0,0.59565,0.6051379638439581,,0.6051379638439581,s2,70.0,15.448209749999998,1,1,1,278.0,290.0,432.0,75.0,460.0,3.7,agreste_saa,1,1,1014.0,12.268028911263375,73.20320684243966,230.1,22.211248366013077,81.22658346581628,0
2019,30,Gard,FR_30,44.019,4.198,12.746111387746264,8.745933699456014,17.325876439384505,1440.3000000000002,0.0,0.5540499999999999,0.65821001136867,,0.65821001136867,s2,59.0,13.953812500000002,1,1,1,278.0,290.0,432.0,75.0,460.0,4.1,agreste_saa,1,1,449.7,11.729913978494622,70.35035386119257,103.3,22.54675757575757,80.28325708699901,0
2020,30,Gard,FR_30,44.019,4.198,11.630720430107528,7.197618630224895,16.197066122049993,758.7,0.0,0.5708500000000001,0.6615460553543345,,0.6615460553543345,s2,54.0,6.896574750000001,1,1,1,278.0,290.0,432.0,75.0,460.0,3.4,agreste_saa,1,1,274.3,12.935738140417456,72.69941434673737,150.1,21.559825452938576,81.92686532712952,0
2021,30,Gard,FR_30,44.019,4.198,11.74668010752688,7.509749103942653,16.301043906810037,1275.8,0.0,0.57265,0.5204460846859394,,0.5204460846859394,s2,68.0,6.0392765,1,1,1,278.0,290.0,432.0,75.0,460.0,4.087,agreste_saa,1,1,474.2000000000001,11.289725209080048,69.22508960573477,332.9,22.072311827956987,78.01379928315413,0
2022,30,Gard,FR_30,44.019,4.198,13.261810035842291,9.0309229390681,17.60611111111111,1339.85,0.0,0.6152500000000001,,,0.6152500000000001,modis,74.0,11.3108465,1,1,1,278.0,290.0,432.0,75.0,460.0,4.154999999999999,agreste_saa,2,1,475.2,13.036613064677582,79.72532306500048,188.2,24.58650537634409,88.28284994672092,0
2023,30,Gard,FR_30,44.019,4.198,13.502235663082438,9.188633512544802,18.495775089605736,1348.0,0.0,0.5888,,,0.5888,modis,115.0,0.82128,1,1,1,278.0,290.0,432.0,75.0,460.0,3.571,agreste_saa,2,1,691.0,12.847031063321388,74.30774193548388,480.4,22.765313620071684,84.07172043010752,0
2024,30,Gard,FR_30,44.019,4.198,12.22573842040576,8.425158284815543,16.889129387637453,1170.8,0.0,0.6023000000000001,0.4559327109166234,,0.4559327109166234,s2,63.0,14.42298675,1,1,1,278.0,290.0,432.0,75.0,460.0,4.888,agreste_saa,1,1,743.15,12.53664277180406,70.69236559139785,334.5,21.71863799283154,81.04720430107525,0
2010,31,Haute-Garonne,FR_31,43.3475,1.1145,10.762935349592158,6.360997644647433,15.976508824821796,497.5,0.0,0.38035,,0.38035,0.38035,modis,,,1,0,1,271.0,216.0,513.0,70.0,425.0,5.6,agreste_saa,3,1,467.5,11.742041086795384,68.05299567531901,260.7,20.39972653004708,76.02557632048031,0
2011,31,Haute-Garonne,FR_31,43.3475,1.1145,13.42330053673713,8.454383925437602,19.130864369247693,334.0,0.0,0.4576,,0.4576,0.4576,modis,,,1,0,1,271.0,216.0,513.0,70.0,425.0,4.8,agreste_saa,3,1,271.7,14.110711783504646,70.45988904255498,337.8,18.95071895128368,80.23357325308129,0
2012,31,Haute-Garonne,FR_31,43.3475,1.1145,12.3668817852222,7.914223712705485,17.544540279837648,480.0,0.0,0.36615,,0.36615,0.36615,modis,,,1,0,1,271.0,216.0,513.0,70.0,425.0,6.3,agreste_saa,3,1,329.8,12.32669659295275,67.56640173778365,166.8,20.398026109332832,77.77614199752391,0
2013,31,Haute-Garonne,FR_31,43.3475,1.1145,11.984699436763954,7.841319989534275,16.936844507033584,563.3,0.0,0.5249,,0.5249,0.5249,modis,,,1,0,1,271.0,216.0,513.0,70.0,425.0,5.2,agreste_saa,3,1,523.6,10.781137057940247,64.0267010956801,295.8,20.32735924664396,72.99812966710866,0
2014,31,Haute-Garonne,FR_31,43.3475,1.1145,13.469302868246777,8.70487526105869,19.1087152245824,428.8,0.0,0.4409,,0.4409,0.4409,modis,,,1,0,1,271.0,216.0,513.0,70.0,425.0,5.198,agreste_saa,3,1,466.6,12.287479693031642,67.72700469573604,355.8,20.238089259933464,77.33861759896186,0
2015,31,Haute-Garonne,FR_31,43.3475,1.1145,12.362221611473675,7.536489795918368,18.15892251667252,373.4,0.0,0.4357499999999999,,,0.4357499999999999,modis,,,1,0,1,271.0,216.0,513.0,70.0,425.0,5.698,agreste_saa,4,1,359.7,13.090191158900836,73.66802103531347,240.0,22.02587431693989,83.32232211058229,0
2016,31,Haute-Garonne,FR_31,43.3475,1.1145,12.36013171366388,7.60566669420161,18.19912691148469,322.0,0.0,0.4344,,,0.4344,modis,,,1,0,1,271.0,216.0,513.0,70.0,425.0,5.997,agreste_saa,4,1,456.2000000000001,11.739419566122058,66.84615637082399,212.9,20.11829666231587,75.45485202299791,0
2017,31,Haute-Garonne,FR_31,43.3475,1.1145,11.233179266207458,6.595154979665244,16.7513260703396,510.0,0.0,0.4286999999999999,,,0.4286999999999999,modis,,,1,0,1,271.0,216.0,513.0,70.0,425.0,5.894,agreste_saa,4,1,431.2,13.13120923848937,71.70405976723819,212.6,21.417648458317476,82.22892463210306,0
2018,31,Haute-Garonne,FR_31,43.3475,1.1145,13.084518785937789,8.55360006922507,18.307310283030528,433.9,0.0,0.61395,0.4512329482891818,,0.4512329482891818,s2,24.0,7.77990625,1,1,1,271.0,216.0,513.0,70.0,425.0,4.3,agreste_saa,1,1,617.1999999999999,12.469388209121249,71.6894218034953,343.20000000000005,21.480951168710945,80.37006696478564,0
2019,31,Haute-Garonne,FR_31,43.3475,1.1145,12.955615342667947,8.38298553810078,18.21665172128048,665.1999999999999,0.0,0.442,0.3156382062642631,,0.3156382062642631,s2,15.0,13.36507225,1,1,1,271.0,216.0,513.0,70.0,425.0,6.298,agreste_saa,1,1,391.1,11.904087166389424,69.29775882543325,183.5,21.851301294711437,79.41486408859114,0
2020,31,Haute-Garonne,FR_31,43.3475,1.1145,12.325114175490436,7.812051103658247,17.784457310673115,702.0,0.0,0.5245500000000001,0.3753326776883386,,0.3753326776883386,s2,21.0,15.3232845,1,1,1,271.0,216.0,513.0,70.0,425.0,4.352,agreste_saa,1,1,535.3,13.8824048778348,72.9105140489623,224.9,20.52862957350076,82.70447378050592,0
2021,31,Haute-Garonne,FR_31,43.3475,1.1145,11.985958781362006,7.552195340501792,17.319578853046597,856.2,0.0,0.6227,0.5065458207452165,,0.5065458207452165,s2,22.0,13.04837375,1,1,1,271.0,216.0,513.0,70.0,425.0,5.0,agreste_saa,1,1,398.3,11.710692951015533,66.55143369175627,529.2,20.50403225806452,76.14014336917563,0
2022,31,Haute-Garonne,FR_31,43.3475,1.1145,14.149381720430108,9.265071684587811,19.76535394265233,698.9,0.0,0.5642,0.265082597986114,,0.265082597986114,s2,34.0,16.06497525,1,1,1,271.0,216.0,513.0,70.0,425.0,4.4990000000000006,agreste_saa,1,1,642.6,13.53983289741354,76.61130872808292,300.1,23.121442652329748,86.86238399690012,0
2023,31,Haute-Garonne,FR_31,43.3475,1.1145,14.078028673835124,8.928413978494623,19.830035842293903,935.7,0.0,0.5442,0.3685259140249713,,0.3685259140249713,s2,29.0,3.12562675,1,1,1,271.0,216.0,513.0,70.0,425.0,5.598,agreste_saa,1,1,753.9,12.909432497013142,71.50370967741935,678.8,21.678566308243727,82.08543010752689,0
2024,31,Haute-Garonne,FR_31,43.3475,1.1145,12.592242235418404,8.553205823693752,17.277229687805846,1033.0,0.0,0.6447,0.4027347310847767,,0.4027347310847767,s2,9.0,7.0619225,1,1,1,271.0,216.0,513.0,70.0,425.0,5.497,agreste_saa,1,1,1205.4,12.708500597371566,69.28543010752688,463.1,21.02942652329749,80.18435483870968,0
2010,32,Gers,FR_32,43.657,0.497,10.62145733430845,6.253931209345584,15.857273453510068,522.6,0.0,0.59335,,0.59335,0.59335,modis,,,1,0,1,303.0,222.0,475.0,64.0,769.0,6.2,agreste_saa,3,1,413.8,11.746229708165194,67.90370545769281,259.7,20.34541139240506,75.9295119093057,0
2011,32,Gers,FR_32,43.657,0.497,13.479040044493882,8.552610103350833,19.174331755690783,473.9,0.0,0.5279,,0.5279,0.5279,modis,,,1,0,1,303.0,222.0,475.0,64.0,769.0,4.7,agreste_saa,3,1,251.9,14.157978486503234,70.64661457665741,287.7,18.952129032258064,80.37819352402583,0
2012,32,Gers,FR_32,43.657,0.497,12.366500353232071,7.966054560798021,17.516148643365394,372.4,0.0,0.58115,,0.58115,0.58115,modis,,,1,0,1,303.0,222.0,475.0,64.0,769.0,6.45,agreste_saa,3,1,363.5,12.28760065710872,66.96892997593005,194.0,20.131451099076138,77.12570416947844,0
2013,32,Gers,FR_32,43.657,0.497,12.003899777687035,7.91069167827794,16.94549160035367,549.4,0.0,0.62995,,0.62995,0.62995,modis,,,1,0,1,303.0,222.0,475.0,64.0,769.0,5.5,agreste_saa,3,1,544.4,10.95288063612542,64.52999441517765,190.9,20.3456762534007,73.54999441517765,0
2014,32,Gers,FR_32,43.657,0.497,13.434622152005709,8.690074299835302,19.081729160522684,406.4,0.0,0.5584,,0.5584,0.5584,modis,,,1,0,1,303.0,222.0,475.0,64.0,769.0,5.699,agreste_saa,3,1,455.9,12.328886386728383,67.66178266623118,278.2,20.161217667001505,77.30909449418816,0
2015,32,Gers,FR_32,43.657,0.497,12.233094487231172,7.272114351941278,18.05090981631208,302.3,0.0,0.5384,,,0.5384,modis,,,1,0,1,303.0,222.0,475.0,64.0,769.0,5.4990000000000006,agreste_saa,4,1,287.8,12.99090203106332,73.213518555266,199.1,21.90373956437135,82.78018522193267,0
2016,32,Gers,FR_32,43.657,0.497,12.254529569892473,7.449966954878925,18.03023611496678,308.6,0.0,0.53535,,,0.53535,modis,,,1,0,1,303.0,222.0,475.0,64.0,769.0,5.898,agreste_saa,4,1,377.7,11.69818601688167,66.42518295324747,213.2,19.947921146953405,74.99040034455182,0
2017,32,Gers,FR_32,43.657,0.497,11.239609273460266,6.524795966067801,16.779483510670648,405.3,0.0,0.5921000000000001,,,0.5921000000000001,modis,,,1,0,1,303.0,222.0,475.0,64.0,769.0,5.7,agreste_saa,4,1,393.5,13.082873085695669,71.54050900351237,201.1,21.39809541084709,82.04481007878118,0
2018,32,Gers,FR_32,43.657,0.497,12.98528122609873,8.451318594650186,18.314734297570737,336.5,0.0,0.57805,0.6515743999017654,,0.6515743999017654,s2,29.0,8.455386,1,1,1,303.0,222.0,475.0,64.0,769.0,4.8,agreste_saa,1,1,427.6,12.507072072072072,71.74074865615455,387.8,21.464927510291748,80.4510712367997,0
2019,32,Gers,FR_32,43.657,0.497,12.961651579127428,8.506193028493211,18.12033277661368,556.5,0.0,0.5359,0.5404465902219129,,0.5404465902219129,s2,20.0,10.93215475,1,1,1,303.0,222.0,475.0,64.0,769.0,6.199,agreste_saa,1,1,338.7,11.94041286322809,69.13502489716389,183.6,21.706566356354188,79.23437130239265,0
2020,32,Gers,FR_32,43.657,0.497,12.245571659523272,7.477420727850299,17.73586752945326,662.3,0.0,0.6309500000000001,0.4272644314940457,,0.4272644314940457,s2,24.0,14.569048249999998,1,1,1,303.0,222.0,475.0,64.0,769.0,4.133,agreste_saa,1,1,378.0,13.779267502796912,72.1270545109887,196.6,20.23212600129898,81.80205451098871,0
2021,32,Gers,FR_32,43.657,0.497,11.948006272401434,7.510349462365591,17.30404569892473,773.5,0.0,0.5925500000000001,0.605424604455925,,0.605424604455925,s2,26.0,6.571802,1,1,1,303.0,222.0,475.0,64.0,769.0,4.697,agreste_saa,1,1,377.9,11.705794504181602,66.34799283154122,509.6,20.401326164874558,75.92003584229391,0
2022,32,Gers,FR_32,43.657,0.497,14.136478494623656,9.252002688172045,19.85135304659498,612.2,0.0,0.5734,0.3297165616720214,,0.3297165616720214,s2,43.0,15.21234275,1,1,1,303.0,222.0,475.0,64.0,769.0,4.497999999999999,agreste_saa,1,1,470.0,13.547599696470664,76.31473457328296,236.1,22.953440860215053,86.5496808098421,0
2023,32,Gers,FR_32,43.657,0.497,14.126214157706094,9.06100358422939,19.79209677419355,930.4,0.0,0.6658999999999999,0.4775761725436494,,0.4775761725436494,s2,39.0,8.3220355,1,1,1,303.0,222.0,475.0,64.0,769.0,5.399,agreste_saa,1,1,699.6,12.985746714456392,71.50790322580644,614.7,21.589310035842296,82.13586021505377,0
2024,32,Gers,FR_32,43.657,0.497,12.436370226995226,8.21050606987099,17.349161979373672,984.6,0.0,0.7235,0.626715462031107,,0.626715462031107,s2,18.0,17.04183125,1,1,1,303.0,222.0,475.0,64.0,769.0,4.683,agreste_saa,1,1,1059.1,12.734109916367984,69.13363799283155,420.4,20.897374551971325,79.99707885304659,0
2010,33,Gironde,FR_33,44.796,-0.299,11.321558915707577,7.18921720862258,16.016076109791744,411.5,0.0,,,,,none,,,0,0,0,234.0,342.0,424.0,63.0,674.0,5.1,agreste_saa,6,1,135.2,12.583445619421228,69.651828768954,116.9,20.327575223637844,78.40548730553937,0
2011,33,Gironde,FR_33,44.796,-0.299,14.107593535401024,9.7442937730987,19.150565078675776,275.5,0.0,,,,,none,,,0,0,0,234.0,342.0,424.0,63.0,674.0,5.2,agreste_saa,6,1,52.9,14.71833228394466,71.82066840777301,80.7,19.08324561403509,82.32148807990416,1
2012,33,Gironde,FR_33,44.796,-0.299,12.97986344537815,8.958008258958381,17.54134678283712,418.6,0.0,,,,,none,,,0,0,0,234.0,342.0,424.0,63.0,674.0,6.1,agreste_saa,6,1,238.40000000000003,12.680096094425906,66.60445957410889,111.6,19.60103725831881,77.24236279991534,0
2013,33,Gironde,FR_33,44.796,-0.299,12.545003358612906,8.698075284826855,17.05699925262335,368.3,0.0,,,,,none,,,0,0,0,234.0,342.0,424.0,63.0,674.0,5.0,agreste_saa,6,1,216.3,11.38028233151184,65.52974710296598,214.5,20.34570005421524,74.832247102966,0
2014,33,Gironde,FR_33,44.796,-0.299,13.718113866031516,9.55881893106893,19.04622889610389,252.40000000000003,0.0,,,,,none,,,0,0,0,234.0,342.0,424.0,63.0,674.0,4.6,agreste_saa,6,1,241.9,12.715999808333882,68.66280804312572,117.9,20.31150266971777,78.7710047644372,0
2015,33,Gironde,FR_33,44.796,-0.299,12.905314399251989,8.117906541573246,18.306429254864685,151.5,0.0,,,,,none,,,0,0,0,234.0,342.0,424.0,63.0,674.0,5.6,agreste_saa,6,1,100.6,13.048906008548856,71.45522852928818,79.1,21.009497187304675,81.16571240025591,1
2016,33,Gironde,FR_33,44.796,-0.299,12.547171884882983,8.021108566871153,17.874947551176007,175.8,0.0,,,,,none,,,0,0,0,234.0,342.0,424.0,63.0,674.0,5.3,agreste_saa,6,1,262.4,12.025952006294256,66.50674731182795,87.2,19.831518817204294,75.74089365329137,0
2017,33,Gironde,FR_33,44.796,-0.299,11.85040908540903,7.418846848913263,16.797642288925495,313.5,0.0,,,,,none,,,0,0,0,234.0,342.0,424.0,63.0,674.0,6.1,agreste_saa,6,1,150.4,13.65127665390924,71.63699405914488,164.70000000000002,21.008920758386,82.97167147849972,0
2018,33,Gironde,FR_33,44.796,-0.299,13.232147847357062,8.9598101495648,18.24945864779436,259.9,0.0,,0.5128440366972477,,0.5128440366972477,s2,56.0,10.68461675,0,1,1,234.0,342.0,424.0,63.0,674.0,5.2,agreste_saa,2,1,238.0,13.157151796478171,73.21854639842607,108.2,21.604593891592547,82.68064317261961,0
2019,33,Gironde,FR_33,44.796,-0.299,13.62590760299501,9.821808821655337,17.743222962690876,563.0,0.0,,0.5843745491759789,,0.5843745491759789,s2,55.0,11.720731,0,1,1,234.0,342.0,424.0,63.0,674.0,6.8,agreste_saa,2,1,172.7,12.74006227968838,69.65532099936749,126.5,21.270872865275145,80.76193256961542,0
2020,33,Gironde,FR_33,44.796,-0.299,12.919502688172042,8.136478413010243,18.07633313847716,527.9000000000001,0.0,,0.5457241096111491,,0.5457241096111491,s2,48.0,9.9068745,0,1,1,234.0,342.0,424.0,63.0,674.0,4.5,agreste_saa,2,1,341.3,14.084790764790766,71.64224085855665,94.6,19.803025191183085,81.86042267673847,0
2021,33,Gironde,FR_33,44.796,-0.299,12.380201612903226,7.946787634408603,17.568911290322582,694.4000000000001,0.0,,0.4960875570284147,,0.4960875570284147,s2,64.0,8.084425,0,1,1,234.0,342.0,424.0,63.0,674.0,5.199,agreste_saa,2,1,280.9,12.262410394265231,66.82959677419355,363.0,20.065134408602148,76.91749999999999,0
2022,33,Gironde,FR_33,44.796,-0.299,14.457889784946236,10.259502688172043,19.40733870967742,532.0,0.0,,0.3503503385120572,,0.3503503385120572,s2,59.0,8.25097575,0,1,1,234.0,342.0,424.0,63.0,674.0,4.8,agreste_saa,2,1,266.0,13.874856630824372,75.26962365591397,276.90000000000003,22.28744623655914,86.1994623655914,0
2023,33,Gironde,FR_33,44.796,-0.299,14.82125,10.69657930107527,19.60799059139785,1013.3,0.0,,0.4176844462276928,,0.4176844462276928,s2,57.0,4.90089225,0,1,1,234.0,342.0,424.0,63.0,674.0,6.4,agreste_saa,2,1,351.6,13.847177419354836,73.63147849462365,240.9,21.633279569892476,84.80809139784947,0
2024,33,Gironde,FR_33,44.796,-0.299,13.117674731182795,9.573145161290322,17.539448924731182,635.0,0.0,,0.5217391304347827,,0.5217391304347827,s2,36.0,7.076111,0,1,1,234.0,342.0,424.0,63.0,674.0,4.8,agreste_saa,2,1,972.2,13.377401433691755,69.53400537634408,164.1,20.36581989247312,80.8638440860215,0
2010,34,Hérault,FR_34,43.5945,3.406,10.211187522854846,6.62186960669715,14.06025519633165,1420.9,0.0,0.6494,,0.6494,0.6494,modis,,,1,0,1,301.0,338.0,361.0,74.0,549.0,3.774,agreste_saa,3,1,757.2,10.74016625741764,66.81979600929097,265.29999999999995,20.629759115756592,73.48001700376611,0
2011,34,Hérault,FR_34,43.5945,3.406,13.38827121476315,9.807629778175864,17.43473062953995,897.9,0.0,0.70325,,0.70325,0.70325,modis,,,1,0,1,301.0,338.0,361.0,74.0,549.0,3.791,agreste_saa,3,1,436.0,13.104922716627636,68.40832770097286,367.1,18.90087813620072,77.11652442228434,0
2012,34,Hérault,FR_34,43.5945,3.406,11.800450553092688,8.336149982370067,15.503457840236686,1131.9,0.0,0.70865,,0.70865,0.70865,modis,,,1,0,1,301.0,338.0,361.0,74.0,549.0,3.775,agreste_saa,3,1,635.0,12.005352964903317,65.70845744543459,273.1,20.092666666666663,76.20139222804329,0
2013,34,Hérault,FR_34,43.5945,3.406,11.873090258505826,8.314307849923491,15.667295804556034,969.8,0.0,0.7045,,0.7045,0.7045,modis,,,1,0,1,301.0,338.0,361.0,74.0,549.0,4.452,agreste_saa,3,1,887.9,10.068202295635016,62.853779034585486,216.4,20.06436507936508,70.3333370456352,0
2014,34,Hérault,FR_34,43.5945,3.406,13.018682007552693,9.449439295808462,16.676752382576698,867.5,0.0,0.72495,,0.72495,0.72495,modis,,,1,0,1,301.0,338.0,361.0,74.0,549.0,2.2,agreste_saa,3,1,572.9,12.13974603218611,67.1903718418453,478.7000000000001,20.00411525974026,76.42746861603885,0
2015,34,Hérault,FR_34,43.5945,3.406,12.456294005497917,8.611582956065856,16.531491695565762,791.9,0.0,0.73465,,,0.73465,modis,,,1,0,1,301.0,338.0,361.0,74.0,549.0,3.667,agreste_saa,4,1,540.0,12.359264803041537,72.5023194222152,196.8,22.303884128166917,81.68556266545843,0
2016,34,Hérault,FR_34,43.5945,3.406,12.458749716604544,8.632559342367035,16.56756058181879,1516.8,0.0,0.7076500000000001,,,0.7076500000000001,modis,,,1,0,1,301.0,338.0,361.0,74.0,549.0,2.79,agreste_saa,4,1,867.6,10.795685323084314,65.68298930862437,276.4,20.40901639344262,73.2050887561382,0
2017,34,Hérault,FR_34,43.5945,3.406,10.894367601175668,6.95884346948848,15.281626020063785,659.7,0.0,0.6828500000000001,,,0.6828500000000001,modis,,,1,0,1,301.0,338.0,361.0,74.0,549.0,4.7,agreste_saa,4,1,629.1,12.724084084084083,70.28266743723111,196.0,21.34466705194889,80.86158635615003,0
2018,34,Hérault,FR_34,43.5945,3.406,13.018145907128147,9.13548630324734,17.10730698858975,1215.2,0.0,0.69525,0.7754848589375268,,0.7754848589375268,s2,18.0,14.4533145,1,1,1,301.0,338.0,361.0,74.0,549.0,3.5,agreste_saa,1,1,1286.1999999999998,11.768742952699474,70.41090313806683,313.79999999999995,21.439150326797385,78.1845295116932,0
2019,34,Hérault,FR_34,43.5945,3.406,12.640459944522444,8.937922316047993,16.490473183383898,1587.4,0.0,0.6841,0.773416789902176,,0.773416789902176,s2,20.0,16.88299325,1,1,1,301.0,338.0,361.0,74.0,549.0,2.5,agreste_saa,1,1,584.6,11.318559738046782,67.5655731244441,174.8,21.618881381381385,77.19344197690312,0
2020,34,Hérault,FR_34,43.5945,3.406,11.724096784205363,7.825241668877407,15.721636198945982,1001.5,0.0,0.69045,0.8303703697437004,,0.8303703697437004,s2,18.0,8.0793165,1,1,1,301.0,338.0,361.0,74.0,549.0,3.383,agreste_saa,1,1,439.4,12.630790959339343,70.27527982762581,253.4,20.638706222056637,79.1697853221313,0
2021,34,Hérault,FR_34,43.5945,3.406,11.810344982078853,7.910663082437276,16.060833333333335,1597.4,0.0,0.7160500000000001,0.7659036024651178,,0.7659036024651178,s2,12.0,5.324873500000001,1,1,1,301.0,338.0,361.0,74.0,549.0,3.19,agreste_saa,1,1,462.3,10.809390681003585,65.54098566308244,304.79999999999995,20.843234767025088,74.11464157706094,0
2022,34,Hérault,FR_34,43.5945,3.406,13.411608422939068,10.046039426523295,17.26865143369176,1209.6999999999998,0.0,0.74,0.4473758044080181,,0.4473758044080181,s2,16.0,16.95081525,1,1,1,301.0,338.0,361.0,74.0,549.0,3.4770000000000003,agreste_saa,1,1,693.1,12.44705495818399,75.51455197132617,227.4,23.2364247311828,83.81401433691757,0
2023,34,Hérault,FR_34,43.5945,3.406,13.46130376344086,9.460739247311828,17.965448028673833,1288.0,0.0,0.6861,0.3693863645014524,,0.3693863645014524,s2,34.0,6.6038595,1,1,1,301.0,338.0,361.0,74.0,549.0,2.487,agreste_saa,1,1,679.5,12.40900238948626,71.7047311827957,434.6,22.01628136200717,81.25956989247312,0
2024,34,Hérault,FR_34,43.5945,3.406,12.362141577060932,8.878028673835125,16.479251792114695,1250.2,0.0,0.7046,0.4428898996385412,,0.4428898996385412,s2,17.0,11.6488845,1,1,1,301.0,338.0,361.0,74.0,549.0,4.284000000000001,agreste_saa,1,1,834.55,12.096798088410992,67.62204301075268,236.1,20.698351254480286,77.68709677419355,0
2010,35,Ille-et-Vilaine,FR_35,48.182,-1.6595,9.361806976413751,5.82974800626221,13.08892781398025,255.2,0.0,0.49165,,0.49165,0.49165,modis,,,1,0,1,228.0,213.0,559.0,58.0,590.0,7.698,agreste_saa,3,1,100.6,10.150000785515102,59.64630125010928,65.9,18.20358422939068,66.85717081532667,1
2011,35,Ille-et-Vilaine,FR_35,48.182,-1.6595,12.357665724808992,8.784619960343688,16.33080304031725,187.2,0.0,0.6286,,0.6286,0.6286,modis,,,1,0,1,228.0,213.0,559.0,58.0,590.0,7.903,agreste_saa,3,1,44.5,12.028936162296226,60.3093471643773,101.3,16.383796811271782,68.85440210943224,1
2012,35,Ille-et-Vilaine,FR_35,48.182,-1.6595,10.628858024691358,7.345297086911428,14.163368557484102,362.9,0.0,0.5184,,0.5184,0.5184,modis,,,1,0,1,228.0,213.0,559.0,58.0,590.0,7.5,agreste_saa,3,1,220.1,10.554047597037767,55.171340361445786,137.7,16.419816176470587,64.50177514405448,0
2013,35,Ille-et-Vilaine,FR_35,48.182,-1.6595,11.42589381272849,7.969930938292358,15.206763611548954,313.5,0.0,0.5096,,0.5096,0.5096,modis,,,1,0,1,228.0,213.0,559.0,58.0,590.0,7.698,agreste_saa,3,1,206.4,8.818807002000188,55.74468431816471,114.0,17.61210918417196,61.68063937434448,0
2014,35,Ille-et-Vilaine,FR_35,48.182,-1.6595,11.99329458393682,8.435286264826733,16.179973126589676,244.7,0.0,0.6597500000000001,,0.6597500000000001,0.6597500000000001,modis,,,1,0,1,228.0,213.0,559.0,58.0,590.0,7.598999999999999,agreste_saa,3,1,133.4,10.829097425871618,59.02738793464599,118.2,17.66574675324675,67.81878578410836,0
2015,35,Ille-et-Vilaine,FR_35,48.182,-1.6595,12.00936645557964,8.51690700573139,15.727251043772798,166.9,0.0,0.5004,,,0.5004,modis,,,1,0,1,228.0,213.0,559.0,58.0,590.0,7.997,agreste_saa,4,1,125.5,10.934898446833932,59.89446389018335,82.6,17.573916532905297,67.95252840631238,0
2016,35,Ille-et-Vilaine,FR_35,48.182,-1.6595,10.718512544802868,7.012346864507629,14.91253054740958,151.70000000000002,0.0,0.41275,,,0.41275,modis,,,1,0,1,228.0,213.0,559.0,58.0,590.0,6.898999999999999,agreste_saa,4,1,187.9,9.808343862256905,56.89209138531719,114.5,17.210703812316716,63.84643921140415,0
2017,35,Ille-et-Vilaine,FR_35,48.182,-1.6595,10.78196650006216,7.432517632008619,14.516615453887455,259.0,0.0,0.48385,,,0.48385,modis,,,1,0,1,228.0,213.0,559.0,58.0,590.0,8.029,agreste_saa,4,1,166.89999999999998,11.654133811230585,62.06010752688172,64.6,18.64347670250896,72.24935483870968,0
2018,35,Ille-et-Vilaine,FR_35,48.182,-1.6595,11.616063369340042,8.322513620123654,15.376976622710204,231.4,0.0,0.5818000000000001,0.5368624680886982,,0.5368624680886982,s2,37.0,13.11037125,1,1,1,228.0,213.0,559.0,58.0,590.0,6.644,agreste_saa,1,1,155.7,11.202754488473952,64.78779876672186,134.0,19.227679738562088,72.06362294254603,0
2019,35,Ille-et-Vilaine,FR_35,48.182,-1.6595,11.235013651441989,8.502936199268015,14.301106251682352,414.7,0.0,0.4948,0.3770093944852544,,0.3770093944852544,s2,28.0,18.24733975,1,1,1,228.0,213.0,559.0,58.0,590.0,8.268,agreste_saa,1,1,103.5,10.888044893153848,60.01961259400012,80.69999999999999,18.383023510114818,69.43018169969118,1
2020,35,Ille-et-Vilaine,FR_35,48.182,-1.6595,11.54631653781214,8.410484661606578,14.956057592391796,313.8,0.0,0.5164500000000001,0.4959583073249733,,0.4959583073249733,s2,24.0,18.12515975,1,1,1,228.0,213.0,559.0,58.0,590.0,6.454000000000001,agreste_saa,1,1,151.4,12.04758064516129,61.34516129032258,95.0,16.773387096774194,69.68951612903226,0
2021,35,Ille-et-Vilaine,FR_35,48.182,-1.6595,11.66554435483871,8.55304435483871,15.139408602150535,301.1,0.0,0.5205500000000001,0.4255153217622281,,0.4255153217622281,s2,24.0,13.4444495,1,1,1,228.0,213.0,559.0,58.0,590.0,7.487,agreste_saa,1,1,130.3,9.7790770609319,56.28685483870967,238.4,17.566747311827953,64.47072580645161,0
2022,35,Ille-et-Vilaine,FR_35,48.182,-1.6595,12.224831989247312,9.46049059139785,15.524919354838712,1005.5,0.0,0.61655,0.2093599018693113,,0.2093599018693113,s2,27.0,11.34355775,1,1,1,228.0,213.0,559.0,58.0,590.0,7.789,agreste_saa,1,1,132.1,11.869865591397849,64.16663978494624,177.6,19.101908602150537,73.81341397849462,0
2023,35,Ille-et-Vilaine,FR_35,48.182,-1.6595,13.276451612903228,10.226377688172043,16.744791666666668,978.3,0.0,0.5244500000000001,0.2728262370130882,,0.2728262370130882,s2,34.0,1.726952,1,1,1,228.0,213.0,559.0,58.0,590.0,7.93,agreste_saa,1,1,522.0,11.37899641577061,62.346559139784944,324.40000000000003,18.75034946236559,71.63768817204301,0
2024,35,Ille-et-Vilaine,FR_35,48.182,-1.6595,11.481760752688173,8.91733870967742,14.345873655913977,774.7,0.0,0.6261000000000001,0.2747073237135856,,0.2747073237135856,s2,6.0,23.2216705,1,1,1,228.0,213.0,559.0,58.0,590.0,6.173,agreste_saa,1,1,577.6,11.411971326164874,59.288575268817205,280.5,17.10657258064516,68.44905913978495,0
2010,36,Indre,FR_36,46.736,1.625,8.510596616645003,4.460757504823516,12.887458574509136,285.2,0.0,0.5215000000000001,,0.5215000000000001,0.5215000000000001,modis,,,1,0,1,192.0,460.0,348.0,64.0,395.0,6.5,agreste_saa,3,1,140.6,10.435364826744136,63.1171965323022,122.8,19.361594982078856,70.02928444439011,0
2011,36,Indre,FR_36,46.736,1.625,11.774362543141612,7.548686497326203,16.717830882352942,262.4,0.0,0.56425,,0.56425,0.56425,modis,,,1,0,1,192.0,460.0,348.0,64.0,395.0,5.599,agreste_saa,3,1,79.0,12.72566085049956,65.49456389541123,127.9,17.99780166096727,74.17258587343322,1
2012,36,Indre,FR_36,46.736,1.625,10.245848344575478,5.888901097272187,15.04362146408636,345.8,0.0,0.55155,,0.55155,0.55155,modis,,,1,0,1,192.0,460.0,348.0,64.0,395.0,6.798,agreste_saa,3,1,169.10000000000002,11.000514539067265,59.32177555535162,126.0,17.744793388429756,68.49113039406129,0
2013,36,Indre,FR_36,46.736,1.625,10.20347553537544,5.961934834633345,14.760933975058618,332.2,0.0,0.55325,,0.55325,0.55325,modis,,,1,0,1,192.0,460.0,348.0,64.0,395.0,6.396,agreste_saa,3,1,274.9,8.89576069572171,58.676727003153744,56.9,18.89882081865004,64.48492372446522,0
2014,36,Indre,FR_36,46.736,1.625,11.233280203144188,6.686435427555476,16.13598362344566,264.5,0.0,0.61275,,0.61275,0.61275,modis,,,1,0,1,192.0,460.0,348.0,64.0,395.0,6.795999999999999,agreste_saa,3,1,157.20000000000002,10.748314197193366,61.46034538956076,186.2,18.66576591511937,69.57647442181883,0
2015,36,Indre,FR_36,46.736,1.625,10.333695378550392,5.452842261904761,15.690492365424433,157.0,0.0,0.6543,,,0.6543,modis,,,1,0,1,192.0,460.0,348.0,64.0,395.0,6.999,agreste_saa,4,1,166.0,11.202655351792089,66.19040455860744,91.7,20.01520299145299,73.63837203828226,0
2016,36,Indre,FR_36,46.736,1.625,9.486256720430108,4.609944958458765,14.97348238956024,167.4,0.0,0.6344000000000001,,,0.6344000000000001,modis,,,1,0,1,192.0,460.0,348.0,64.0,395.0,4.1,agreste_saa,4,1,340.1,9.466766061263217,58.55816462408393,93.7,18.25877192982456,64.91784204343877,0
2017,36,Indre,FR_36,46.736,1.625,9.62199163556385,5.245060944279297,14.410065888164995,270.6,0.0,0.5431,,,0.5431,modis,,,1,0,1,192.0,460.0,348.0,64.0,395.0,6.698,agreste_saa,4,1,189.5,11.393964868627624,64.53416877726585,138.6,19.96404031149794,74.10997522887875,0
2018,36,Indre,FR_36,46.736,1.625,11.127273214146848,5.960319086484012,16.52834531409353,156.8,0.0,0.42745,0.378017532337372,,0.378017532337372,s2,67.0,7.469717999999999,1,1,1,192.0,460.0,348.0,64.0,395.0,6.35,agreste_saa,1,1,230.3,11.573654881051672,68.15848074339455,99.5,20.39949199507389,75.5199486333028,0
2019,36,Indre,FR_36,46.736,1.625,11.3076516672691,7.259277001855586,15.712337309083104,342.2,0.0,0.53825,0.4670351362021319,,0.4670351362021319,s2,56.0,8.69536175,1,1,1,192.0,460.0,348.0,64.0,395.0,7.049,agreste_saa,1,1,127.2,10.568704432205612,64.45503421309873,61.1,20.730151515151515,73.16641632691987,0
2020,36,Indre,FR_36,46.736,1.625,10.868951612903224,6.143126644329487,15.75284711415794,266.1,0.0,0.6693500000000001,0.4549819927971189,,0.4549819927971189,s2,55.0,20.71136475,1,1,1,192.0,460.0,348.0,64.0,395.0,5.347,agreste_saa,1,1,142.10000000000002,12.308090097294416,65.83967479674797,61.49999999999999,18.625325203252032,74.17492069838731,0
2021,36,Indre,FR_36,46.736,1.625,9.944489247311829,5.45766129032258,15.021666666666668,389.3,0.0,0.48975,0.6384361083185335,,0.6384361083185335,s2,49.0,16.09317625,1,1,1,192.0,460.0,348.0,64.0,395.0,6.699,agreste_saa,1,1,220.3,9.589883512544803,59.35978494623656,265.6,18.868051075268816,66.50575268817204,0
2022,36,Indre,FR_36,46.736,1.625,11.516471774193548,7.186202956989247,16.339912634408602,441.5,0.0,0.6127,0.4776704644654185,,0.4776704644654185,s2,69.0,11.471131,1,1,1,192.0,460.0,348.0,64.0,395.0,5.799,agreste_saa,1,1,138.8,12.147186379928314,69.04325268817205,268.0,20.69721774193549,77.83599462365592,0
2023,36,Indre,FR_36,46.736,1.625,12.665456989247312,8.144791666666666,17.752567204301076,480.0,0.0,0.6185,0.3370187561697926,,0.3370187561697926,s2,75.0,18.539946,1,1,1,192.0,460.0,348.0,64.0,395.0,6.799,agreste_saa,1,1,279.8,11.326120071684588,66.26021505376345,249.90000000000003,20.54133064516129,75.06102150537635,0
2024,36,Indre,FR_36,46.736,1.625,10.7190188172043,7.198010752688172,14.727627688172044,801.9,0.0,0.6312500000000001,0.3883876648607366,,0.3883876648607366,s2,26.0,25.622689,1,1,1,192.0,460.0,348.0,64.0,395.0,5.4990000000000006,agreste_saa,1,1,686.5999999999999,11.408682795698924,63.05440860215053,290.79999999999995,19.003696236559136,72.23344086021505,0
2010,37,Indre-et-Loire,FR_37,47.251,0.675,8.753514451564007,4.722855083576049,12.9611596782807,439.3,0.0,0.5259,,0.5259,0.5259,modis,,,1,0,1,230.0,341.0,429.0,66.0,386.0,6.497,agreste_saa,3,1,211.0,10.576010806635663,63.4949443218129,191.7,19.41337398373984,70.55478038738667,0
2011,37,Indre-et-Loire,FR_37,47.251,0.675,12.07614752814967,7.895923193462901,16.780448427864755,384.1,0.0,0.496,,0.496,0.496,modis,,,1,0,1,230.0,341.0,429.0,66.0,386.0,5.799,agreste_saa,3,1,66.8,12.819858339492486,65.24245994293904,237.6,17.847275795564126,74.15412660960571,1
2012,37,Indre-et-Loire,FR_37,47.251,0.675,10.427702825420017,6.4555386263705685,14.8439703186859,585.0,0.0,0.4866,,0.4866,0.4866,modis,,,1,0,1,230.0,341.0,429.0,66.0,386.0,6.895999999999999,agreste_saa,3,1,366.8,11.211335731668283,59.20531422784414,271.4,17.646137387387387,68.92628196977962,0
2013,37,Indre-et-Loire,FR_37,47.251,0.675,10.511280959284765,6.196911966007796,14.90839461502478,217.8,0.0,0.50395,,0.50395,0.50395,modis,,,1,0,1,230.0,341.0,429.0,66.0,386.0,6.3950000000000005,agreste_saa,3,1,222.7,9.142677069307505,59.32731908850072,73.6,18.95953405017921,65.34709930828093,0
2014,37,Indre-et-Loire,FR_37,47.251,0.675,11.59938607686065,7.198598530321219,16.233351953601954,261.1,0.0,0.6309,,0.6309,0.6309,modis,,,1,0,1,230.0,341.0,429.0,66.0,386.0,6.898000000000001,agreste_saa,3,1,289.7,11.051471052791449,61.69253762311885,137.2,18.63761061946903,70.4296343973124,0
2015,37,Indre-et-Loire,FR_37,47.251,0.675,11.144960400897112,6.635883284861928,15.80633632343352,404.2,0.0,0.5385,,,0.5385,modis,,,1,0,1,230.0,341.0,429.0,66.0,386.0,7.398999999999999,agreste_saa,4,1,216.7,11.363736057572291,65.74477282438399,145.7,19.754201680672267,73.59961153406141,0
2016,37,Indre-et-Loire,FR_37,47.251,0.675,10.152604590223186,5.4924547052833805,15.306798157613574,165.8,0.0,0.4988,,,0.4988,modis,,,1,0,1,230.0,341.0,429.0,66.0,386.0,4.599,agreste_saa,4,1,313.3,9.901979517219948,59.92553632658496,143.5,18.556140350877197,66.81821925341423,0
2017,37,Indre-et-Loire,FR_37,47.251,0.675,10.2895210867266,6.049514386664237,14.93766166620006,308.9,0.0,0.53705,,,0.53705,modis,,,1,0,1,230.0,341.0,429.0,66.0,386.0,7.098999999999999,agreste_saa,4,1,232.4,11.795317772532565,65.88020174024054,137.79999999999998,20.23099517906336,75.84794367572441,0
2018,37,Indre-et-Loire,FR_37,47.251,0.675,11.32692424920895,6.748999277130206,16.27598391554738,265.4,0.0,0.47185,0.5604101457501985,,0.5604101457501985,s2,32.0,9.505964,1,1,1,230.0,341.0,429.0,66.0,386.0,6.297,agreste_saa,1,1,305.1,11.958864828711384,69.67168342475733,188.2,20.688370157384988,77.25333480090413,0
2019,37,Indre-et-Loire,FR_37,47.251,0.675,11.414865653451768,7.601669022529112,15.602570452066445,553.0,0.0,0.6104499999999999,0.404930253384257,,0.404930253384257,s2,30.0,12.2275885,1,1,1,230.0,341.0,429.0,66.0,386.0,7.548999999999999,agreste_saa,1,1,220.0,10.99657618672961,65.09636955291454,107.5,20.64315789473684,74.27604434966251,0
2020,37,Indre-et-Loire,FR_37,47.251,0.675,11.338452334120117,6.744452087945576,15.989067244327304,343.7,0.0,0.64215,0.6195757028675398,,0.6195757028675398,s2,28.0,21.26084125,1,1,1,230.0,341.0,429.0,66.0,386.0,5.298,agreste_saa,1,1,256.3,12.57610178150962,66.3844105691057,144.5,18.63133130081301,74.99096794615488,0
2021,37,Indre-et-Loire,FR_37,47.251,0.675,10.493810483870966,6.005147849462366,15.451928763440858,313.1,0.0,0.5344,0.6406182509762818,,0.6406182509762818,s2,21.0,17.726587249999998,1,1,1,230.0,341.0,429.0,66.0,386.0,6.799,agreste_saa,1,1,233.2,9.959713261648746,60.42838709677419,432.6,19.12301075268817,68.12516129032258,0
2022,37,Indre-et-Loire,FR_37,47.251,0.675,11.796834677419357,7.787849462365592,16.373071236559138,480.3,0.0,0.6194,0.5184037790589195,,0.5184037790589195,s2,30.0,12.010552,1,1,1,230.0,341.0,429.0,66.0,386.0,6.3,agreste_saa,1,1,156.8,12.546863799283154,70.27309139784947,205.7,21.025524193548385,79.69163978494623,0
2023,37,Indre-et-Loire,FR_37,47.251,0.675,13.032815860215054,8.77369623655914,17.829959677419357,577.4,0.0,0.63985,0.2795870500643684,,0.2795870500643684,s2,36.0,16.6697205,1,1,1,230.0,341.0,429.0,66.0,386.0,7.098999999999999,agreste_saa,1,1,328.1,11.585152329749103,67.27059139784947,214.8,20.772486559139782,76.30043010752689,0
2024,37,Indre-et-Loire,FR_37,47.251,0.675,10.956095430107526,7.64013440860215,14.631162634408602,738.8000000000001,0.0,0.6721,0.5118879208575017,,0.5118879208575017,s2,10.0,7.002122999999999,1,1,1,230.0,341.0,429.0,66.0,386.0,5.7,agreste_saa,1,1,636.4,11.668853046594982,63.92513440860215,172.1,19.10081989247312,73.20819892473118,0
2010,38,Isère,FR_38,45.344,5.4835,8.841863084627791,4.935106947281948,13.192804659711484,526.1999999999999,0.0,0.5935,,0.5935,0.5935,modis,,,1,0,1,247.0,347.0,406.0,63.0,700.0,6.1,agreste_saa,3,1,393.3,11.027895691609976,67.86243217286915,210.9,20.87603921568628,74.83576550620248,0
2011,38,Isère,FR_38,45.344,5.4835,10.958512228547333,6.857207167138673,15.861876403400377,508.1,0.0,0.6212500000000001,,0.6212500000000001,0.6212500000000001,modis,,,1,0,1,247.0,347.0,406.0,63.0,700.0,5.2,agreste_saa,3,1,170.7,13.56302503802504,69.66173340202373,373.0,18.711978494623654,78.11303210332242,0
2012,38,Isère,FR_38,45.344,5.4835,10.440106716670476,6.685284706750224,14.592032794081474,723.3,0.0,0.6293,,0.6293,0.6293,modis,,,1,0,1,247.0,347.0,406.0,63.0,700.0,6.19,agreste_saa,3,1,378.5,12.258086021505378,67.42595288921605,388.9,20.191976444608024,77.15821095373218,0
2013,38,Isère,FR_38,45.344,5.4835,10.25296537074102,6.57447261663286,14.469235640363417,625.7,0.0,0.65595,,0.65595,0.65595,modis,,,1,0,1,247.0,347.0,406.0,63.0,700.0,5.891,agreste_saa,3,1,654.3,9.94438330170778,64.29429400303096,174.89999999999998,20.39429753914989,70.62174498342311,0
2014,38,Isère,FR_38,45.344,5.4835,11.561230659780824,7.626828798677346,16.072206637777647,685.1,0.0,0.67845,,0.67845,0.67845,modis,,,1,0,1,247.0,347.0,406.0,63.0,700.0,5.775,agreste_saa,3,1,289.2,12.00474383301708,67.01008000868666,343.0,19.94856941610804,75.9113703312673,0
2015,38,Isère,FR_38,45.344,5.4835,10.122105980262187,5.780131857359215,15.425491453278545,478.6,0.0,0.6642000000000001,,,0.6642000000000001,modis,,,1,0,1,247.0,347.0,406.0,63.0,700.0,5.987,agreste_saa,4,1,291.1,12.3185433498514,73.93784057586998,160.6,22.61775,82.1911300495542,0
2016,38,Isère,FR_38,45.344,5.4835,9.767059139784946,5.612523744141392,14.549190186414451,382.7,0.0,0.5962500000000001,,,0.5962500000000001,modis,,,1,0,1,247.0,347.0,406.0,63.0,700.0,6.291,agreste_saa,4,1,499.6,10.674454685099846,65.86412903225806,247.0,20.331096774193547,72.68555760368663,0
2017,38,Isère,FR_38,45.344,5.4835,9.223685012336814,5.069399532087503,14.054458765595983,363.2,0.0,0.5639500000000001,,,0.5639500000000001,modis,,,1,0,1,247.0,347.0,406.0,63.0,700.0,6.689,agreste_saa,4,1,307.0,12.55690659919882,71.15236373207001,175.0,21.88178970917226,81.43429921594098,0
2018,38,Isère,FR_38,45.344,5.4835,11.459043115239734,7.221165757323213,16.280857307682126,320.6,0.0,0.53315,0.1887366818873668,,0.1887366818873668,s2,86.0,16.55449925,1,1,1,247.0,347.0,406.0,63.0,700.0,6.0920000000000005,agreste_saa,1,1,382.9,12.701668470808976,74.92687510944843,271.3,22.00674130012365,82.11848801267423,0
2019,38,Isère,FR_38,45.344,5.4835,11.621250611927724,7.697121330133931,15.962050234509842,616.7,0.0,0.63215,0.2833092833092834,,0.2833092833092834,s2,55.0,22.09166475,1,1,1,247.0,347.0,406.0,63.0,700.0,6.491,agreste_saa,1,1,265.0,11.439663458618876,70.18580973115844,225.5,22.497344103880412,79.31367858361746,0
2020,38,Isère,FR_38,45.344,5.4835,10.846265077406144,6.6134079224064815,15.500929808650222,524.2,0.0,0.63975,0.1430002868935435,,0.1430002868935435,s2,52.0,12.0340865,1,1,1,247.0,347.0,406.0,63.0,700.0,5.884,agreste_saa,1,1,250.1,13.258498051197682,72.52243727598567,186.7,20.804345878136203,81.38418590986545,0
2021,38,Isère,FR_38,45.344,5.4835,10.10717741935484,6.1543637992831535,14.46155017921147,1254.8,0.0,0.61055,0.1763628034814475,,0.1763628034814475,s2,71.0,13.8192655,1,1,1,247.0,347.0,406.0,63.0,700.0,6.587999999999999,agreste_saa,1,1,760.2,10.694772998805258,65.70940860215055,635.5,20.820071684587816,73.72446236559139,0
2022,38,Isère,FR_38,45.344,5.4835,12.202571684587811,8.355663082437275,16.719251792114697,1236.5,0.0,0.6900000000000001,,,0.6900000000000001,modis,101.0,12.66803725,1,1,1,247.0,347.0,406.0,63.0,700.0,5.393,agreste_saa,2,1,292.3,13.034586037650554,76.83549646420614,531.4,23.327965949820783,85.75969001259324,0
2023,38,Isère,FR_38,45.344,5.4835,12.459063620071683,8.143409498207886,17.5351164874552,1416.0,0.0,0.6954,0.0994697022428981,,0.0994697022428981,s2,110.0,3.7421315,1,1,1,247.0,347.0,406.0,63.0,700.0,6.192,agreste_saa,1,1,842.6,12.11632616487455,71.88446236559139,666.5999999999999,22.43387096774193,81.21672043010753,0
2024,38,Isère,FR_38,45.344,5.4835,10.688969534050178,7.036782493883322,15.153477372218136,1431.2,0.0,0.6574500000000001,0.1817036462794812,,0.1817036462794812,s2,57.0,11.887389,1,1,1,247.0,347.0,406.0,63.0,700.0,5.489,agreste_saa,1,1,695.75,12.41637395459976,69.53971326164874,657.3,21.2119623655914,79.67304659498208,0
2010,39,Jura,FR_39,46.7665,5.6485,7.832164750957854,3.9122373857624817,11.848784749042435,264.4,0.0,0.4967,,0.4967,0.4967,modis,,,1,0,1,345.0,239.0,416.0,62.0,808.0,6.799,agreste_saa,3,1,191.2,10.246881104902096,64.50043800069662,90.7,19.869027777777777,70.47869887026184,0
2011,39,Jura,FR_39,46.7665,5.6485,10.348005517296928,6.301063205585264,14.706404114676172,244.2,0.0,0.6792,,0.6792,0.6792,modis,,,1,0,1,345.0,239.0,416.0,62.0,808.0,6.784999999999999,agreste_saa,3,1,76.7,12.769123033828915,65.89578888958395,166.8,17.837616487455197,73.98260207639714,1
2012,39,Jura,FR_39,46.7665,5.6485,9.581373391019849,5.897816535150645,13.528930970392592,462.7,0.0,0.6847000000000001,,0.6847000000000001,0.6847000000000001,modis,,,1,0,1,345.0,239.0,416.0,62.0,808.0,6.489,agreste_saa,3,1,202.3,11.46902623851473,63.11826428817141,140.8,19.086027568922304,72.57913385338881,0
2013,39,Jura,FR_39,46.7665,5.6485,9.46795066413662,5.946291751714284,13.155450369257563,419.6,0.0,0.67805,,0.67805,0.67805,modis,,,1,0,1,345.0,239.0,416.0,62.0,808.0,6.287,agreste_saa,3,1,297.3,8.809825486958507,60.74885304659498,181.7,19.461935483870967,65.35334742861745,0
2014,39,Jura,FR_39,46.7665,5.6485,10.701722187327952,7.052378485711818,14.86114996114996,335.1,0.0,0.7857000000000001,,0.7857000000000001,0.7857000000000001,modis,,,1,0,1,345.0,239.0,416.0,62.0,808.0,7.081999999999999,agreste_saa,3,1,172.8,11.273194953194954,63.67908590071241,230.1,19.121508762322016,72.0626023842289,0
2015,39,Jura,FR_39,46.7665,5.6485,9.582338688181824,5.487644963144963,14.148769797769797,204.1,0.0,0.7163,,,0.7163,modis,,,1,0,1,345.0,239.0,416.0,62.0,808.0,6.995,agreste_saa,4,1,211.6,11.297335227517328,69.658058451622,73.6,21.580152821316616,77.05231132518522,0
2016,39,Jura,FR_39,46.7665,5.6485,8.850339807155823,5.029532333354266,13.123223141261995,211.6,0.0,0.6859,,,0.6859,modis,,,1,0,1,345.0,239.0,416.0,62.0,808.0,4.202,agreste_saa,4,1,209.1,9.65896176094959,60.7498180381354,195.9,18.977054612937437,66.93099450872364,0
2017,39,Jura,FR_39,46.7665,5.6485,8.791543770239423,4.760172622321499,13.100046898326394,258.5,0.0,0.53815,,,0.53815,modis,,,1,0,1,345.0,239.0,416.0,62.0,808.0,7.4,agreste_saa,4,1,177.6,11.542002493376968,66.62295498318257,117.7,20.688796332170995,76.0036001444729,0
2018,39,Jura,FR_39,46.7665,5.6485,9.530597863993025,5.99188176187662,13.375504350421,235.2,0.0,0.68,0.8312173487428954,,0.8312173487428954,s2,69.0,9.903404,1,1,1,345.0,239.0,416.0,62.0,808.0,6.4,agreste_saa,1,1,221.9,11.64890297974749,70.90905010911763,142.3,20.90590176773328,76.75851247470902,0
2019,39,Jura,FR_39,46.7665,5.6485,9.224602783048704,6.120300835805355,12.64859102829835,381.4,0.0,0.7498,0.6902750392168582,,0.6902750392168582,s2,46.0,19.999904,1,1,1,345.0,239.0,416.0,62.0,808.0,7.4,agreste_saa,1,1,161.20000000000002,8.543968402371986,58.21117973488608,156.4,19.60851143607049,64.84892807925694,0
2020,39,Jura,FR_39,46.7665,5.6485,8.765464317475718,5.211567468782626,12.296864361116112,305.3,0.0,0.74675,0.5036416504785106,,0.5036416504785106,s2,51.0,19.820278,1,1,1,345.0,239.0,416.0,62.0,808.0,7.1,agreste_saa,1,1,193.2,10.492213600697472,61.166826820680456,109.0,17.828318815745632,67.13327843358368,0
2021,39,Jura,FR_39,46.7665,5.6485,8.100478494623657,4.704064516129033,11.674258064516128,583.7,0.0,0.69465,0.6880444771164098,,0.6880444771164098,s2,56.0,7.431869499999999,1,1,1,345.0,239.0,416.0,62.0,808.0,6.8,agreste_saa,1,1,433.9,7.639813620071685,52.79103225806452,556.0999999999999,17.592247311827958,58.10393548387097,0
2022,39,Jura,FR_39,46.7665,5.6485,10.151424731182797,6.6497311827957,13.743552867383514,1566.6,0.0,0.76695,0.4446284302071483,,0.4446284302071483,s2,64.0,16.931374,1,1,1,345.0,239.0,416.0,62.0,808.0,7.0,agreste_saa,1,1,316.5,10.50310100617524,66.51173064466302,386.7,20.934439619520266,73.37818225756624,0
2023,39,Jura,FR_39,46.7665,5.6485,10.69508064516129,6.742683691756272,14.74578405017921,926.6,0.0,0.6951499999999999,0.5472762271678175,,0.5472762271678175,s2,90.0,6.455009,1,1,1,345.0,239.0,416.0,62.0,808.0,7.0,agreste_saa,1,1,974.4,9.837706093189963,62.62358422939068,545.2,20.057383512544803,69.6278853046595,0
2024,39,Jura,FR_39,46.7665,5.6485,8.86158366387197,5.7838743779933415,12.065925300501,1095.4,0.0,0.77685,0.6008926952569407,,0.6008926952569407,s2,34.0,12.4113045,1,1,1,345.0,239.0,416.0,62.0,808.0,5.2,agreste_saa,1,1,1317.0,10.15099761051374,59.75611111111111,863.8,18.590806451612902,67.63460573476702,0
2010,40,Landes,FR_40,43.755,-0.721,11.414612850950872,6.996918100388596,16.648054067548347,346.2,0.0,,,,,none,,,0,0,0,170.0,462.0,368.0,57.0,915.0,5.9,agreste_saa,6,1,150.10000000000002,12.423035962718943,67.44650534838162,82.4,19.69434389140272,76.65779567096226,0
2011,40,Landes,FR_40,43.755,-0.721,13.98424382798366,9.320122019537218,19.489217830109336,161.0,0.0,,,,,none,,,0,0,0,170.0,462.0,368.0,57.0,915.0,5.6,agreste_saa,6,1,74.7,14.595519713261648,70.72358062424748,164.1,18.74512364545707,81.27680643069908,1
2012,40,Landes,FR_40,43.755,-0.721,12.983889042867702,8.497278930810493,18.34966394637886,229.5,0.0,,,,,none,,,0,0,0,170.0,462.0,368.0,57.0,915.0,5.9,agreste_saa,6,1,238.9,12.693880224532718,66.51522903863813,74.5,19.576068376068378,77.2337774257349,0
2013,40,Landes,FR_40,43.755,-0.721,12.77329148594922,8.40281782906964,17.87638010495454,254.4,0.0,,,,,none,,,0,0,0,170.0,462.0,368.0,57.0,915.0,4.7,agreste_saa,6,1,217.2,11.53934003891321,64.5973308418568,165.9,19.96956989247312,74.55715990168586,0
2014,40,Landes,FR_40,43.755,-0.721,13.967629273801128,9.302311126013914,19.593898115159178,158.89999999999998,0.0,,,,,none,,,0,0,0,170.0,462.0,368.0,57.0,915.0,4.7,agreste_saa,6,1,175.39999999999998,12.76547106647537,67.63492773711386,145.5,19.82372881355932,77.94387082654475,0
2015,40,Landes,FR_40,43.755,-0.721,13.1423846827225,7.790298963708748,19.115272859992928,85.9,0.0,,,,,none,,,0,0,0,170.0,462.0,368.0,57.0,915.0,5.7,agreste_saa,6,1,127.6,13.23214302684723,71.6992262884951,72.69999999999999,20.83336581709145,81.3631607147246,0
2016,40,Landes,FR_40,43.755,-0.721,12.838254327301335,8.084383796201408,18.465910791145728,186.3,0.0,,,,,none,,,0,0,0,170.0,462.0,368.0,57.0,915.0,5.6,agreste_saa,6,1,155.1,12.110143369175626,66.33224748810153,46.3,19.625505464480877,75.58144103648863,0
2017,40,Landes,FR_40,43.755,-0.721,12.00331009845925,7.065245760508758,17.50506405728045,244.0,0.0,,,,,none,,,0,0,0,170.0,462.0,368.0,57.0,915.0,6.5,agreste_saa,6,1,172.29999999999998,13.80852301319164,71.14543463097277,120.0,20.635336021505378,82.69624108258567,0
2018,40,Landes,FR_40,43.755,-0.721,13.487654634475463,9.169716626507292,18.68265641111976,132.3,0.0,,0.3795686069812196,,0.3795686069812196,s2,34.0,11.06909275,0,1,1,170.0,462.0,368.0,57.0,915.0,5.0,agreste_saa,2,1,223.8,12.9997311827957,71.2637555730396,155.0,20.990345528455286,80.97988460529766,0
2019,40,Landes,FR_40,43.755,-0.721,13.760387069298911,9.759802711907977,18.613918771287192,305.2,0.0,,0.4254357650096837,,0.4254357650096837,s2,29.0,15.343393,0,1,1,170.0,462.0,368.0,57.0,915.0,7.7,agreste_saa,2,1,224.2,12.5769559050997,67.72551825293351,128.0,20.51708333333333,78.76503438196576,0
2020,40,Landes,FR_40,43.755,-0.721,12.830787226394982,7.4635980403777,18.434215755995417,500.5,0.0,,0.2071388567793816,,0.2071388567793816,s2,30.0,16.2921185,0,1,1,170.0,462.0,368.0,57.0,915.0,4.6,agreste_saa,2,1,270.29999999999995,14.355307398564497,71.99428727823191,52.8,19.56705139372822,82.20002498314994,0
2021,40,Landes,FR_40,43.755,-0.721,12.78299059139785,8.484247311827957,18.11895833333333,422.8,0.0,,0.3871922997309994,,0.3871922997309994,s2,30.0,4.9433185,0,1,1,170.0,462.0,368.0,57.0,915.0,5.598,agreste_saa,2,1,181.7,12.374587813620073,65.97865591397849,160.9,19.66010752688172,76.44397849462365,0
2022,40,Landes,FR_40,43.755,-0.721,14.902029569892472,10.341619623655914,20.36431451612903,725.0,0.0,,0.1696390116820628,,0.1696390116820628,s2,62.0,18.46783875,0,1,1,170.0,462.0,368.0,57.0,915.0,4.6,agreste_saa,2,1,259.4,13.64247311827957,73.50747311827958,225.5,21.835994623655917,84.59940860215055,0
2023,40,Landes,FR_40,43.755,-0.721,15.018447580645162,10.704764784946237,20.33997311827957,1465.0,0.0,,0.118626109080369,,0.118626109080369,s2,47.0,5.7166935,0,1,1,170.0,462.0,368.0,57.0,915.0,6.4,agreste_saa,2,1,595.2,14.031039426523298,72.19110215053763,590.7,21.21512096774193,84.52336021505377,0
2024,40,Landes,FR_40,43.755,-0.721,13.334852150537635,9.3908938172043,18.18797715053764,1382.9,0.0,,0.0568772557842681,,0.0568772557842681,s2,25.0,20.82699475,0,1,1,170.0,462.0,368.0,57.0,915.0,4.4,agreste_saa,2,1,965.6,13.455878136200717,68.97844086021504,311.0,20.183629032258064,80.73489247311828,0
2010,41,Loir-et-Cher,FR_41,47.665,1.278,8.454087776132297,4.554012144034465,12.502169301654558,214.1,0.0,0.54855,,0.54855,0.54855,modis,,,1,0,1,318.0,177.0,505.0,66.0,355.0,6.598999999999999,agreste_saa,3,1,77.0,10.425877914980866,62.98277287822742,82.7,19.25985433485433,69.79734241465127,1
2011,41,Loir-et-Cher,FR_41,47.665,1.278,11.687732489753088,7.521224350467051,16.43404598139087,189.8,0.0,0.5777000000000001,,0.5777000000000001,0.5777000000000001,modis,,,1,0,1,318.0,177.0,505.0,66.0,355.0,6.099,agreste_saa,3,1,41.2,12.585539139166697,64.17059581654004,136.4,17.530168007466997,72.81695343243408,1
2012,41,Loir-et-Cher,FR_41,47.665,1.278,10.14250129340858,6.316564775580078,14.317829010528913,228.1,0.0,0.4239,,0.4239,0.4239,modis,,,1,0,1,318.0,177.0,505.0,66.0,355.0,7.298999999999999,agreste_saa,3,1,163.7,10.998716547192354,58.1100207476403,177.6,17.29177426270904,67.57969816699514,0
2013,41,Loir-et-Cher,FR_41,47.665,1.278,10.29416648271346,6.054550970873787,14.38761931957249,0.0,0.0,0.607,,0.607,0.607,modis,,,1,0,1,318.0,177.0,505.0,66.0,355.0,6.997,agreste_saa,3,1,0.0,8.788569076576714,58.78794433561679,0.0,18.815779569892477,63.99726636951509,1
2014,41,Loir-et-Cher,FR_41,47.665,1.278,11.330718728044218,7.015668056727494,15.836063179101124,167.70000000000002,0.0,0.56425,,0.56425,0.56425,modis,,,1,0,1,318.0,177.0,505.0,66.0,355.0,7.498,agreste_saa,3,1,110.6,10.92153407754376,61.08371458179177,60.6,18.409233593935085,69.58306942050145,0
2015,41,Loir-et-Cher,FR_41,47.665,1.278,10.992022932486885,6.652729716931935,15.34950901710522,194.6,0.0,0.6312500000000001,,,0.6312500000000001,modis,,,1,0,1,318.0,177.0,505.0,66.0,355.0,7.596999999999999,agreste_saa,4,1,137.39999999999998,11.053367816091956,64.75250323060854,42.5,19.60869989116633,72.37750323060854,0
2016,41,Loir-et-Cher,FR_41,47.665,1.278,9.838893388632064,5.417142969046519,14.642863212121702,89.1,0.0,0.5286,,,0.5286,modis,,,1,0,1,318.0,177.0,505.0,66.0,355.0,4.4,agreste_saa,4,1,173.4,9.71210686256192,59.41171250442314,64.4,18.425615421455937,65.98755143059765,0
2017,41,Loir-et-Cher,FR_41,47.665,1.278,10.119610414216924,6.090822674743564,14.479973857624165,160.3,0.0,0.5756,,,0.5756,modis,,,1,0,1,318.0,177.0,505.0,66.0,355.0,7.248,agreste_saa,4,1,117.3,11.61495796676442,65.17859489633173,63.1,20.0855701754386,75.01601425117045,0
2018,41,Loir-et-Cher,FR_41,47.665,1.278,11.00934767756462,6.470237553015809,15.811936731453724,151.7,0.0,0.5264500000000001,0.7999550599349585,,0.7999550599349585,s2,61.0,7.3084145,1,1,1,318.0,177.0,505.0,66.0,355.0,6.898999999999999,agreste_saa,1,1,148.5,11.784962124197357,69.30492261923517,113.0,20.568903015407884,76.49269240340783,0
2019,41,Loir-et-Cher,FR_41,47.665,1.278,11.068364772365369,7.336067290155333,15.091727809457216,192.8,0.0,0.4689,0.7629733520336606,,0.7629733520336606,s2,60.0,11.030755,1,1,1,318.0,177.0,505.0,66.0,355.0,7.499,agreste_saa,1,1,105.3,10.73455932597868,64.06759139784947,39.8,20.380333333333333,72.9643446446027,1
2020,41,Loir-et-Cher,FR_41,47.665,1.278,11.116824352736227,6.7538868014129205,15.551452879931214,179.3,0.0,0.5756000000000001,0.660138747632755,,0.660138747632755,s2,60.0,18.92227075,1,1,1,318.0,177.0,505.0,66.0,355.0,5.599,agreste_saa,1,1,134.9,12.288954436192006,65.73853824919041,82.8,18.56484299516908,73.99654929891418,0
2021,41,Loir-et-Cher,FR_41,47.665,1.278,10.243575268817205,5.9312589605734765,14.992482078853048,535.4,0.0,0.4994499999999999,0.3782426190724402,,0.3782426190724402,s2,43.0,6.03978175,1,1,1,318.0,177.0,505.0,66.0,355.0,7.199,agreste_saa,1,1,371.5,9.574880525686975,59.33980286738351,580.7,19.016182795698924,66.75700716845878,0
2022,41,Loir-et-Cher,FR_41,47.665,1.278,11.290452508960572,7.441908602150537,15.596102150537634,816.4,0.0,0.6456999999999999,0.4974330431512913,,0.4974330431512913,s2,62.0,12.8785165,1,1,1,318.0,177.0,505.0,66.0,355.0,6.848999999999999,agreste_saa,1,1,320.3,12.164725209080046,68.58322580645161,331.6,20.557159498207888,77.60849462365591,0
2023,41,Loir-et-Cher,FR_41,47.665,1.278,12.653893369175629,8.422979390681004,17.31267025089606,952.0,0.0,0.4864,0.5130858815728191,,0.5130858815728191,s2,71.0,16.234279,1,1,1,318.0,177.0,505.0,66.0,355.0,7.2,agreste_saa,1,1,552.8,11.13631421744325,65.84811827956989,344.4,20.52899641577061,74.46693548387097,0
2024,41,Loir-et-Cher,FR_41,47.665,1.278,10.641247715546102,7.438070873397776,14.072976143091942,1268.8,0.0,0.6685000000000001,0.4385813148788927,,0.4385813148788927,s2,20.0,15.236133,1,1,1,318.0,177.0,505.0,66.0,355.0,6.1,agreste_saa,1,1,949.0,11.478805256869771,62.84453405017921,476.8,18.743844086021504,71.92410394265232,0
2010,42,Loire,FR_42,45.707,4.177,8.594072189033696,4.546732247353928,13.037595965124556,1080.3,0.0,0.6396,,0.6396,0.6396,modis,,,1,0,1,262.0,369.0,368.0,62.0,447.0,5.88,agreste_saa,3,1,713.7,10.022675754702073,63.27167044463819,643.5,19.602150537634408,69.27232833937504,0
2011,42,Loire,FR_42,45.707,4.177,11.920174231316096,7.68936380116092,16.622465670902983,627.5999999999999,0.0,0.6272500000000001,,0.6272500000000001,0.6272500000000001,modis,,,1,0,1,262.0,369.0,368.0,62.0,447.0,4.389,agreste_saa,3,1,282.79999999999995,13.595258823145912,69.40278932021141,514.8,18.600376344086023,77.9865291576098,0
2012,42,Loire,FR_42,45.707,4.177,10.49517796914347,6.541306289372079,14.85087053588902,957.0,0.0,0.6302000000000001,,0.6302000000000001,0.6302000000000001,modis,,,1,0,1,262.0,369.0,368.0,62.0,447.0,5.974,agreste_saa,3,1,701.3000000000001,11.368651319247348,63.37360989335572,614.0,19.269542253521127,72.64503846478429,0
2013,42,Loire,FR_42,45.707,4.177,10.046158582014415,6.192265727203274,14.313063063063062,957.7,0.0,0.6293500000000001,,0.6293500000000001,0.6293500000000001,modis,,,1,0,1,262.0,369.0,368.0,62.0,447.0,5.588,agreste_saa,3,1,1079.5,9.084510787827677,60.144926617336495,351.4,19.393409545227385,66.0403514539378,0
2014,42,Loire,FR_42,45.707,4.177,11.270983568581942,7.27277980502432,15.941576999091822,1123.1,0.0,0.6338,,0.6338,0.6338,modis,,,1,0,1,262.0,369.0,368.0,62.0,447.0,5.19,agreste_saa,3,1,477.9,11.113454906519422,63.48250169542708,665.2,19.20816526212796,71.75669524381418,0
2015,42,Loire,FR_42,45.707,4.177,10.273256087010258,5.627052882570925,15.530844853560025,757.3000000000001,0.0,0.68315,,,0.68315,modis,,,1,0,1,262.0,369.0,368.0,62.0,447.0,5.176,agreste_saa,4,1,441.2,11.608123930381996,70.68156887953873,278.8,21.791841787439616,78.40805536602521,0
2016,42,Loire,FR_42,45.707,4.177,9.517468637992833,5.226557552691178,14.369337951335396,764.0,0.0,0.7055,,,0.7055,modis,,,1,0,1,262.0,369.0,368.0,62.0,447.0,6.389,agreste_saa,4,1,814.2,9.796536645340993,61.68893031885733,522.4,19.248301495765,67.88621292755298,0
2017,42,Loire,FR_42,45.707,4.177,9.293555378531678,4.998134433291365,14.092381950721908,585.9,0.0,0.68015,,,0.68015,modis,,,1,0,1,262.0,369.0,368.0,62.0,447.0,5.5920000000000005,agreste_saa,4,1,582.2,11.610752394476055,67.17900794543543,408.9,20.98793582056407,76.8081288245563,0
2018,42,Loire,FR_42,45.707,4.177,11.226278744104691,6.692109577205377,16.252862527689334,673.9,0.0,0.7052,0.6035564853556485,,0.6035564853556485,s2,32.0,14.100455,1,1,1,262.0,369.0,368.0,62.0,447.0,5.288,agreste_saa,1,1,761.8,11.822786839290034,69.72720726137527,441.3,20.64098251153753,76.75032554094516,0
2019,42,Loire,FR_42,45.707,4.177,11.240595954073264,7.051344332999027,15.806711482488703,1036.5,0.0,0.7146000000000001,0.5521155830753355,,0.5521155830753355,s2,18.0,24.919101,1,1,1,262.0,369.0,368.0,62.0,447.0,5.0920000000000005,agreste_saa,1,1,492.4,10.524685269922855,66.0546735147474,417.3,21.58460233075029,74.74326047126914,0
2020,42,Loire,FR_42,45.707,4.177,10.75647545599647,6.464635168416056,15.603503587370485,701.2,0.0,0.5779500000000001,0.3706806282722514,,0.3706806282722514,s2,26.0,6.19907825,1,1,1,262.0,369.0,368.0,62.0,447.0,4.784000000000001,agreste_saa,1,1,454.5,12.155646238517734,67.6059935195822,428.7000000000001,19.513516473052757,75.4939716616587,0
2021,42,Loire,FR_42,45.707,4.177,9.577051971326163,5.521182795698925,14.176236559139786,1181.3,0.0,0.5690500000000001,0.4252288911495422,,0.4252288911495422,s2,24.0,5.9308777500000005,1,1,1,262.0,369.0,368.0,62.0,447.0,5.694,agreste_saa,1,1,580.9,9.628482676224612,60.24862007168458,866.1999999999999,19.31653225806452,67.51851254480286,0
2022,42,Loire,FR_42,45.707,4.177,11.8736917562724,7.540492831541218,16.68963709677419,1034.2,0.0,0.6826000000000001,0.3590017678077229,,0.3590017678077229,s2,31.0,14.752787,1,1,1,262.0,369.0,368.0,62.0,447.0,4.383,agreste_saa,1,1,321.5,12.118087280829217,71.69207546255933,367.65,21.85385304659498,80.06196793567761,0
2023,42,Loire,FR_42,45.707,4.177,12.43133512544803,7.672849462365591,17.80627688172043,1285.1,0.0,0.5993,0.314480408858603,,0.314480408858603,s2,48.0,0.38855775,1,1,1,262.0,369.0,368.0,62.0,447.0,5.495,agreste_saa,1,1,850.3,11.247479091995222,67.25594982078853,720.4,21.18175627240144,76.10594982078854,0
2024,42,Loire,FR_42,45.707,4.177,10.298593189964157,6.607419447515636,14.827874416811838,1241.1999999999998,0.0,0.66425,0.3558236767137802,,0.3558236767137802,s2,17.0,9.631252750000002,1,1,1,262.0,369.0,368.0,62.0,447.0,5.193,agreste_saa,1,1,1302.4,11.070119474313024,63.99962365591398,715.0999999999999,19.892213261648745,72.99478494623656,0
2010,43,Haute-Loire,FR_43,45.15,3.76,7.010077177036447,2.8095152448439347,11.600071583145125,283.2,0.0,0.6478,,0.6478,0.6478,modis,,,1,0,1,186.0,496.0,318.0,58.0,566.0,5.8,agreste_saa,3,1,190.2,8.013525550867323,55.469286330021326,192.3,17.622688172043013,59.285952996688,0
2011,43,Haute-Loire,FR_43,45.15,3.76,10.580577956989249,6.237496468926554,15.530145782889427,0.0,0.0,0.5714,,0.5714,0.5714,modis,,,1,0,1,186.0,496.0,318.0,58.0,566.0,4.8,agreste_saa,3,1,0.0,11.469732462877625,60.57826974146684,0.0,16.376202843083654,67.16160307480018,1
2012,43,Haute-Loire,FR_43,45.15,3.76,8.848467947674102,4.918473890395626,13.33062273011009,148.1,0.0,0.5998000000000001,,0.5998000000000001,0.5998000000000001,modis,,,1,0,1,186.0,496.0,318.0,58.0,566.0,5.4,agreste_saa,3,1,176.60000000000002,9.368731333894647,55.25121217341373,114.7,17.448913580246916,63.00402116217777,0
2013,43,Haute-Loire,FR_43,45.15,3.76,8.712701030784523,4.679602680384459,13.414516452648474,180.2,0.0,0.59155,,0.59155,0.59155,modis,,,1,0,1,186.0,496.0,318.0,58.0,566.0,5.5,agreste_saa,3,1,290.1,7.213875234681687,52.0863082437276,127.5,17.420555555555556,56.48273681515617,0
2014,43,Haute-Loire,FR_43,45.15,3.76,9.878867925973587,5.729340598471582,14.676670335837002,237.8,0.0,0.6281000000000001,,0.6281000000000001,0.6281000000000001,modis,,,1,0,1,186.0,496.0,318.0,58.0,566.0,5.2,agreste_saa,3,1,103.5,9.154150878989588,55.14716069199216,205.9,17.09127875869449,61.64501015435774,1
2015,43,Haute-Loire,FR_43,45.15,3.76,8.864156105694194,4.183202294616477,14.43837240182914,184.7,0.0,0.6506500000000001,,,0.6506500000000001,modis,,,1,0,1,186.0,496.0,318.0,58.0,566.0,4.983,agreste_saa,4,1,82.4,9.912788477949768,63.51333411251364,79.2,20.05781400966184,69.85399345317298,1
2016,43,Haute-Loire,FR_43,45.15,3.76,8.663416440190634,4.115256650340919,14.062361243258469,242.5,0.0,0.5980000000000001,,,0.5980000000000001,modis,,,1,0,1,186.0,496.0,318.0,58.0,566.0,5.686,agreste_saa,4,1,162.5,8.124166133131562,55.0127891074382,173.89999999999998,17.57736757624398,59.527233551882645,0
2017,43,Haute-Loire,FR_43,45.15,3.76,7.592819147852518,2.9656934761909834,12.833434381710244,116.2,0.0,0.47825,,,0.47825,modis,,,1,0,1,186.0,496.0,318.0,58.0,566.0,4.786,agreste_saa,4,1,175.60000000000002,9.777772999946912,59.51365283267457,162.2,18.999507575757576,67.3323341513559,0
2018,43,Haute-Loire,FR_43,45.15,3.76,9.768459190780924,5.057160910539393,15.033997887362403,281.5,0.0,0.64295,0.845718256028011,,0.845718256028011,s2,29.0,13.590536749999998,1,1,1,186.0,496.0,318.0,58.0,566.0,4.978,agreste_saa,1,1,239.4,9.616354994545738,61.13154576249349,129.1,18.63425114211631,66.11756726786983,0
2019,43,Haute-Loire,FR_43,45.15,3.76,9.459525994954248,5.145996219309472,14.337213612949112,244.7,0.0,0.67415,0.5186322185909187,,0.5186322185909187,s2,13.0,6.971841,1,1,1,186.0,496.0,318.0,58.0,566.0,4.482,agreste_saa,1,1,153.39999999999998,8.376503298529945,57.46935483870968,102.5,19.52046594982079,64.17044179523141,0
2020,43,Haute-Loire,FR_43,45.15,3.76,8.968129608621668,4.573879920366397,13.9725883185442,84.1,0.0,0.61815,0.7875089226195041,,0.7875089226195041,s2,20.0,5.579485999999999,1,1,1,186.0,496.0,318.0,58.0,566.0,5.065,agreste_saa,1,1,114.9,10.306229863326635,60.27973464957149,160.39999999999998,17.747555496828753,66.41380058363742,0
2021,43,Haute-Loire,FR_43,45.15,3.76,8.306693548387097,3.972983870967742,13.47804659498208,168.29999999999998,0.0,0.64365,0.8897034734642612,,0.8897034734642612,s2,20.0,12.014502,1,1,1,186.0,496.0,318.0,58.0,566.0,5.188000000000001,agreste_saa,1,1,144.7,7.763118279569892,52.838315412186375,108.0,17.543835125448027,58.37702508960574,0
2022,43,Haute-Loire,FR_43,45.15,3.76,10.239686379928315,5.572437275985663,15.364256272401434,240.4,0.0,0.6924000000000001,0.4188570050639016,,0.4188570050639016,s2,35.0,8.842718999999999,1,1,1,186.0,496.0,318.0,58.0,566.0,3.2960000000000003,agreste_saa,1,1,75.19999999999999,10.16890083632019,65.45035842293908,78.0,20.607849462365596,71.72240143369176,1
2023,43,Haute-Loire,FR_43,45.15,3.76,10.684014336917564,5.585376344086021,16.356102150537634,181.3,0.0,0.74865,0.4626790388172778,,0.4626790388172778,s2,39.0,2.11702225,1,1,1,186.0,496.0,318.0,58.0,566.0,5.387,agreste_saa,1,1,296.2,9.378136200716844,59.24992831541219,192.9,19.10399641577061,66.34240143369176,0
2024,43,Haute-Loire,FR_43,45.15,3.76,9.047078853046594,5.1117114695340495,14.014005376344086,518.9,0.0,0.64615,0.475103940340956,,0.475103940340956,s2,18.0,14.01812325,1,1,1,186.0,496.0,318.0,58.0,566.0,4.991,agreste_saa,1,1,502.6,9.427431302270014,57.44720430107527,233.8,18.239444444444445,64.76118279569893,0
2010,44,Loire-Atlantique,FR_44,47.323,-1.626,9.931407469342252,6.128408521674579,13.80355587933476,367.4,0.0,0.5868,,0.5868,0.5868,modis,,,1,0,1,172.0,388.0,440.0,59.0,624.0,6.398,agreste_saa,3,1,109.8,11.09581914622565,63.7352610054223,97.2,18.993413978494623,71.2742853956662,0
2011,44,Loire-Atlantique,FR_44,47.323,-1.626,13.37788840364279,10.006492658276125,17.049099446987032,260.7,0.0,0.5256000000000001,,0.5256000000000001,0.5256000000000001,modis,,,1,0,1,172.0,388.0,440.0,59.0,624.0,5.798,agreste_saa,3,1,39.2,13.120079570510976,64.4452600884387,115.4,17.294559868780752,73.94935844909443,1
2012,44,Loire-Atlantique,FR_44,47.323,-1.626,11.729850427350428,8.431950242876873,15.415030634623877,476.6,0.0,0.5192,,0.5192,0.5192,modis,,,1,0,1,172.0,388.0,440.0,59.0,624.0,6.998,agreste_saa,3,1,173.7,11.661551106167346,59.07630354475789,127.4,17.395421887321476,69.77549709314499,0
2013,44,Loire-Atlantique,FR_44,47.323,-1.626,12.18632562948222,8.573163167026225,15.979793594307443,420.8,0.0,0.6187,,0.6187,0.6187,modis,,,1,0,1,172.0,388.0,440.0,59.0,624.0,6.297,agreste_saa,3,1,197.5,9.533727701389047,59.608563432956416,86.3,18.93294548354357,66.46707407125429,0
2014,44,Loire-Atlantique,FR_44,47.323,-1.626,12.837142595307917,8.849581452592123,17.37809678888185,267.1,0.0,0.53075,,0.53075,0.53075,modis,,,1,0,1,172.0,388.0,440.0,59.0,624.0,6.793000000000001,agreste_saa,3,1,167.7,11.765816610537447,63.71909964025095,78.7,18.974131355932204,73.24571254347676,0
2015,44,Loire-Atlantique,FR_44,47.323,-1.626,12.4265303451331,8.486298276348114,16.296541722041,243.2,0.0,0.6668499999999999,,,0.6668499999999999,modis,,,1,0,1,172.0,388.0,440.0,59.0,624.0,7.298,agreste_saa,4,1,187.7,11.73694705455575,63.84642087381218,69.6,18.615072463768115,72.44098609120348,0
2016,44,Loire-Atlantique,FR_44,47.323,-1.626,11.310376344086022,7.316845676774999,15.814913716725062,187.8,0.0,0.4624,,,0.4624,modis,,,1,0,1,172.0,388.0,440.0,59.0,624.0,6.096,agreste_saa,4,1,221.5,10.60768219832736,60.41035842293907,58.9,18.21247311827957,68.24799283154121,0
2017,44,Loire-Atlantique,FR_44,47.323,-1.626,11.2806541218638,7.339207184042388,15.495560425432446,263.7,0.0,0.5846500000000001,,,0.5846500000000001,modis,,,1,0,1,172.0,388.0,440.0,59.0,624.0,7.098000000000001,agreste_saa,4,1,156.89999999999998,12.38998259830658,65.731775751909,93.5,19.50887096774193,76.18768973040362,0
2018,44,Loire-Atlantique,FR_44,47.323,-1.626,12.059901433691756,8.074344569288389,16.545696810438564,339.4,0.0,0.5952500000000001,0.3604738857604905,,0.3604738857604905,s2,39.0,10.48450125,1,1,1,172.0,388.0,440.0,59.0,624.0,6.099,agreste_saa,1,1,202.8,11.963560334528076,68.8246832588297,236.9,20.40644557206717,76.70357214771857,0
2019,44,Loire-Atlantique,FR_44,47.323,-1.626,12.11962208411923,8.703282188241866,15.678066465344692,466.5,0.0,0.5669000000000001,0.4386416665267822,,0.4386416665267822,s2,28.0,20.39421525,1,1,1,172.0,388.0,440.0,59.0,624.0,7.728,agreste_saa,1,1,142.6,11.321804062126644,63.05137259693712,66.4,19.383302785923757,72.73201775822744,0
2020,44,Loire-Atlantique,FR_44,47.323,-1.626,12.005448028673834,7.75594982078853,16.258691756272402,342.2,0.0,0.69015,0.7446581746043174,,0.7446581746043174,s2,33.0,11.46038475,1,1,1,172.0,388.0,440.0,59.0,624.0,5.491,agreste_saa,1,1,205.6,13.047301193430224,65.42602150537634,109.6,17.833817204301074,74.80953798889283,0
2021,44,Loire-Atlantique,FR_44,47.323,-1.626,11.7871438172043,7.997486559139785,15.878608870967742,663.6,0.0,0.67905,0.3148005187986858,,0.3148005187986858,s2,24.0,10.3838575,1,1,1,172.0,388.0,440.0,59.0,624.0,7.194,agreste_saa,1,1,266.8,10.765824372759855,60.88618279569893,317.0,18.651612903225807,69.60069892473118,0
2022,44,Loire-Atlantique,FR_44,47.323,-1.626,12.92575940860215,9.629811827956988,16.55961693548387,957.9,0.0,0.60145,0.1688349687772825,,0.1688349687772825,s2,36.0,16.7038225,1,1,1,172.0,388.0,440.0,59.0,624.0,7.209999999999999,agreste_saa,1,1,263.9,12.845491520237784,69.23784552845528,222.0,20.47125,79.47897456071334,0
2023,44,Loire-Atlantique,FR_44,47.323,-1.626,13.96587365591398,10.469012096774192,17.81526209677419,1093.1,0.0,0.5686,0.2630420795136604,,0.2630420795136604,s2,39.0,11.20933775,1,1,1,172.0,388.0,440.0,59.0,624.0,7.093999999999999,agreste_saa,1,1,548.0,12.257598566308245,66.85327956989246,222.2,19.91483870967742,76.60247311827956,0
2024,44,Loire-Atlantique,FR_44,47.323,-1.626,11.889286939191694,8.880518631813127,15.335877363737485,1102.0,0.0,0.5709000000000001,0.2228901875687801,,0.2228901875687801,s2,8.0,22.028025,1,1,1,172.0,388.0,440.0,59.0,624.0,4.896,agreste_saa,1,1,837.4,12.028808243727598,62.18104838709678,330.7,17.9872311827957,72.0608870967742,0
2010,45,Loiret,FR_45,47.976,2.369,8.208654214559386,4.556629221132898,11.979520525004382,0.0,0.0,0.5466,,0.5466,0.5466,modis,,,1,0,1,277.0,280.0,442.0,68.0,352.0,6.699,agreste_saa,3,1,0.0,10.340941923245294,62.840190043794784,0.0,19.211491125793493,69.44580802132288,1
2011,45,Loiret,FR_45,47.976,2.369,11.37871429113156,7.291509287290967,15.930046333946107,0.0,0.0,0.6182000000000001,,0.6182000000000001,0.6182000000000001,modis,,,1,0,1,277.0,280.0,442.0,68.0,352.0,6.598000000000001,agreste_saa,3,1,0.0,12.53004281949934,63.56739898989899,0.0,17.202222222222225,71.99457290294247,1
2012,45,Loiret,FR_45,47.976,2.369,9.914655172413791,6.291710541709075,13.790880534205067,0.0,0.0,0.5226,,0.5226,0.5226,modis,,,1,0,1,277.0,280.0,442.0,68.0,352.0,7.595999999999999,agreste_saa,3,1,0.0,10.848840238142564,57.321837496411135,0.0,17.05469135802469,66.65590343047708,1
2013,45,Loiret,FR_45,47.976,2.369,10.285276830449243,6.384178724244268,14.044815108251438,0.0,0.0,0.4851,,0.4851,0.4851,modis,,,1,0,1,277.0,280.0,442.0,68.0,352.0,7.199,agreste_saa,3,1,0.0,8.618470801229423,58.801352336947446,0.0,18.82584352984798,63.50709946338422,1
2014,45,Loiret,FR_45,47.976,2.369,11.052610102447629,6.884690829624192,15.308499625261934,0.0,0.0,0.62915,,0.62915,0.62915,modis,,,1,0,1,277.0,280.0,442.0,68.0,352.0,7.398999999999999,agreste_saa,3,1,0.0,10.836870316063866,60.03322261072261,0.0,17.95592948717949,68.42246992255056,1
2015,45,Loiret,FR_45,47.976,2.369,10.88708515498838,6.838780446703834,14.82980017518324,0.0,0.0,0.627,,,0.627,modis,,,1,0,1,277.0,280.0,442.0,68.0,352.0,7.598000000000001,agreste_saa,4,1,0.0,10.750576255174906,63.70301465815892,0.0,19.407865168539324,71.06745910260337,1
2016,45,Loiret,FR_45,47.976,2.369,9.649842943794557,5.657441404996678,13.96129078172844,0.0,0.0,0.58585,,,0.58585,modis,,,1,0,1,277.0,280.0,442.0,68.0,352.0,3.6,agreste_saa,4,1,0.0,9.576116700935945,59.01627858113954,0.0,18.25589605734767,65.24014221750318,1
2017,45,Loiret,FR_45,47.976,2.369,9.9488552560363,6.197101839202237,13.938829736269932,0.0,0.0,0.53985,,,0.53985,modis,,,1,0,1,277.0,280.0,442.0,68.0,352.0,6.9,agreste_saa,4,1,0.0,11.507359617682198,64.71677419354839,0.0,19.94573476702509,74.41354838709677,1
2018,45,Loiret,FR_45,47.976,2.369,10.794982078853046,6.449207606463169,15.376311349505263,0.0,0.0,0.38525,0.2292849568020962,,0.2292849568020962,s2,29.0,4.647598,1,1,1,277.0,280.0,442.0,68.0,352.0,6.898999999999999,agreste_saa,1,1,0.0,11.676604332242482,69.6794623655914,0.0,20.691129032258065,76.41207106124358,1
2019,45,Loiret,FR_45,47.976,2.369,10.73252688172043,7.2193665176593775,14.519221436913536,0.0,0.0,0.68655,0.8351974435060487,,0.8351974435060487,s2,29.0,9.6118425,1,1,1,277.0,280.0,442.0,68.0,352.0,7.648999999999999,agreste_saa,1,1,0.0,10.59562724014337,63.68734116812561,0.0,20.29377811094453,72.37443794231916,1
2020,45,Loiret,FR_45,47.976,2.369,10.987618291355812,6.844626150059618,15.20070418716588,0.0,0.0,0.764,0.6697916666666666,,0.6697916666666666,s2,31.0,4.6511865,1,1,1,277.0,280.0,442.0,68.0,352.0,6.098,agreste_saa,1,1,0.0,12.06857438016529,65.31670614123497,0.0,18.532764227642275,73.27125159578043,1
2021,45,Loiret,FR_45,47.976,2.369,10.095477150537633,5.9986491935483865,14.628313172043011,355.9,0.0,0.6950000000000001,0.6724932708039675,,0.6724932708039675,s2,24.0,14.3000755,1,1,1,277.0,280.0,442.0,68.0,352.0,7.298,agreste_saa,1,1,261.2,9.352706093189964,58.76809139784946,326.4,19.01587365591398,66.08986559139785,0
2022,45,Loiret,FR_45,47.976,2.369,11.000772849462363,7.345248655913979,15.048004032258063,592.5,0.0,0.71425,0.34548802946593,,0.34548802946593,s2,34.0,16.609289250000003,1,1,1,277.0,280.0,442.0,68.0,352.0,7.048,agreste_saa,1,1,245.3,11.883172043010752,67.36290322580646,260.1,20.228870967741937,76.10725806451613,0
2023,45,Loiret,FR_45,47.976,2.369,12.344435483870967,8.25016129032258,16.8053561827957,707.7,0.0,0.6369500000000001,0.3421698576337751,,0.3421698576337751,s2,33.0,24.9371735,1,1,1,277.0,280.0,442.0,68.0,352.0,6.898000000000001,agreste_saa,1,1,419.1,10.84089605734767,64.71451612903226,254.1,20.2902688172043,73.1032258064516,0
2024,45,Loiret,FR_45,47.976,2.369,10.415019869097708,7.3307178656876495,13.668819760372592,839.2,0.0,0.66625,0.3189592865826621,,0.3189592865826621,s2,13.0,23.9764435,1,1,1,277.0,280.0,442.0,68.0,352.0,6.299,agreste_saa,1,1,620.7,11.40314516129032,62.18768817204301,420.3,18.500416666666663,71.2102688172043,0
2010,46,Lot,FR_46,44.627,1.638,9.119395726034565,4.733689963940924,14.014950404368562,277.6,0.0,0.5721499999999999,,0.5721499999999999,0.5721499999999999,modis,,,1,0,1,251.0,285.0,464.0,69.0,723.0,5.0,agreste_saa,3,1,150.10000000000002,10.730041882055303,64.333123830777,224.6,19.47247311827957,71.13507188272506,0
2011,46,Lot,FR_46,44.627,1.638,12.737256724914944,7.966649768841705,18.237049279743243,221.6,0.0,0.5857000000000001,,0.5857000000000001,0.5857000000000001,modis,,,1,0,1,251.0,285.0,464.0,69.0,723.0,4.0,agreste_saa,3,1,83.60000000000001,13.541088476889945,68.177127825106,168.0,18.281439393939397,77.18614421854862,1
2012,46,Lot,FR_46,44.627,1.638,11.037699455949456,6.887522206267314,15.922978185382783,238.0,0.0,0.66255,,0.66255,0.66255,modis,,,1,0,1,251.0,285.0,464.0,69.0,723.0,5.5,agreste_saa,3,1,315.0,11.419645858355535,62.4329830148012,93.2,18.94508723599633,72.14911204705926,0
2013,46,Lot,FR_46,44.627,1.638,10.354233680636566,6.270474333120916,15.246491661565852,348.5,0.0,0.7115,,0.7115,0.7115,modis,,,1,0,1,251.0,285.0,464.0,69.0,723.0,5.1,agreste_saa,3,1,316.3,9.566581667183527,60.06769780320393,89.8,19.304781769954182,67.30930854145896,0
2014,46,Lot,FR_46,44.627,1.638,11.914859478404736,7.300737804035378,17.21154344226289,190.8,0.0,0.5556000000000001,,0.5556000000000001,0.5556000000000001,modis,,,1,0,1,251.0,285.0,464.0,69.0,723.0,4.798,agreste_saa,3,1,181.5,11.246181522037755,63.520013291832,135.3,19.201401029526032,72.14134662516533,0
2015,46,Lot,FR_46,44.627,1.638,10.739908100174471,5.691278736306508,16.505819064642832,137.9,0.0,0.67805,,,0.67805,modis,,,1,0,1,251.0,285.0,464.0,69.0,723.0,4.997,agreste_saa,4,1,154.6,11.98543002527965,70.53797997626569,72.3,21.49610810810811,78.94850629205516,0
2016,46,Lot,FR_46,44.627,1.638,10.784172043010752,5.831162405822544,16.55833470484968,138.70000000000002,0.0,0.6181000000000001,,,0.6181000000000001,modis,,,1,0,1,251.0,285.0,464.0,69.0,723.0,4.899,agreste_saa,4,1,349.2,10.366640177612505,61.97074971664354,59.900000000000006,18.95993072093527,69.01978197470805,0
2017,46,Lot,FR_46,44.627,1.638,9.420216724789306,4.9641431967141365,14.60608281762269,240.5,0.0,0.6334500000000001,,,0.6334500000000001,modis,,,1,0,1,251.0,285.0,464.0,69.0,723.0,4.798,agreste_saa,4,1,257.0,12.144916911045945,67.64088418430885,104.8,20.4972602739726,77.42927128108303,0
2018,46,Lot,FR_46,44.627,1.638,11.93636602416858,7.2234505737418,17.223313543610416,229.2,0.0,0.6587500000000001,0.675646551724138,,0.675646551724138,s2,28.0,7.868138249999999,1,1,1,251.0,285.0,464.0,69.0,723.0,4.199,agreste_saa,1,1,249.3,11.72965933196348,69.7663370254368,134.6,20.9555626316563,77.10010325920304,0
2019,46,Lot,FR_46,44.627,1.638,11.682288698471956,7.666459303537784,16.318672547097165,394.1,0.0,0.5617000000000001,0.321666227902926,,0.321666227902926,s2,16.0,11.41927,1,1,1,251.0,285.0,464.0,69.0,723.0,5.197,agreste_saa,1,1,174.5,10.82107421010283,66.14472064955014,134.3,21.309827956989245,75.08287854428698,0
2020,46,Lot,FR_46,44.627,1.638,10.986063705546153,6.565899180776939,15.992667492136151,306.2,0.0,0.6376,0.2039764359351988,,0.2039764359351988,s2,23.0,14.18498375,1,1,1,251.0,285.0,464.0,69.0,723.0,4.255,agreste_saa,1,1,164.9,13.082449623959556,69.6366014735816,74.1,19.518136234626304,78.28362134113128,0
2021,46,Lot,FR_46,44.627,1.638,10.426290322580645,5.918086021505376,15.966295698924732,626.4,0.0,0.666,0.8260485730600116,,0.8260485730600116,s2,20.0,7.49128775,1,1,1,251.0,285.0,464.0,69.0,723.0,4.713,agreste_saa,1,1,270.1,10.439741935483871,61.91255913978495,417.1,19.37731182795699,70.07384946236559,0
2022,46,Lot,FR_46,44.627,1.638,12.666478494623655,7.863086021505376,18.110344086021502,407.2,0.0,0.6599,0.4449365884094324,,0.4449365884094324,s2,36.0,7.91061825,1,1,1,251.0,285.0,464.0,69.0,723.0,4.599,agreste_saa,1,1,329.0,12.64184229390681,72.4484946236559,259.4,21.982451612903223,81.89043010752688,0
2023,46,Lot,FR_46,44.627,1.638,12.673844086021504,7.887709677419354,18.0242688172043,690.2,0.0,0.54825,0.3648109341384011,,0.3648109341384011,s2,33.0,5.744130500000001,1,1,1,251.0,285.0,464.0,69.0,723.0,4.997,agreste_saa,1,1,401.5,11.895304659498208,67.76316129032259,380.0,20.680236559139782,77.0463870967742,0
2024,46,Lot,FR_46,44.627,1.638,11.170489247311828,7.108951612903226,16.301021505376344,732.5,0.0,0.7537,0.6086770372484658,,0.6086770372484658,s2,16.0,4.1185945,1,1,1,251.0,285.0,464.0,69.0,723.0,4.593,agreste_saa,1,1,796.9,11.644458781362006,65.08443010752688,211.6,19.938430107526884,74.81023655913978,0
2010,47,Lot-et-Garonne,FR_47,44.399,0.47,10.139371468926552,5.454012487481381,15.618767824734247,0.0,0.0,0.7453000000000001,,0.7453000000000001,0.7453000000000001,modis,,,1,0,1,274.0,293.0,432.0,59.0,933.0,6.7,agreste_saa,3,1,0.0,12.02897639052138,69.12649906403726,0.0,20.59236559139785,77.27166035435985,1
2011,47,Lot-et-Garonne,FR_47,44.399,0.47,13.276649978661618,8.217208651929427,19.318088696160977,0.0,0.0,0.7067,,0.7067,0.7067,modis,,,1,0,1,274.0,293.0,432.0,59.0,933.0,5.6,agreste_saa,3,1,0.0,14.40415514592934,71.95569124423963,0.0,19.279112903225805,81.77069124423963,1
2012,47,Lot-et-Garonne,FR_47,44.399,0.47,12.16454551667578,7.583893678160919,17.464813218390805,0.0,0.0,0.73675,,0.73675,0.73675,modis,,,1,0,1,274.0,293.0,432.0,59.0,933.0,6.7,agreste_saa,3,1,0.0,12.253518945212496,66.3840873015873,0.0,19.873055555555556,76.50666794674859,1
2013,47,Lot-et-Garonne,FR_47,44.399,0.47,11.571895161290325,7.303470899869912,16.585924567787185,0.0,0.0,0.76525,,0.76525,0.76525,modis,,,1,0,1,274.0,293.0,432.0,59.0,933.0,6.0,agreste_saa,3,1,0.0,10.9809751575825,65.24225806451614,0.0,20.504838709677426,73.95260289210233,1
2014,47,Lot-et-Garonne,FR_47,44.399,0.47,12.890327215424543,7.934593398669071,18.7874703496078,0.0,0.0,0.7158,,0.7158,0.7158,modis,,,1,0,1,274.0,293.0,432.0,59.0,933.0,5.5,agreste_saa,3,1,0.0,12.429303505254843,69.03070621468927,0.0,20.688333333333333,78.6645771824312,1
2015,47,Lot-et-Garonne,FR_47,44.399,0.47,11.708230134864223,6.17888440860215,17.71747791858679,0.0,0.0,0.7278,,,0.7278,modis,,,1,0,1,274.0,293.0,432.0,59.0,933.0,6.4,agreste_saa,4,1,0.0,12.92553822198719,73.33844262295082,0.0,22.03333333333333,82.84328133262824,1
2016,47,Lot-et-Garonne,FR_47,44.399,0.47,11.57284946236559,6.413104838709677,17.756693548387098,0.0,0.0,0.7258500000000001,,,0.7258500000000001,modis,,,1,0,1,274.0,293.0,432.0,59.0,933.0,5.7,agreste_saa,4,1,0.0,11.573118279569892,65.91908602150538,0.0,19.92325268817204,74.56586021505376,1
2017,47,Lot-et-Garonne,FR_47,44.399,0.47,10.796827956989247,5.99768498268635,16.40861695826499,0.0,0.0,0.69935,,,0.69935,modis,,,1,0,1,274.0,293.0,432.0,59.0,933.0,6.5,agreste_saa,4,1,0.0,12.99641577060932,71.35198924731182,0.0,21.50475806451613,81.99876344086022,1
2018,47,Lot-et-Garonne,FR_47,44.399,0.47,12.491720430107526,7.574341397849463,18.25538978494624,0.0,0.0,0.6980999999999999,0.8399876522852108,,0.8399876522852108,s2,70.0,7.609048,1,1,1,274.0,293.0,432.0,59.0,933.0,5.6,agreste_saa,1,1,0.0,12.89336917562724,73.2039247311828,0.0,21.711908602150537,82.10392473118279,1
2019,47,Lot-et-Garonne,FR_47,44.399,0.47,12.809240237691002,8.283729867702041,17.796575352315216,0.0,0.0,0.5968,0.5747764468176038,,0.5747764468176038,s2,65.0,8.74003475,1,1,1,274.0,293.0,432.0,59.0,933.0,7.6,agreste_saa,1,1,0.0,12.04268817204301,69.51693548387097,0.0,21.75008064516129,79.62822580645161,1
2020,47,Lot-et-Garonne,FR_47,44.399,0.47,11.931545698924731,6.259032258064516,17.607231182795697,0.0,0.0,0.7438,0.8305167331278271,,0.8305167331278271,s2,61.0,15.309954,1,1,1,274.0,293.0,432.0,59.0,933.0,4.9,agreste_saa,1,1,0.0,13.852938450129775,72.47921989824759,0.0,20.21504098360656,81.98889731760244,1
2021,47,Lot-et-Garonne,FR_47,44.399,0.47,11.331868279569893,6.5797983870967744,17.083951612903224,164.10000000000002,0.0,0.7174,0.5203784599352774,,0.5203784599352774,s2,71.0,5.0798255,1,1,1,274.0,293.0,432.0,59.0,933.0,5.5,agreste_saa,1,1,23.1,11.567974910394264,66.29274193548386,46.6,20.388763440860217,75.48145161290323,1
2022,47,Lot-et-Garonne,FR_47,44.399,0.47,13.693440860215054,8.818118279569893,19.58483870967742,102.1,0.0,0.7334499999999999,0.4483649897755803,,0.4483649897755803,s2,91.0,13.6740035,1,1,1,274.0,293.0,432.0,59.0,933.0,5.6,agreste_saa,1,1,49.5,13.6468458781362,75.8286559139785,83.69999999999999,22.56583333333333,86.07220430107527,1
2023,47,Lot-et-Garonne,FR_47,44.399,0.47,13.998669354838707,9.257096774193547,19.506478494623657,157.1,0.0,0.77395,0.44520058537321,,0.44520058537321,s2,97.0,3.46430775,1,1,1,274.0,293.0,432.0,59.0,933.0,6.8,agreste_saa,1,1,71.5,13.271039426523297,72.83655913978494,97.2,21.81736559139785,83.44784946236558,1
2024,47,Lot-et-Garonne,FR_47,44.399,0.47,12.112432795698926,8.040954301075269,17.234005376344086,121.6,0.0,0.7533000000000001,0.4025629695095006,,0.4025629695095006,s2,49.0,12.1552945,1,1,1,274.0,293.0,432.0,59.0,933.0,5.0,agreste_saa,1,1,188.1,12.90568100358423,69.56118279569893,26.200000000000003,20.840618279569888,80.39827956989247,0
2010,48,Lozère,FR_48,44.5555,3.4775,6.616452028600795,2.874864093496975,10.793529982997478,1368.1,0.0,0.792,,0.792,0.792,modis,,,1,0,1,248.0,361.0,391.0,64.0,839.0,5.504,agreste_saa,3,1,827.3,7.4753968253968255,53.74331110723728,438.0,17.346060315523403,57.11831110723728,0
2011,48,Lozère,FR_48,44.5555,3.4775,10.024074434556915,6.360780161423544,14.35897720095996,788.05,0.0,0.7519,,0.7519,0.7519,modis,,,1,0,1,248.0,361.0,391.0,64.0,839.0,3.0,agreste_saa,3,1,297.8,10.43517595324152,57.07301053661296,294.6,15.68993968555164,62.68540723082784,0
2012,48,Lozère,FR_48,44.5555,3.4775,8.31353130862509,4.796917416223248,12.397630233127591,1121.1,0.0,0.78515,,0.78515,0.78515,modis,,,1,0,1,248.0,361.0,391.0,64.0,839.0,5.0,agreste_saa,3,1,708.6,8.891057531040973,52.586339489342265,314.0,16.88406689181828,60.441306376759485,0
2013,48,Lozère,FR_48,44.5555,3.4775,8.440635111751064,4.915522569649457,12.690525434659238,1034.1,0.0,0.80565,,0.80565,0.80565,modis,,,1,0,1,248.0,361.0,391.0,64.0,839.0,5.5,agreste_saa,3,1,1019.3,6.600575981764476,49.91491169588389,321.3,16.99417808219178,53.79008410967699,0
2014,48,Lozère,FR_48,44.5555,3.4775,9.50111116813942,6.062523210542079,13.673716143027606,1033.55,0.0,0.8482000000000001,,0.8482000000000001,0.8482000000000001,modis,,,1,0,1,248.0,361.0,391.0,64.0,839.0,5.0,agreste_saa,3,1,627.1,8.752591133241923,53.667910331918,614.7,16.747326530612245,59.75242646095026,0
2015,48,Lozère,FR_48,44.5555,3.4775,8.91303076297849,5.059895096912926,13.539682171247884,861.8000000000001,0.0,0.7964,,,0.7964,modis,,,1,0,1,248.0,361.0,391.0,64.0,839.0,3.0,agreste_saa,4,1,549.4,9.54477782432621,61.79633143580013,192.9,19.661843137254905,67.95801974748844,0
2016,48,Lozère,FR_48,44.5555,3.4775,8.952084426264987,4.960554451733176,13.649230353852616,1088.95,0.0,0.8126500000000001,,,0.8126500000000001,modis,,,1,0,1,248.0,361.0,391.0,64.0,839.0,4.5,agreste_saa,4,1,943.3,7.384986622720013,52.49559395080159,398.6,17.119985915492958,56.39493169914596,0
2017,48,Lozère,FR_48,44.5555,3.4775,7.424613116210798,3.42113238176361,12.097830752655794,747.2,0.0,0.79995,,,0.79995,modis,,,1,0,1,248.0,361.0,391.0,64.0,839.0,4.6,agreste_saa,4,1,717.6,9.648819027434358,58.10167549849803,320.1,18.353924997571163,65.6543070774454,0
2018,48,Lozère,FR_48,44.5555,3.4775,9.64508614872786,5.7213831697755255,14.160280929116546,1226.5,0.0,0.79925,0.7713051153896429,,0.7713051153896429,s2,20.0,7.853988500000001,1,1,1,248.0,361.0,391.0,64.0,839.0,4.7,agreste_saa,1,1,1366.6,8.713482705681955,59.08544506640523,373.0,18.49295302013423,63.12635415731432,0
2019,48,Lozère,FR_48,44.5555,3.4775,9.150786334695168,5.557094727841673,13.457090782637048,1592.1,0.0,0.64395,0.3948578992460343,,0.3948578992460343,s2,7.0,5.874249,1,1,1,248.0,361.0,391.0,64.0,839.0,4.3,agreste_saa,1,1,684.9,7.874113143465272,55.71415540527062,262.7,19.220744588744587,62.06382860788499,0
2020,48,Lozère,FR_48,44.5555,3.4775,8.539229634564142,5.125979259313261,12.77221899511591,998.9,0.0,0.63465,0.380892013126652,,0.380892013126652,s2,12.0,5.605854,1,1,1,248.0,361.0,391.0,64.0,839.0,4.489,agreste_saa,1,1,438.8,9.891516314332604,58.85802494706803,398.7,17.48905343827672,64.65265581955126,0
2021,48,Lozère,FR_48,44.5555,3.4775,8.427075268817205,4.643467741935484,13.13318817204301,1209.6,0.0,0.60255,0.3665567913703861,,0.3665567913703861,s2,16.0,3.3926622500000003,1,1,1,248.0,361.0,391.0,64.0,839.0,4.398,agreste_saa,1,1,458.3,7.520946236559141,51.94012903225807,355.6,17.356387096774192,57.275612903225806,0
2022,48,Lozère,FR_48,44.5555,3.4775,9.89375806451613,6.007129032258065,14.36794623655914,1026.9,0.0,0.73375,0.2830132716592628,,0.2830132716592628,s2,21.0,10.375552,1,1,1,248.0,361.0,391.0,64.0,839.0,2.196,agreste_saa,1,1,461.5,9.682817204301076,64.95651612903225,263.3,20.69854838709677,70.44554838709678,0
2023,48,Lozère,FR_48,44.5555,3.4775,10.189564516129032,5.891994623655914,15.192473118279567,1224.6,0.0,0.7047000000000001,0.2293355734473073,,0.2293355734473073,s2,23.0,9.42751725,1,1,1,248.0,361.0,391.0,64.0,839.0,4.69,agreste_saa,1,1,756.6999999999999,9.001397849462364,57.833333333333336,582.9,18.598763440860218,64.20172043010753,0
2024,48,Lozère,FR_48,44.5555,3.4775,8.9392688172043,5.437301075268817,13.488327956989249,1273.5,0.0,0.6991,0.376920517370828,,0.376920517370828,s2,11.0,8.904625,1,1,1,248.0,361.0,391.0,64.0,839.0,3.789,agreste_saa,1,1,823.0999999999999,8.721964157706093,55.132731182795695,401.3,17.809548387096775,61.78498924731183,0
2010,49,Maine-et-Loire,FR_49,47.3925,-0.5135000000000001,9.045989934771416,5.135461261050704,13.012623774134566,0.0,0.0,,,,,none,,,0,0,0,192.0,420.0,388.0,64.0,466.0,6.499,agreste_saa,6,1,0.0,10.965165634843055,64.62122290318919,0.0,19.510712461695608,71.91692182792038,1
2011,49,Maine-et-Loire,FR_49,47.3925,-0.5135000000000001,12.289915579316178,8.540824199051846,16.517104130808953,0.0,0.0,,,,,none,,,0,0,0,192.0,420.0,388.0,64.0,466.0,6.299,agreste_saa,6,1,0.0,12.812653567163144,64.41360791985991,0.0,17.402892102335926,73.24374490616128,1
2012,49,Maine-et-Loire,FR_49,47.3925,-0.5135000000000001,10.593941498316498,6.988092658459038,14.505722724221286,0.0,0.0,,,,,none,,,0,0,0,192.0,420.0,388.0,64.0,466.0,7.498,agreste_saa,6,1,0.0,10.972929969741378,57.52798976733703,0.0,17.224708624708626,67.36820715864138,1
2013,49,Maine-et-Loire,FR_49,47.3925,-0.5135000000000001,11.052930212783872,7.160338224437061,15.059591292912511,0.0,0.0,,,,,none,,,0,0,0,192.0,420.0,388.0,64.0,466.0,6.597,agreste_saa,6,1,0.0,9.195731975742223,58.88753171438927,0.0,18.742696629213484,65.07258918565364,1
2014,49,Maine-et-Loire,FR_49,47.3925,-0.5135000000000001,11.791499505928854,7.569173989563334,16.134178501340386,0.0,0.0,,,,,none,,,0,0,0,192.0,420.0,388.0,64.0,466.0,7.198,agreste_saa,6,1,0.0,10.901630749192558,61.34449675424858,0.0,18.735376023827254,70.17564429523219,1
2015,49,Maine-et-Loire,FR_49,47.3925,-0.5135000000000001,11.745057860366847,7.9734380374957,15.676974759201928,0.0,0.0,,,,,none,,,0,0,0,192.0,420.0,388.0,64.0,466.0,7.498,agreste_saa,6,1,0.0,11.365458937198069,63.65515500271255,0.0,18.840802139037432,71.77798108966907,1
2016,49,Maine-et-Loire,FR_49,47.3925,-0.5135000000000001,10.52549767953102,6.612058905242045,14.913259439204207,0.0,0.0,,,,,none,,,0,0,0,192.0,420.0,388.0,64.0,466.0,5.699,agreste_saa,6,1,0.0,9.921164726262717,58.85940320102121,0.0,18.01830334832584,65.80010087543982,1
2017,49,Maine-et-Loire,FR_49,47.3925,-0.5135000000000001,10.620104248467714,6.884359632024901,14.747341300168692,0.0,0.0,,,,,none,,,0,0,0,192.0,420.0,388.0,64.0,466.0,6.999,agreste_saa,6,1,0.0,11.872505446623094,64.87396802897865,0.0,19.751559177888023,75.12063469564532,1
2018,49,Maine-et-Loire,FR_49,47.3925,-0.5135000000000001,11.457944271911664,7.260862788594979,15.795788826275286,0.0,0.0,,0.4942408971755809,,0.4942408971755809,s2,29.0,6.853419,0,1,1,192.0,420.0,388.0,64.0,466.0,6.399,agreste_saa,2,1,0.0,11.93797810563752,69.00060098357923,0.0,20.38722222222222,76.588378761357,1
2019,49,Maine-et-Loire,FR_49,47.3925,-0.5135000000000001,11.347693028824432,7.765769522144522,14.915121503496504,0.0,0.0,,0.5865713397575381,,0.5865713397575381,s2,21.0,15.6084785,0,1,1,192.0,420.0,388.0,64.0,466.0,7.726999999999999,agreste_saa,2,1,0.0,11.181368756087858,64.77279869417904,0.0,20.29693048262065,74.13796723350488,1
2020,49,Maine-et-Loire,FR_49,47.3925,-0.5135000000000001,11.478521505376344,7.208830317885114,15.735597354471846,0.0,0.0,,0.526466726885489,,0.526466726885489,s2,23.0,9.9067825,0,1,1,192.0,420.0,388.0,64.0,466.0,5.796,agreste_saa,2,1,0.0,12.65899727486684,65.34410238429173,0.0,17.98740143369176,73.95179469198403,1
2021,49,Maine-et-Loire,FR_49,47.3925,-0.5135000000000001,10.85,6.342535842293907,15.36399641577061,431.0,0.0,,0.4588376791646821,,0.4588376791646821,s2,17.0,21.02078175,0,1,1,192.0,420.0,388.0,64.0,466.0,6.998,agreste_saa,2,1,190.1,9.985125448028674,58.77043010752688,273.7,18.390860215053763,66.73709677419355,0
2022,49,Maine-et-Loire,FR_49,47.3925,-0.5135000000000001,12.042043010752687,8.410958781362007,16.20801971326165,378.4,0.0,,0.3332085361287907,,0.3332085361287907,s2,24.0,19.05555675,0,1,1,192.0,420.0,388.0,64.0,466.0,6.618,agreste_saa,2,1,175.70000000000002,12.443189964157703,68.80813620071685,100.3,20.60702508960573,78.54362007168459,0
2023,49,Maine-et-Loire,FR_49,47.3925,-0.5135000000000001,13.11836917562724,9.2046146953405,17.33255376344086,414.2,0.0,,0.3911452616172703,,0.3911452616172703,s2,28.0,6.7089925,0,1,1,192.0,420.0,388.0,64.0,466.0,7.498,agreste_saa,2,1,270.2,11.798243727598566,66.36666666666667,120.2,20.122526881720432,75.63978494623656,0
2024,49,Maine-et-Loire,FR_49,47.3925,-0.5135000000000001,11.163655913978497,8.03453405017921,14.563754480286738,494.5,0.0,,0.2959946687185733,,0.2959946687185733,s2,6.0,8.130635250000001,0,1,1,192.0,420.0,388.0,64.0,466.0,5.599,agreste_saa,2,1,435.8,11.640657108721625,62.12494623655914,198.4,18.15310035842294,71.22817204301074,0
2010,50,Manche,FR_50,49.098,-1.353,9.753707598721515,7.562346512272621,11.755425969760946,0.0,0.0,0.46945,,0.46945,0.46945,modis,,,1,0,1,199.0,238.0,564.0,59.0,520.0,7.302,agreste_saa,3,1,0.0,9.178874844102875,52.556570768867765,0.0,15.946263440860214,59.42915141402906,1
2011,50,Manche,FR_50,49.098,-1.353,12.477701612903225,10.21522397094431,14.747351694915254,0.0,0.0,0.5915,,0.5915,0.5915,modis,,,1,0,1,199.0,238.0,564.0,59.0,520.0,7.24,agreste_saa,3,1,0.0,10.786049210080032,53.94740709886644,0.0,14.70446579988694,61.767079230013984,1
2012,50,Manche,FR_50,49.098,-1.353,10.76369109264358,8.60804669040852,12.853590955267151,0.0,0.0,0.6505500000000001,,0.6505500000000001,0.6505500000000001,modis,,,1,0,1,199.0,238.0,564.0,59.0,520.0,6.584999999999999,agreste_saa,3,1,0.0,9.634887757026975,49.84023070147386,0.0,14.84520307003518,58.595069411151286,1
2013,50,Manche,FR_50,49.098,-1.353,11.573172043010754,9.31609233832178,13.811321206846966,0.0,0.0,0.6264000000000001,,0.6264000000000001,0.6264000000000001,modis,,,1,0,1,199.0,238.0,564.0,59.0,520.0,7.055,agreste_saa,3,1,0.0,7.653351254480287,48.51586021505376,0.0,15.244569892473116,53.44919354838709,1
2014,50,Manche,FR_50,49.098,-1.353,12.275054408385293,10.076126400560224,14.786585084033613,0.0,0.0,0.4634,,0.4634,0.4634,modis,,,1,0,1,199.0,238.0,564.0,59.0,520.0,7.075,agreste_saa,3,1,0.0,10.275440683941476,55.436021505376345,0.0,16.445833333333333,63.7179887184911,1
2015,50,Manche,FR_50,49.098,-1.353,12.288318350079322,10.108498346275525,14.305363819384528,0.0,0.0,0.7005,,,0.7005,modis,,,1,0,1,199.0,238.0,564.0,59.0,520.0,7.675,agreste_saa,4,1,0.0,9.804426523297492,52.72763070077864,0.0,15.398304597701149,60.20988876529477,1
2016,50,Manche,FR_50,49.098,-1.353,11.28202169076752,8.844874033974413,13.763151052538802,0.0,0.0,0.7614000000000001,,,0.7614000000000001,modis,,,1,0,1,199.0,238.0,564.0,59.0,520.0,6.16,agreste_saa,4,1,0.0,9.240173669995604,51.67684284906727,0.0,15.370402298850577,58.46132560768796,1
2017,50,Manche,FR_50,49.098,-1.353,11.339543010752688,8.953239247311828,13.412043010752688,0.0,0.0,0.7275,,,0.7275,modis,,,1,0,1,199.0,238.0,564.0,59.0,520.0,7.494,agreste_saa,4,1,0.0,10.717795698924732,55.83146254784035,0.0,16.55113449972663,65.25565609622745,1
2018,50,Manche,FR_50,49.098,-1.353,11.689229390681003,9.277275985663085,14.344569892473118,0.0,0.0,0.78325,0.7220147152034713,,0.7220147152034713,s2,28.0,15.8449705,1,1,1,199.0,238.0,564.0,59.0,520.0,6.694,agreste_saa,1,1,0.0,9.932813620071684,57.65094859331271,0.0,17.082705479452056,63.96385181911917,1
2019,50,Manche,FR_50,49.098,-1.353,11.213718637992832,9.218145161290323,13.253109318996415,0.0,0.0,0.72255,0.5740423649467099,,0.5740423649467099,s2,26.0,30.2511925,1,1,1,199.0,238.0,564.0,59.0,520.0,8.291,agreste_saa,1,1,0.0,10.369318996415773,55.3368458781362,0.0,16.685412186379928,64.47878136200717,1
2020,50,Manche,FR_50,49.098,-1.353,11.600098566308244,9.261953405017922,13.76855734767025,0.0,0.0,0.7221,0.7290356588967176,,0.7290356588967176,s2,15.0,15.1519465,1,1,1,199.0,238.0,564.0,59.0,520.0,7.273000000000001,agreste_saa,1,1,0.0,11.070238948626049,57.11426523297492,0.0,15.85768817204301,64.92609318996416,1
2021,50,Manche,FR_50,49.098,-1.353,12.323252688172044,10.314301075268816,14.378727598566307,1040.4,0.0,0.65605,0.8605031334929327,,0.8605031334929327,s2,20.0,25.103369,1,1,1,199.0,238.0,564.0,59.0,520.0,6.989,agreste_saa,1,1,473.4,9.09909796893668,51.7179211469534,697.8,16.24418458781362,59.78566308243728,0
2022,50,Manche,FR_50,49.098,-1.353,12.631388888888887,10.711594982078854,14.715210573476702,519.4,0.0,0.7167,0.5175780264625565,,0.5175780264625565,s2,16.0,14.24626175,1,1,1,199.0,238.0,564.0,59.0,520.0,7.986,agreste_saa,1,1,412.3,10.952738116223044,58.36783800458311,364.4,17.395940860215052,67.65009606909925,0
2023,50,Manche,FR_50,49.098,-1.353,13.404448924731184,11.385631720430109,15.614229390681004,856.8,0.0,0.6992,0.3811351426596747,,0.3811351426596747,s2,31.0,16.22127525,1,1,1,199.0,238.0,564.0,59.0,520.0,7.393000000000001,agreste_saa,1,1,1178.2,10.631290322580645,57.5310394265233,680.5,17.297347670250897,66.48856630824372,0
2024,50,Manche,FR_50,49.098,-1.353,12.0699245855183,10.13617416618112,14.055280790384376,2053.0,0.0,0.66085,0.3838449814935771,,0.3838449814935771,s2,6.0,18.836947,1,1,1,199.0,238.0,564.0,59.0,520.0,6.797,agreste_saa,1,1,1156.4,11.099301075268816,56.5344982078853,583.6,16.13227598566308,65.5624551971326,0
2010,51,Marne,FR_51,48.965,4.112,7.7294885262542685,4.337189515992482,11.28630740022689,0.0,0.0,0.45485,,0.45485,0.45485,modis,,,1,0,1,312.0,300.0,387.0,72.0,421.0,8.7,agreste_saa,3,1,0.0,10.206150793650794,62.799790088260565,0.0,19.399002186987424,69.41645675492724,1
2011,51,Marne,FR_51,48.965,4.112,10.733192946413286,6.643877005347593,15.149803921568628,0.0,0.0,0.42405,,0.42405,0.42405,modis,,,1,0,1,312.0,300.0,387.0,72.0,421.0,8.440000000000001,agreste_saa,3,1,0.0,12.40603448275862,63.797508210180624,0.0,17.284702380952382,71.78750821018062,1
2012,51,Marne,FR_51,48.965,4.112,9.288526475556363,5.386451674398763,13.313378533231472,196.2,0.0,0.52415,,0.52415,0.52415,modis,,,1,0,1,312.0,300.0,387.0,72.0,421.0,7.959999999999999,agreste_saa,3,1,19.3,10.720912920917977,57.31313238070434,189.9,17.012406111300784,66.1875509853555,1
2013,51,Marne,FR_51,48.965,4.112,9.593848026903856,5.731235930735931,13.381654828678382,177.0,0.0,0.57215,,0.57215,0.57215,modis,,,1,0,1,312.0,300.0,387.0,72.0,421.0,8.805,agreste_saa,3,1,170.89999999999998,8.300934343434344,58.55032411916088,93.9,18.73764943331781,62.378101896938645,0
2014,51,Marne,FR_51,48.965,4.112,10.511238658841537,6.4900118997984855,14.61154134051451,168.8,0.0,0.4503,,0.4503,0.4503,modis,,,1,0,1,312.0,300.0,387.0,72.0,421.0,9.38,agreste_saa,3,1,65.19999999999999,10.731449275362316,61.464149929746256,134.9,18.45707496487313,69.10849775583321,1
2015,51,Marne,FR_51,48.965,4.112,10.494355632281518,6.403769087180327,14.45654146406921,153.2,0.0,0.63035,,,0.63035,modis,,,1,0,1,312.0,300.0,387.0,72.0,421.0,9.59,agreste_saa,4,1,66.7,10.093064553581796,62.18939523400006,26.7,19.22732300884956,68.7338396784445,1
2016,51,Marne,FR_51,48.965,4.112,8.919911067193675,4.559748488556262,13.55536951296964,59.5,0.0,0.43825,,,0.43825,modis,,,1,0,1,312.0,300.0,387.0,72.0,421.0,5.64,agreste_saa,4,1,175.7,9.264257587896426,58.06060457815615,116.7,17.947073801970276,63.68692036762984,0
2017,51,Marne,FR_51,48.965,4.112,9.138407653135914,5.322269032208353,13.15914428362056,203.9,0.0,0.5266500000000001,,,0.5266500000000001,modis,,,1,0,1,312.0,300.0,387.0,72.0,421.0,8.1,agreste_saa,4,1,76.1,11.05004160048408,63.07941563074306,94.3,19.51891891891892,72.18796263929008,1
2018,51,Marne,FR_51,48.965,4.112,10.246295795770148,5.785274827774424,15.062103762928448,103.3,0.0,0.46595,0.5021921010247858,,0.5021921010247858,s2,68.0,15.044545,1,1,1,312.0,300.0,387.0,72.0,421.0,8.2,agreste_saa,1,1,95.9,11.45735950044603,70.10246041934104,55.6,20.738072314933675,75.84822313120544,1
2019,51,Marne,FR_51,48.965,4.112,10.18611484573703,6.687039834216946,13.87313088379485,190.2,0.0,0.5684,0.2706156470228924,,0.2706156470228924,s2,39.0,18.987733,1,1,1,312.0,300.0,387.0,72.0,421.0,8.85,agreste_saa,1,1,116.5,10.115334263084252,61.92381653544089,58.4,19.892988505747127,70.13197980074702,0
2020,51,Marne,FR_51,48.965,4.112,10.49371419367018,6.475551601616698,14.543906959828492,182.8,0.0,0.60665,0.3735355409891183,,0.3735355409891183,s2,52.0,8.73834025,1,1,1,312.0,300.0,387.0,72.0,421.0,8.998999999999999,agreste_saa,1,1,82.1,11.512933110596483,63.37219705070042,73.10000000000001,18.089268303899928,70.7173359395893,1
2021,51,Marne,FR_51,48.965,4.112,9.509645161290322,5.569903225806452,13.705623655913978,320.6,0.0,0.5022,0.6917372881355931,,0.6917372881355931,s2,52.0,4.63833175,1,1,1,312.0,300.0,387.0,72.0,421.0,8.2,agreste_saa,1,1,159.9,8.630587813620073,56.39393548387096,410.7000000000001,18.55979569892473,63.01135483870968,0
2022,51,Marne,FR_51,48.965,4.112,10.646424731182796,7.084172043010753,14.53205376344086,752.0,0.0,0.4634,0.4097645475957313,,0.4097645475957313,s2,63.0,9.2830835,1,1,1,312.0,300.0,387.0,72.0,421.0,8.7,agreste_saa,1,1,145.5,11.172748498813016,65.29797434169384,236.7,19.806961196820943,73.13216789008094,0
2023,51,Marne,FR_51,48.965,4.112,11.717166666666667,7.972086021505376,15.772478494623655,914.6,0.0,0.46145,0.383958688301974,,0.383958688301974,s2,64.0,18.434271,1,1,1,312.0,300.0,387.0,72.0,421.0,8.501000000000001,agreste_saa,1,1,544.4,10.467591397849462,63.043182795698925,315.7,19.80633333333333,71.01544086021505,0
2024,51,Marne,FR_51,48.965,4.112,10.136381720430109,6.9301248308765935,13.477484150258343,756.9,0.0,0.547,0.2554075112456015,,0.2554075112456015,s2,28.0,18.4622925,1,1,1,312.0,300.0,387.0,72.0,421.0,6.2,agreste_saa,1,1,838.7,11.362458781362006,61.32862365591397,398.7,18.074172043010755,70.23572043010752,0
2010,52,Haute-Marne,FR_52,48.104,5.256,6.989862209046992,3.8735073164358496,10.428656228131034,286.90000000000003,0.0,0.5569500000000001,,0.5569500000000001,0.5569500000000001,modis,,,1,0,1,362.0,75.0,562.0,60.0,708.0,6.5200000000000005,agreste_saa,3,1,93.9,9.336989908155967,60.37876039851538,111.7,18.99355442793283,65.99807858033356,1
2011,52,Haute-Marne,FR_52,48.104,5.256,10.039481632193295,6.510817660887452,14.105994773519164,199.4,0.0,0.6731,,0.6731,0.6731,modis,,,1,0,1,362.0,75.0,562.0,60.0,708.0,6.42,agreste_saa,3,1,60.49999999999999,12.097599417771308,61.90842096393664,185.3,16.685833333333335,69.66446491998059,1
2012,52,Haute-Marne,FR_52,48.104,5.256,8.983126622172785,5.496751934941415,12.860640705838875,239.5,0.0,0.58835,,0.58835,0.58835,modis,,,1,0,1,362.0,75.0,562.0,60.0,708.0,6.19,agreste_saa,3,1,153.2,10.590543250892088,57.2784827249225,125.5,17.129537597234226,66.03070494714473,0
2013,52,Haute-Marne,FR_52,48.104,5.256,9.163798892139935,5.958224803058387,12.587383411059294,273.3,0.0,0.6717500000000001,,0.6717500000000001,0.6717500000000001,modis,,,1,0,1,362.0,75.0,562.0,60.0,708.0,6.806,agreste_saa,3,1,220.6,7.849940152440152,57.53391725939479,121.0,18.721718730707494,60.99325791873545,0
2014,52,Haute-Marne,FR_52,48.104,5.256,9.96307880524489,6.372526830505579,13.635417356894171,205.8,0.0,0.681,,0.681,0.681,modis,,,1,0,1,362.0,75.0,562.0,60.0,708.0,5.98,agreste_saa,3,1,62.2,10.706470588235293,61.04758467716118,107.1,18.449086456227647,69.01758467716118,1
2015,52,Haute-Marne,FR_52,48.104,5.256,9.611415233248724,6.000815175815827,13.452576038400942,147.3,0.0,0.65995,,,0.65995,modis,,,1,0,1,362.0,75.0,562.0,60.0,708.0,7.31,agreste_saa,4,1,132.5,10.013767003287468,63.1358705324807,46.0,19.698504273504277,69.43830955687095,0
2016,52,Haute-Marne,FR_52,48.104,5.256,8.381749355130198,4.607414879675271,12.701432935705885,128.9,0.0,0.681,,,0.681,modis,,,1,0,1,362.0,75.0,562.0,60.0,708.0,4.43,agreste_saa,4,1,185.5,8.667370752848287,56.33253434258481,99.9,17.60373563218391,61.20958352291267,0
2017,52,Haute-Marne,FR_52,48.104,5.256,8.34598875485056,4.993666113515823,12.101032477055725,227.8,0.0,0.57565,,,0.57565,modis,,,1,0,1,362.0,75.0,562.0,60.0,708.0,6.15,agreste_saa,4,1,100.9,10.74361255077742,62.63889550357192,127.2,19.5375,71.30583765233226,1
2018,52,Haute-Marne,FR_52,48.104,5.256,9.97777667833459,5.809252964972112,14.402472332189893,125.1,0.0,0.4229,0.7581824816145786,,0.7581824816145786,s2,11.0,13.7650675,1,1,1,362.0,75.0,562.0,60.0,708.0,6.5,agreste_saa,1,1,148.1,11.111728572042418,69.44099872425733,65.5,20.469166666666663,74.27351904946059,0
2019,52,Haute-Marne,FR_52,48.104,5.256,9.697688671173095,6.332591717242452,13.35643479614068,210.0,0.0,0.6613,0.6838966202783301,,0.6838966202783301,s2,7.0,13.256533,1,1,1,362.0,75.0,562.0,60.0,708.0,6.8,agreste_saa,1,1,158.9,9.731204887641224,62.24745120167482,68.0,20.439943479459608,70.0735016218429,0
2020,52,Haute-Marne,FR_52,48.104,5.256,9.78435641998735,5.43356897283985,13.875269330473731,191.7,0.0,0.62615,0.7804937342382676,,0.7804937342382676,s2,8.0,15.059675,1,1,1,362.0,75.0,562.0,60.0,708.0,6.5,agreste_saa,1,1,141.9,11.30841430094629,63.473212831159216,87.2,18.202673488750342,70.33058988033955,0
2021,52,Haute-Marne,FR_52,48.104,5.256,8.726243279569893,4.61758064516129,12.892762096774192,495.6,0.0,0.67605,0.7945220334243597,,0.7945220334243597,s2,6.0,0.6118265,1,1,1,362.0,75.0,562.0,60.0,708.0,6.5,agreste_saa,1,1,380.9,8.203485663082438,54.17521505376344,525.3,17.90092741935484,60.41231182795699,0
2022,52,Haute-Marne,FR_52,48.104,5.256,10.234341397849462,6.834905913978495,13.86953629032258,1112.8,0.0,0.6237,0.5467142151715627,,0.5467142151715627,s2,6.0,15.63376175,1,1,1,362.0,75.0,562.0,60.0,708.0,6.1,agreste_saa,1,1,274.4,11.14347670250896,66.41021505376344,279.7,20.458844086021507,74.34811827956989,0
2023,52,Haute-Marne,FR_52,48.104,5.256,11.279193548387097,7.568104838709677,15.42081317204301,1228.4,0.0,0.54655,0.4337132573485303,,0.4337132573485303,s2,8.0,8.462172,1,1,1,362.0,75.0,562.0,60.0,708.0,6.2,agreste_saa,1,1,641.5,10.251021505376343,64.00341397849462,328.9,20.33122311827957,71.41551075268818,0
2024,52,Haute-Marne,FR_52,48.104,5.256,9.261455709511946,6.107285001777304,12.65294396781548,994.0,0.0,0.7137500000000001,0.5477162680783388,,0.5477162680783388,s2,5.0,4.070806,1,1,1,362.0,75.0,562.0,60.0,708.0,5.762,agreste_saa,1,1,943.7,11.059829749103942,61.18819892473118,522.8,18.330967741935485,69.8414247311828,0
2010,53,Mayenne,FR_53,48.151,-0.6675,8.955395814079836,5.0321428571428575,13.04519590636375,517.2,0.0,,,,,none,,,0,0,0,200.0,185.0,615.0,60.0,617.0,6.998,agreste_saa,6,1,227.6,10.617397823292231,63.26310696270031,125.8,19.282754043709097,70.41770155729489,0
2011,53,Mayenne,FR_53,48.151,-0.6675,12.14180075701248,8.235599516379667,16.55487544361429,380.8,0.0,,,,,none,,,0,0,0,200.0,185.0,615.0,60.0,617.0,6.698,agreste_saa,6,1,86.0,12.681503344794756,63.68890580882759,217.5,17.231649106733855,72.50780824785197,1
2012,53,Mayenne,FR_53,48.151,-0.6675,10.509362336869868,6.913727094003124,14.382782566736603,736.8,0.0,,,,,none,,,0,0,0,200.0,185.0,615.0,60.0,617.0,7.398999999999999,agreste_saa,6,1,432.6,10.84704145122907,56.82585975982505,247.0,16.994800135501357,66.53072462468992,0
2013,53,Mayenne,FR_53,48.151,-0.6675,10.965292159106916,7.032345378979994,15.129059751655475,645.0,0.0,,,,,none,,,0,0,0,200.0,185.0,615.0,60.0,617.0,7.095999999999999,agreste_saa,6,1,386.0,9.01087237997016,58.54860100853072,197.3,18.680182945546072,64.39298303100263,0
2014,53,Mayenne,FR_53,48.151,-0.6675,11.665197184912149,7.588085503729036,16.1349527383722,420.8,0.0,,,,,none,,,0,0,0,200.0,185.0,615.0,60.0,617.0,7.698,agreste_saa,6,1,335.2,10.89963423534852,60.95892869870426,213.1,18.49462338593974,69.68814947792504,0
2015,53,Mayenne,FR_53,48.151,-0.6675,11.700217005894272,7.9035963761934145,15.716762201659506,369.9,0.0,,,,,none,,,0,0,0,200.0,185.0,615.0,60.0,617.0,7.999,agreste_saa,6,1,242.1,11.21999967358663,63.115005577005576,153.10000000000002,18.694079365079364,71.04815775091862,0
2016,53,Mayenne,FR_53,48.151,-0.6675,10.423894048988885,6.428483907934899,14.979396654182802,275.6,0.0,,,,,none,,,0,0,0,200.0,185.0,615.0,60.0,617.0,6.199,agreste_saa,6,1,410.7,9.902152134023645,58.710440122558765,195.1,17.95394716750649,65.61435073708391,0
2017,53,Mayenne,FR_53,48.151,-0.6675,10.548492911871966,6.829748325511686,14.714001264631946,511.9,0.0,,,,,none,,,0,0,0,200.0,185.0,615.0,60.0,617.0,7.6,agreste_saa,6,1,331.1,11.828691662743973,64.6067410678848,111.4,19.658420471520422,74.80291593127278,0
2018,53,Mayenne,FR_53,48.151,-0.6675,11.311518282988873,7.066367117669367,15.827928732503372,467.2000000000001,0.0,,0.3550693221334056,,0.3550693221334056,s2,17.0,3.553306,0,1,1,200.0,185.0,615.0,60.0,617.0,6.399,agreste_saa,2,1,381.9,11.763224597718514,68.62357405380021,291.2,20.336075813382443,75.96182541992043,0
2019,53,Mayenne,FR_53,48.151,-0.6675,11.221091795116267,7.736873562610696,14.976074807393504,778.0999999999999,0.0,,0.5956057692114459,,0.5956057692114459,s2,14.0,17.9236695,0,1,1,200.0,185.0,615.0,60.0,617.0,8.03,agreste_saa,2,1,227.7,11.11826449717754,64.15809986258093,151.1,20.056598240469206,73.46798997247103,0
2020,53,Mayenne,FR_53,48.151,-0.6675,11.47999838415888,7.448900947679037,15.755114592829344,571.2,0.0,,0.3651843223265671,,0.3651843223265671,s2,14.0,19.57684875,0,1,1,200.0,185.0,615.0,60.0,617.0,6.096,agreste_saa,2,1,228.3,12.626007420463942,65.21123365300785,180.2,17.93644265232975,73.75090756605132,0
2021,53,Mayenne,FR_53,48.151,-0.6675,10.852885304659498,6.553387096774194,15.421070788530466,917.6,0.0,,0.4855360170221862,,0.4855360170221862,s2,12.0,20.63104975,0,1,1,200.0,185.0,615.0,60.0,617.0,7.298999999999999,agreste_saa,2,1,433.9,9.888602150537634,58.8279211469534,660.8,18.53159498207885,66.72899641577061,0
2022,53,Mayenne,FR_53,48.151,-0.6675,11.88831093189964,8.25355734767025,16.097898745519714,951.7,0.0,,0.3603238875333528,,0.3603238875333528,s2,14.0,17.980836250000003,0,1,1,200.0,185.0,615.0,60.0,617.0,7.499,agreste_saa,2,1,418.7,12.344217443249702,68.06385304659499,278.90000000000003,20.356729390681004,77.7461111111111,0
2023,53,Mayenne,FR_53,48.151,-0.6675,12.978741039426524,9.130197132616487,17.304556451612903,1121.4,0.0,,0.2611269698353275,,0.2611269698353275,s2,16.0,0.0620875,0,1,1,200.0,185.0,615.0,60.0,617.0,7.798999999999999,agreste_saa,2,1,685.3000000000001,11.716111111111111,65.91826164874551,389.9,20.015340501792117,75.17901433691756,0
2024,53,Mayenne,FR_53,48.151,-0.6675,11.136164874551971,8.016527777777778,14.5931541218638,1133.5,0.0,,0.3618320610687022,,0.3618320610687022,s2,1.0,5.529935,0,1,1,200.0,185.0,615.0,60.0,617.0,5.9990000000000006,agreste_saa,2,1,950.2,11.598602150537635,61.78888888888889,464.7000000000001,18.049498207885307,70.89480286738352,0
2010,54,Meurthe-et-Moselle,FR_54,48.672,6.111,7.301184858698471,3.837256462294381,11.200592367098096,617.5,0.0,0.47865,,0.47865,0.47865,modis,,,1,0,1,398.0,135.0,467.0,59.0,928.0,6.8,agreste_saa,3,1,215.7,9.329004940014114,60.98948690935653,258.5,19.38456937799043,66.7561535760232,0
2011,54,Meurthe-et-Moselle,FR_54,48.672,6.111,10.198945130683851,6.281255559255353,14.60355044780001,459.7000000000001,0.0,0.58225,,0.58225,0.58225,modis,,,1,0,1,398.0,135.0,467.0,59.0,928.0,6.399,agreste_saa,3,1,98.1,12.227772521812255,63.38660760872682,331.7,17.223073593073593,71.12946475158395,1
2012,54,Meurthe-et-Moselle,FR_54,48.672,6.111,9.374593401929816,5.386187248622076,13.665206938057556,523.0,0.0,0.6757500000000001,,0.6757500000000001,0.6757500000000001,modis,,,1,0,1,398.0,135.0,467.0,59.0,928.0,5.4670000000000005,agreste_saa,3,1,388.3,10.967901712597024,59.01868226693081,284.0,17.49458533876342,67.89287581531791,0
2013,54,Meurthe-et-Moselle,FR_54,48.672,6.111,9.448720680246922,5.993655758847575,13.291687272952178,608.7,0.0,0.674,,0.674,0.674,modis,,,1,0,1,398.0,135.0,467.0,59.0,928.0,6.773000000000001,agreste_saa,3,1,446.0,8.251919461136824,58.99567680977594,261.8,19.053516260162603,62.86279090373567,0
2014,54,Meurthe-et-Moselle,FR_54,48.672,6.111,10.18300355803726,6.211176374978466,14.286764771609224,461.3,0.0,0.6246,,0.6246,0.6246,modis,,,1,0,1,398.0,135.0,467.0,59.0,928.0,6.573,agreste_saa,3,1,135.0,10.967082111436952,62.06239652160704,249.5,18.659607351712616,70.22046103773607,0
2015,54,Meurthe-et-Moselle,FR_54,48.672,6.111,9.851720210392749,5.57674032511843,14.16046937039388,350.79999999999995,0.0,0.6593500000000001,,,0.6593500000000001,modis,,,1,0,1,398.0,135.0,467.0,59.0,928.0,7.287999999999999,agreste_saa,4,1,261.1,10.354255610882587,64.3763915173522,106.0,19.977457503642544,71.01768183993285,0
2016,54,Meurthe-et-Moselle,FR_54,48.672,6.111,8.774137068741627,4.545361735588355,13.48369336681237,271.7,0.0,0.657,,,0.657,modis,,,1,0,1,398.0,135.0,467.0,59.0,928.0,4.582,agreste_saa,4,1,441.4,8.979586404586405,57.46071390746733,257.0,17.932730593607303,62.80422040097382,0
2017,54,Meurthe-et-Moselle,FR_54,48.672,6.111,8.618487878372825,4.824893486052672,12.788669826433502,558.5999999999999,0.0,0.59245,,,0.59245,modis,,,1,0,1,398.0,135.0,467.0,59.0,928.0,5.8,agreste_saa,4,1,221.2,11.06048251771936,63.871055255800265,251.8,19.813310344827585,72.80806824281325,0
2018,54,Meurthe-et-Moselle,FR_54,48.672,6.111,10.277823620609452,6.014197449416105,14.952920171335238,300.5,0.0,0.50605,0.4427556403934357,,0.4427556403934357,s2,73.0,15.654401,1,1,1,398.0,135.0,467.0,59.0,928.0,6.5,agreste_saa,1,1,345.4,11.271009747991778,70.28486326361423,159.1,20.824878048780487,75.4627853415363,0
2019,54,Meurthe-et-Moselle,FR_54,48.672,6.111,10.021548331493625,6.450661463830388,13.864435394726677,505.4,0.0,0.57865,0.5979112271540471,,0.5979112271540471,s2,36.0,17.0094445,1,1,1,398.0,135.0,467.0,59.0,928.0,6.6,agreste_saa,1,1,341.1,10.0188318029882,63.51156914597427,120.1,20.758786868504835,71.57406914597428,0
2020,54,Meurthe-et-Moselle,FR_54,48.672,6.111,9.953622614550037,5.61989235744124,14.1360137861325,422.4,0.0,0.6152,0.4175924095285838,,0.4175924095285838,s2,67.0,18.249185,1,1,1,398.0,135.0,467.0,59.0,928.0,7.0,agreste_saa,1,1,253.8,11.433986805880217,64.1246306685367,147.20000000000002,18.45004480286738,71.2020500233754,0
2021,54,Meurthe-et-Moselle,FR_54,48.672,6.111,8.988225806451613,4.738709677419355,13.453086917562723,904.5,0.0,0.6295,0.6713374633737857,,0.6713374633737857,s2,50.0,3.49775975,1,1,1,398.0,135.0,467.0,59.0,928.0,6.4,agreste_saa,1,1,740.6,8.512771804062126,56.2281541218638,878.9,18.57932795698925,62.69697132616487,0
2022,54,Meurthe-et-Moselle,FR_54,48.672,6.111,10.58341845878136,6.917549283154122,14.53432347670251,1300.0,0.0,0.61585,0.3222094361334867,,0.3222094361334867,s2,52.0,5.10999,1,1,1,398.0,135.0,467.0,59.0,928.0,6.0,agreste_saa,1,1,547.8,11.2686854596532,67.92539201644041,333.2,20.89945276497696,75.60496190891352,0
2023,54,Meurthe-et-Moselle,FR_54,48.672,6.111,11.40378136200717,7.466039426523298,15.667150537634408,1553.7,0.0,0.56325,0.593026130565546,,0.593026130565546,s2,79.0,3.084614,1,1,1,398.0,135.0,467.0,59.0,928.0,6.0,agreste_saa,1,1,803.4,10.65148148148148,65.18817204301075,344.6,20.511218637992837,72.9768817204301,0
2024,54,Meurthe-et-Moselle,FR_54,48.672,6.111,9.58345613725836,6.217699057442898,13.278535103623682,1216.3,0.0,0.6756,0.3613332989552206,,0.3613332989552206,s2,37.0,16.356789499999998,1,1,1,398.0,135.0,467.0,59.0,928.0,5.4,agreste_saa,1,1,793.15,11.359074074074073,62.85340501792115,676.6999999999999,18.80502688172043,71.68727598566308,0
2010,55,Meuse,FR_55,49.032,5.387499999999999,7.44439149892757,4.012707004496767,11.273939429492469,286.90000000000003,0.0,0.2428499999999999,,0.2428499999999999,0.2428499999999999,modis,,,1,0,1,285.0,161.0,554.0,68.0,461.0,7.195,agreste_saa,3,1,93.9,9.506491605682308,61.42341013243463,111.7,19.41196765769385,67.34341013243463,1
2011,55,Meuse,FR_55,49.032,5.387499999999999,10.426358294571385,6.5022203634334295,14.78566445536076,199.4,0.0,0.48745,,0.48745,0.48745,modis,,,1,0,1,285.0,161.0,554.0,68.0,461.0,6.7,agreste_saa,3,1,60.49999999999999,12.38834254151189,63.717370275262425,185.3,17.252794701986755,71.67061702850917,1
2012,55,Meuse,FR_55,49.032,5.387499999999999,9.513266689541265,5.649802679809085,13.710696191422295,239.5,0.0,0.3294,,0.3294,0.3294,modis,,,1,0,1,285.0,161.0,554.0,68.0,461.0,5.955,agreste_saa,3,1,153.2,11.055940530400449,59.20404944585026,125.5,17.51219287469288,68.19220734058709,0
2013,55,Meuse,FR_55,49.032,5.387499999999999,9.57325640024528,6.039428496571852,13.3275471583985,273.3,0.0,0.3081,,0.3081,0.3081,modis,,,1,0,1,285.0,161.0,554.0,68.0,461.0,7.370999999999999,agreste_saa,3,1,220.6,8.389967280011327,59.28588263339896,121.0,19.12040650406504,63.41071484816406,0
2014,55,Meuse,FR_55,49.032,5.387499999999999,10.522191251893153,6.466799743635593,14.559404813298018,205.8,0.0,0.3631999999999999,,0.3631999999999999,0.3631999999999999,modis,,,1,0,1,285.0,161.0,554.0,68.0,461.0,7.45,agreste_saa,3,1,62.2,10.928494031221303,62.00214225724861,107.1,18.67485900741218,70.13520010848828,1
2015,55,Meuse,FR_55,49.032,5.387499999999999,10.234186424305312,5.895213412017787,14.544060127733662,147.3,0.0,0.38675,,,0.38675,modis,,,1,0,1,285.0,161.0,554.0,68.0,461.0,8.176,agreste_saa,4,1,132.5,10.656194573224932,65.35938841813203,46.0,20.172418478260862,72.31342067619653,0
2016,55,Meuse,FR_55,49.032,5.387499999999999,9.19146505376344,4.778245967741936,13.927600806451611,128.9,0.0,0.2544,,,0.2544,modis,,,1,0,1,285.0,161.0,554.0,68.0,461.0,4.86,agreste_saa,4,1,185.5,9.355380862022228,58.72013943893843,99.9,18.17780487804878,64.42175234216424,0
2017,55,Meuse,FR_55,49.032,5.387499999999999,8.923048124836088,5.051414076842382,13.047602609493838,227.8,0.0,0.4639999999999999,,,0.4639999999999999,modis,,,1,0,1,285.0,161.0,554.0,68.0,461.0,6.2,agreste_saa,4,1,100.9,11.363651761517616,64.87594852800633,127.2,20.024610442864955,74.14017617028276,1
2018,55,Meuse,FR_55,49.032,5.387499999999999,10.48072362685266,6.2527131524284485,15.177740875846585,125.1,0.0,0.305,0.4104397797435772,,0.4104397797435772,s2,19.0,10.554752,1,1,1,285.0,161.0,554.0,68.0,461.0,7.0,agreste_saa,1,1,148.1,11.577213261648746,71.19620669056152,65.5,21.04800925925926,76.82765830346476,0
2019,55,Meuse,FR_55,49.032,5.387499999999999,10.279217267552182,6.846210809281268,14.090063808715335,210.0,0.0,0.4292,0.3064562000281181,,0.3064562000281181,s2,11.0,24.45486,1,1,1,285.0,161.0,554.0,68.0,461.0,7.3,agreste_saa,1,1,158.9,10.252379928315412,64.41952688172043,68.0,20.941193548387098,72.63952688172043,0
2020,55,Meuse,FR_55,49.032,5.387499999999999,10.249834101382488,5.95248051948052,14.417445887445886,191.7,0.0,0.30495,0.2685654059554672,,0.2685654059554672,s2,14.0,6.0246475,1,1,1,285.0,161.0,554.0,68.0,461.0,7.1,agreste_saa,1,1,141.9,11.794795326537262,65.09847200111716,87.2,18.568655913978496,72.52169780756878,0
2021,55,Meuse,FR_55,49.032,5.387499999999999,9.250623655913978,4.997037634408602,13.74805376344086,437.6,0.0,0.4660499999999999,0.3302662218176975,,0.3302662218176975,s2,15.0,8.8012235,1,1,1,285.0,161.0,554.0,68.0,461.0,6.9,agreste_saa,1,1,357.9,8.795906810035843,56.97152688172043,426.3,18.685451612903226,63.75862365591398,0
2022,55,Meuse,FR_55,49.032,5.387499999999999,10.870596774193547,7.220032258064516,14.88828494623656,1049.8,0.0,0.5608500000000001,0.4680077806161763,,0.4680077806161763,s2,16.0,11.82543475,1,1,1,285.0,161.0,554.0,68.0,461.0,6.5,agreste_saa,1,1,271.3,11.60860019550342,68.74548735602873,267.8,21.019198223468912,76.86419703344808,0
2023,55,Meuse,FR_55,49.032,5.387499999999999,11.671655913978494,7.845865591397849,15.833870967741936,1236.3,0.0,0.4724,0.2427640324005366,,0.2427640324005366,s2,17.0,13.8444925,1,1,1,285.0,161.0,554.0,68.0,461.0,6.5,agreste_saa,1,1,669.6,10.893648745519714,65.960688172043,302.6,20.64632258064516,73.97359139784948,0
2024,55,Meuse,FR_55,49.032,5.387499999999999,9.890145161290322,6.529581517000872,13.576199790719492,991.9,0.0,0.52675,0.3997312730937185,,0.3997312730937185,s2,6.0,17.3960565,1,1,1,285.0,161.0,554.0,68.0,461.0,5.5,agreste_saa,1,1,952.3,11.563770609318995,63.37602150537634,553.2,18.897516129032255,72.4863440860215,0
2010,56,Morbihan,FR_56,47.796,-2.765,10.624146702560886,7.617747044618359,13.719754734136515,354.3,0.0,0.45885,,0.45885,0.45885,modis,,,1,0,1,194.0,272.0,534.0,58.0,627.0,6.698,agreste_saa,3,1,108.0,10.8898342551718,61.259766267407386,34.1,18.04382456140351,68.75715188832243,1
2011,56,Morbihan,FR_56,47.796,-2.765,13.777916187951098,11.093200303388198,16.544372901408515,273.8,0.0,0.72635,,0.72635,0.72635,modis,,,1,0,1,194.0,272.0,534.0,58.0,627.0,6.999,agreste_saa,3,1,33.7,12.699084554879628,61.54818125606732,87.5,16.47875326939843,71.05476020343575,1
2012,56,Morbihan,FR_56,47.796,-2.765,12.150040534021796,9.361955856713395,15.046213591844062,346.0,0.0,0.67805,,0.67805,0.67805,modis,,,1,0,1,194.0,272.0,534.0,58.0,627.0,6.9,agreste_saa,3,1,170.5,11.54555646423343,57.253054391388986,124.9,16.737869918699186,68.11240923009866,0
2013,56,Morbihan,FR_56,47.796,-2.765,12.566324147642002,9.551616122934618,15.648922938115318,259.8,0.0,0.7323500000000001,,0.7323500000000001,0.7323500000000001,modis,,,1,0,1,194.0,272.0,534.0,58.0,627.0,7.498,agreste_saa,3,1,158.6,9.21945760548172,56.61403587013962,61.6,17.860590147536882,63.37955311151892,0
2014,56,Morbihan,FR_56,47.796,-2.765,13.197012128188687,10.194918582029915,16.748410138538414,276.0,0.0,0.7374499999999999,,0.7374499999999999,0.7374499999999999,modis,,,1,0,1,194.0,272.0,534.0,58.0,627.0,7.598000000000001,agreste_saa,3,1,79.7,11.387873698583377,61.23326479076479,89.80000000000001,18.167886363636363,70.49939382302286,1
2015,56,Morbihan,FR_56,47.796,-2.765,13.158657587862594,10.096121434416611,16.18334931479921,207.8,0.0,0.7994000000000001,,,0.7994000000000001,modis,,,1,0,1,194.0,272.0,534.0,58.0,627.0,7.897,agreste_saa,4,1,119.3,11.382508941766552,59.88619349196632,54.3,17.234039215686273,68.61560525667221,0
2016,56,Morbihan,FR_56,47.796,-2.765,11.76399916130836,8.63547370970298,15.269605701346157,147.3,0.0,0.6213500000000001,,,0.6213500000000001,modis,,,1,0,1,194.0,272.0,534.0,58.0,627.0,6.799,agreste_saa,4,1,134.1,10.629319647322015,58.64469795458741,54.400000000000006,17.378696303696305,66.64535154935865,0
2017,56,Morbihan,FR_56,47.796,-2.765,11.80159939544808,8.857663379311072,14.80527481112949,203.5,0.0,0.6805000000000001,,,0.6805000000000001,modis,,,1,0,1,194.0,272.0,534.0,58.0,627.0,7.708,agreste_saa,4,1,142.8,12.099129530727057,62.54739298103348,63.9,18.306292517006803,72.90997362619477,0
2018,56,Morbihan,FR_56,47.796,-2.765,12.297289001448132,9.122513555851173,15.807764593419684,209.4,0.0,0.69665,0.4876973610540853,,0.4876973610540853,s2,61.0,13.432335,1,1,1,194.0,272.0,534.0,58.0,627.0,6.9,agreste_saa,1,1,135.5,11.494827683720873,65.51269599719848,109.2,19.409830157228456,73.30414336561952,0
2019,56,Morbihan,FR_56,47.796,-2.765,12.300259448661652,9.60394421131062,15.01021481930891,398.8,0.0,0.5109,0.2877116679653181,,0.2877116679653181,s2,49.0,21.419426,1,1,1,194.0,272.0,534.0,58.0,627.0,7.879,agreste_saa,1,1,136.4,11.318669992259396,60.278661889834304,78.0,18.122915360501565,70.20184069778132,0
2020,56,Morbihan,FR_56,47.796,-2.765,12.48537634408602,8.947684521181065,15.582653887504115,262.6,0.0,0.7025000000000001,0.369255064699501,,0.369255064699501,s2,61.0,10.48225225,1,1,1,194.0,272.0,534.0,58.0,627.0,6.779999999999999,agreste_saa,1,1,106.8,12.532275228248382,61.99623745482231,51.6,16.857088435374152,71.31100255549345,1
2021,56,Morbihan,FR_56,47.796,-2.765,12.199413082437276,8.915058243727598,15.484283154121863,992.1,0.0,0.6724000000000001,0.3996670410160328,,0.3996670410160328,s2,60.0,15.2362575,1,1,1,194.0,272.0,534.0,58.0,627.0,7.431999999999999,agreste_saa,1,1,433.8,10.619504181600954,58.31333333333333,602.9,17.73708781362007,67.332688172043,0
2022,56,Morbihan,FR_56,47.796,-2.765,13.014305555555556,10.324968637992832,15.789260752688172,1621.3,0.0,0.7252000000000001,0.2150139017608897,,0.2150139017608897,s2,75.0,13.017476,1,1,1,194.0,272.0,534.0,58.0,627.0,7.459,agreste_saa,1,1,412.4,12.339336917562724,65.51240143369175,330.5,19.310367383512546,75.63874551971325,0
2023,56,Morbihan,FR_56,47.796,-2.765,14.10342741935484,11.167777777777776,17.12703853046595,1617.6,0.0,0.6891,0.1469305914203511,,0.1469305914203511,s2,82.0,21.2577195,1,1,1,194.0,272.0,534.0,58.0,627.0,7.18,agreste_saa,1,1,1013.9,12.064749103942653,63.98905017921147,377.1,18.79874551971326,73.79173835125448,0
2024,56,Morbihan,FR_56,47.796,-2.765,12.287042129017935,9.595030190239868,15.098947851431724,923.4,0.0,0.71875,0.1300654295636619,,0.1300654295636619,s2,29.0,19.793833,1,1,1,194.0,272.0,534.0,58.0,627.0,6.523000000000001,agreste_saa,1,1,1281.6,11.988572281959378,60.1823835125448,512.5,17.12983870967742,70.22539426523298,0
2010,57,Moselle,FR_57,49.053,6.572,6.657644569521275,3.5500018652188063,10.095470369568456,1407.7,0.0,0.6352500000000001,,0.6352500000000001,0.6352500000000001,modis,,,1,0,1,293.0,163.0,545.0,66.0,645.0,7.101000000000001,agreste_saa,3,1,756.9,9.116717078780908,60.28095365322409,521.8,19.219734541774017,65.78962031989076,0
2011,57,Moselle,FR_57,49.053,6.572,9.453313381893247,5.829360525309103,13.421029078357671,730.8,0.0,0.6846000000000001,,0.6846000000000001,0.6846000000000001,modis,,,1,0,1,293.0,163.0,545.0,66.0,645.0,6.199,agreste_saa,3,1,253.2,11.912522348497973,62.06286630537383,633.4,16.831359307359307,69.40028566021253,0
2012,57,Moselle,FR_57,49.053,6.572,8.68981316620608,4.983945645120497,12.637743646259928,1299.8,0.0,0.53345,,0.53345,0.53345,modis,,,1,0,1,293.0,163.0,545.0,66.0,645.0,6.041,agreste_saa,3,1,649.0,10.763354345322355,57.85484762137517,683.7,17.07013422818792,66.43033149234292,0
2013,57,Moselle,FR_57,49.053,6.572,8.824287634408602,5.68395587143294,12.197667011626722,1537.9,0.0,0.65305,,0.65305,0.65305,modis,,,1,0,1,293.0,163.0,545.0,66.0,645.0,7.01,agreste_saa,3,1,856.6,7.706720283825717,57.76837547224645,577.5,18.64994623655914,60.42005332459543,0
2014,57,Moselle,FR_57,49.053,6.572,9.788745191690046,6.603121137499894,13.255581882880612,1202.1,0.0,0.6339000000000001,,0.6339000000000001,0.6339000000000001,modis,,,1,0,1,293.0,163.0,545.0,66.0,645.0,6.394,agreste_saa,3,1,391.3,11.065474616604972,62.59319465491114,713.1000000000001,18.73870798319328,70.67383981620146,0
2015,57,Moselle,FR_57,49.053,6.572,9.419549731182796,5.984698879551821,13.012238919761453,942.3,0.0,0.7157,,,0.7157,modis,,,1,0,1,293.0,163.0,545.0,66.0,645.0,7.392,agreste_saa,4,1,556.7,9.951971326164877,62.49399693415089,252.4,19.37468663911846,68.60528725673154,0
2016,57,Moselle,FR_57,49.053,6.572,8.403104838709677,4.860383064516129,12.293219086021509,710.6999999999999,0.0,0.54535,,,0.54535,modis,,,1,0,1,293.0,163.0,545.0,66.0,645.0,4.61,agreste_saa,4,1,1057.7,8.884560931899642,57.989704301075264,726.9,18.011559139784946,62.67680107526881,0
2017,57,Moselle,FR_57,49.053,6.572,8.284549731182796,5.03638440860215,11.93869623655914,1557.3000000000002,0.0,0.5890500000000001,,,0.5890500000000001,modis,,,1,0,1,293.0,163.0,545.0,66.0,645.0,6.0,agreste_saa,4,1,512.2,10.958431681091003,63.06665644294497,738.0999999999999,19.47753553854565,71.83036612036432,0
2018,57,Moselle,FR_57,49.053,6.572,9.72240475152572,5.776747713157573,14.159861007403611,744.1,0.0,0.4194,0.1518105849582173,,0.1518105849582173,s2,33.0,5.57827,1,1,1,293.0,163.0,545.0,66.0,645.0,6.6,agreste_saa,1,1,851.8,11.109955197132615,69.84123655913979,529.2,20.363750000000003,74.05736559139785,0
2019,57,Moselle,FR_57,49.053,6.572,9.27444064937803,6.032199030149695,12.809635884461311,1737.0,0.0,0.6091,0.4194299800086098,,0.4194299800086098,s2,13.0,13.92122625,1,1,1,293.0,163.0,545.0,66.0,645.0,6.9,agreste_saa,1,1,902.1,9.737562724014335,62.49249462365592,264.3,20.429580645161288,70.07184946236559,0
2020,57,Moselle,FR_57,49.053,6.572,9.686763440860217,6.312731182795699,13.321059139784946,1318.2,0.0,0.46125,0.3356086772628663,,0.3356086772628663,s2,27.0,20.26233875,1,1,1,293.0,163.0,545.0,66.0,645.0,7.1,agreste_saa,1,1,597.2,11.06441577060932,63.26055913978495,343.0,18.37010752688172,69.9334623655914,0
2021,57,Moselle,FR_57,49.053,6.572,8.812325268817204,5.351348566308244,12.62741935483871,926.5,0.0,0.42235,0.5099533670962242,,0.5099533670962242,s2,20.0,5.77885475,1,1,1,293.0,163.0,545.0,66.0,645.0,6.6,agreste_saa,1,1,757.9,8.167204301075268,56.23175627240144,603.5999999999999,18.88039426523297,62.26240143369176,0
2022,57,Moselle,FR_57,49.053,6.572,9.890264336917562,6.569305555555555,13.569798387096776,1643.2,0.0,0.70555,0.318495778971604,,0.318495778971604,s2,26.0,4.8179475,1,1,1,293.0,163.0,545.0,66.0,645.0,6.5,agreste_saa,1,1,630.5,10.82405615292712,66.24165770609319,285.7,20.44119623655914,73.35456093189964,0
2023,57,Moselle,FR_57,49.053,6.572,10.742459677419356,7.322679211469534,14.571366487455196,1509.05,0.0,0.64665,0.3241590214067278,,0.3241590214067278,s2,39.0,2.950261,1,1,1,293.0,163.0,545.0,66.0,645.0,6.499,agreste_saa,1,1,690.4,10.106391875746716,63.75741935483871,437.7,20.22046594982079,70.76010752688173,0
2024,57,Moselle,FR_57,49.053,6.572,9.175410862658849,6.2058101161831,12.330795982691145,1523.0,0.0,0.61005,0.2789775231379462,,0.2789775231379462,s2,16.0,16.492836,1,1,1,293.0,163.0,545.0,66.0,645.0,5.5,agreste_saa,1,1,1034.5,11.143620071684587,61.38448028673835,768.6,18.251541218637996,69.93394265232975,0
2010,58,Nièvre,FR_58,47.171,3.492,8.253133583021224,4.385646235489761,12.332694257858352,0.0,0.0,0.6792,,0.6792,0.6792,modis,,,1,0,1,286.0,211.0,503.0,56.0,922.0,6.4,agreste_saa,3,1,0.0,10.382619047619048,63.14329725829727,0.0,19.352481962481964,69.85282106782107,1
2011,58,Nièvre,FR_58,47.171,3.492,11.57578999554228,7.533831885026738,16.234672459893048,0.0,0.0,0.7679,,0.7679,0.7679,modis,,,1,0,1,286.0,211.0,503.0,56.0,922.0,6.0,agreste_saa,3,1,0.0,12.891019639275454,65.84558856209514,0.0,17.88967391304348,74.45240674391331,1
2012,58,Nièvre,FR_58,47.171,3.492,10.259010547267913,6.324007370213766,14.71602314674989,0.0,0.0,0.73875,,0.73875,0.73875,modis,,,1,0,1,286.0,211.0,503.0,56.0,922.0,6.5,agreste_saa,3,1,0.0,11.133867843171563,60.1953165439752,0.0,18.07427586206897,69.55015525365262,1
2013,58,Nièvre,FR_58,47.171,3.492,10.094221611721611,6.085894957421621,14.244204423950816,0.0,0.0,0.73115,,0.73115,0.73115,modis,,,1,0,1,286.0,211.0,503.0,56.0,922.0,6.5,agreste_saa,3,1,0.0,8.917567714270206,59.89603647614395,0.0,19.313333333333333,65.37936980947728,1
2014,58,Nièvre,FR_58,47.171,3.492,11.164087707209031,6.819307886841758,15.662006847472368,0.0,0.0,0.83115,,0.83115,0.83115,modis,,,1,0,1,286.0,211.0,503.0,56.0,922.0,6.5,agreste_saa,3,1,0.0,10.812263995518798,62.10119183086135,0.0,18.91607088989442,70.26893376634523,1
2015,58,Nièvre,FR_58,47.171,3.492,10.559586827900782,6.035147186147186,15.078798701298702,0.0,0.0,0.7523500000000001,,,0.7523500000000001,modis,,,1,0,1,286.0,211.0,503.0,56.0,922.0,7.1,agreste_saa,4,1,0.0,11.07950080515298,66.5048275862069,0.0,20.341858237547896,73.92221889055472,1
2016,58,Nièvre,FR_58,47.171,3.492,9.474089041923405,5.033487426597145,14.18133204034626,0.0,0.0,0.7411000000000001,,,0.7411000000000001,modis,,,1,0,1,286.0,211.0,503.0,56.0,922.0,3.8,agreste_saa,4,1,0.0,9.651846305296033,59.99765618911805,0.0,18.66864899806076,66.29283691200962,1
2017,58,Nièvre,FR_58,47.171,3.492,9.69091898048993,5.547767475156337,14.119937505771654,0.0,0.0,0.57535,,,0.57535,modis,,,1,0,1,286.0,211.0,503.0,56.0,922.0,6.9590000000000005,agreste_saa,4,1,0.0,11.50112975435556,64.83906939096383,0.0,20.039345440292657,74.58208014365201,1
2018,58,Nièvre,FR_58,47.171,3.492,11.139195885928004,6.280582437275985,16.128037634408603,0.0,0.0,0.71145,0.7537811782293049,,0.7537811782293049,s2,32.0,14.01270775,1,1,1,286.0,211.0,503.0,56.0,922.0,6.3,agreste_saa,1,1,0.0,11.828937516823212,69.92815804601955,0.0,20.83411360799001,77.15503976644966,1
2019,58,Nièvre,FR_58,47.171,3.492,11.29216786797432,7.35741935483871,15.360232974910396,0.0,0.0,0.70865,0.5417126481671983,,0.5417126481671983,s2,23.0,22.584296,1,1,1,286.0,211.0,503.0,56.0,922.0,6.7,agreste_saa,1,1,0.0,10.618829151732378,65.17218637992832,0.0,20.987419354838707,73.83132616487455,1
2020,58,Nièvre,FR_58,47.171,3.492,10.995474910394265,6.219534050179211,15.48228494623656,0.0,0.0,0.6961,0.6288659793814434,,0.6288659793814434,s2,27.0,6.1751255,1,1,1,286.0,211.0,503.0,56.0,922.0,5.2,agreste_saa,1,1,0.0,12.448218534102123,66.91476312918809,0.0,18.976451612903222,75.29755882811283,1
2021,58,Nièvre,FR_58,47.171,3.492,9.792087813620071,5.181568100358423,14.49918458781362,373.0,0.0,0.7044,0.7103936269911147,,0.7103936269911147,s2,34.0,3.1010905,1,1,1,286.0,211.0,503.0,56.0,922.0,6.0,agreste_saa,1,1,181.8,9.499462365591398,58.94229390681004,140.3,18.8665770609319,66.231541218638,0
2022,58,Nièvre,FR_58,47.171,3.492,11.281801075268817,6.400250896057347,15.739059139784947,361.1,0.0,0.4581,0.5027690670306937,,0.5027690670306937,s2,37.0,15.917196,1,1,1,286.0,211.0,503.0,56.0,922.0,5.8,agreste_saa,1,1,134.9,12.20258064516129,69.14455197132617,294.5,20.767329749103943,78.14240143369176,0
2023,58,Nièvre,FR_58,47.171,3.492,12.517840501792111,7.643942652329749,17.361559139784948,471.6,0.0,0.84245,0.3396940156165634,,0.3396940156165634,s2,34.0,5.49298575,1,1,1,286.0,211.0,503.0,56.0,922.0,6.0,agreste_saa,1,1,280.4,11.159139784946236,66.30867383512545,259.6,20.70487455197133,74.88716845878136,0
2024,58,Nièvre,FR_58,47.171,3.492,10.60353731223068,6.822460288367546,14.28515538449006,531.7,0.0,0.7645000000000001,0.4872979214780601,,0.4872979214780601,s2,14.0,18.36284,1,1,1,286.0,211.0,503.0,56.0,922.0,4.6,agreste_saa,1,1,494.2,11.708279569892474,63.76677419354839,218.0,19.115053763440866,73.35494623655914,0
2010,59,Nord,FR_59,50.3445,3.2645,7.400488259426474,4.444768143456782,10.526507494209593,283.9,0.0,,,,,none,,,0,0,0,221.0,264.0,515.0,71.0,320.0,8.784,agreste_saa,6,1,108.7,9.393667337705912,58.11368631990959,79.4,18.356172661870502,64.89334733685874,1
2011,59,Nord,FR_59,50.3445,3.2645,10.671381282900157,7.341360111154557,14.528239839097116,269.29999999999995,0.0,,,,,none,,,0,0,0,221.0,264.0,515.0,71.0,320.0,9.074,agreste_saa,6,1,45.8,11.68966122121392,59.84123573487378,114.9,16.135794909788196,67.34057348321815,1
2012,59,Nord,FR_59,50.3445,3.2645,9.345530694543264,6.023361004422166,12.82037256533638,334.6,0.0,,,,,none,,,0,0,0,221.0,264.0,515.0,71.0,320.0,7.9,agreste_saa,6,1,221.7,9.988504731200658,53.56838534490087,224.6,16.110317154596814,62.1861485027956,0
2013,59,Nord,FR_59,50.3445,3.2645,9.697907902636178,6.546269039585495,13.027142476925086,353.2,0.0,,,,,none,,,0,0,0,221.0,264.0,515.0,71.0,320.0,9.186,agreste_saa,6,1,143.7,7.660477032545998,54.602631595253584,109.3,17.473787061994607,57.92900522162721,0
2014,59,Nord,FR_59,50.3445,3.2645,10.509671342999791,7.425038808453547,13.852050908369137,224.8,0.0,,,,,none,,,0,0,0,221.0,264.0,515.0,71.0,320.0,8.789,agreste_saa,6,1,180.2,10.915741300663695,58.55656364543512,155.6,17.090035725380552,66.9272953527522,0
2015,59,Nord,FR_59,50.3445,3.2645,10.510595136272144,7.2537293991790275,13.878751564895971,251.7,0.0,,,,,none,,,0,0,0,221.0,264.0,515.0,71.0,320.0,9.991,agreste_saa,6,1,138.5,9.615230789404668,56.94171929359098,87.1,17.275432817527197,63.3965580032684,0
2016,59,Nord,FR_59,50.3445,3.2645,9.319384485915077,5.999686340186894,13.026853032283324,187.8,0.0,,,,,none,,,0,0,0,221.0,264.0,515.0,71.0,320.0,6.4,agreste_saa,6,1,231.9,9.061692513094384,55.14764271301821,198.8,16.80184333453108,60.788764208345306,0
2017,59,Nord,FR_59,50.3445,3.2645,9.655051419731947,6.186146315141624,13.188191082382144,316.5,0.0,,,,,none,,,0,0,0,221.0,264.0,515.0,71.0,320.0,8.998999999999999,agreste_saa,6,1,93.9,11.054996149175034,60.97907283429005,56.0,18.56671961273731,70.29842767299972,1
2018,59,Nord,FR_59,50.3445,3.2645,10.139374416930368,6.656327617323647,13.950690296145034,211.2,0.0,,0.6239388368983958,,0.6239388368983958,s2,67.0,9.56354825,0,1,1,221.0,264.0,515.0,71.0,320.0,8.8,agreste_saa,2,1,195.0,11.003517404774923,66.48730863483485,27.1,19.44241046831956,71.89537315096388,0
2019,59,Nord,FR_59,50.3445,3.2645,10.012951439817078,7.058045197590317,13.189910801357485,282.4,0.0,,0.3936955063715627,,0.3936955063715627,s2,36.0,20.76842525,0,1,1,221.0,264.0,515.0,71.0,320.0,9.7,agreste_saa,2,1,148.1,10.21602878459113,59.291647036301626,105.8,18.580990867579903,67.8100680889332,0
2020,59,Nord,FR_59,50.3445,3.2645,10.531095321523129,7.2467273960249665,13.88174576584574,238.6,0.0,,0.4256917081507411,,0.4256917081507411,s2,43.0,13.324606,0,1,1,221.0,264.0,515.0,71.0,320.0,9.197,agreste_saa,2,1,108.8,10.97470797990932,60.58171640060991,95.8,17.28791785206259,67.49995964385315,0
2021,59,Nord,FR_59,50.3445,3.2645,10.047916666666667,6.666375448028674,13.530909498207883,1122.9,0.0,,0.5023806476895227,,0.5023806476895227,s2,38.0,24.562276500000003,0,1,1,221.0,264.0,515.0,71.0,320.0,8.2,agreste_saa,2,1,683.8,8.288721624850657,53.09290322580645,849.5,17.574390681003585,60.01494623655914,0
2022,59,Nord,FR_59,50.3445,3.2645,10.456886200716848,7.366729390681003,13.911191756272402,1338.1999999999998,0.0,,0.3309942143795888,,0.3309942143795888,s2,44.0,18.588296,0,1,1,221.0,264.0,515.0,71.0,320.0,9.569,agreste_saa,2,1,327.5,10.870220704575544,61.86886103845781,346.6,18.66646505376344,69.94359222125351,0
2023,59,Nord,FR_59,50.3445,3.2645,11.777516129032255,8.651370967741935,15.242021505376345,1161.3,0.0,,0.1818800103023083,,0.1818800103023083,s2,65.0,16.9010935,0,1,1,221.0,264.0,515.0,71.0,320.0,9.194,agreste_saa,2,1,1024.6,9.846505376344084,59.92168458781362,584.5,19.01285842293907,67.5652329749104,0
2024,59,Nord,FR_59,50.3445,3.2645,10.106977550130775,7.362359875915176,13.152676431863068,860.6,0.0,,0.0821368874818112,,0.0821368874818112,s2,29.0,18.09016275,0,1,1,221.0,264.0,515.0,71.0,320.0,7.51,agreste_saa,2,1,1123.5,11.16268817204301,58.95021505376344,377.7000000000001,17.082043010752688,67.65215053763441,0
2010,60,Oise,FR_60,49.445,2.426,8.05458356694664,4.623924320111239,11.490917035216947,0.0,0.0,0.35145,,0.35145,0.35145,modis,,,1,0,1,261.0,196.0,543.0,71.0,420.0,8.198,agreste_saa,3,1,0.0,9.9772274222021,61.21856547446707,0.0,19.15900451783767,68.24969130228165,1
2011,60,Oise,FR_60,49.445,2.426,11.307655794009245,7.657440817885321,15.26488589580178,0.0,0.0,0.5411,,0.5411,0.5411,modis,,,1,0,1,261.0,196.0,543.0,71.0,420.0,6.999,agreste_saa,3,1,0.0,12.297712585739982,62.84879656332612,0.0,17.076530701754386,71.04619916072872,1
2012,60,Oise,FR_60,49.445,2.426,9.903661280295502,6.544383476098149,13.52096762976959,0.0,0.0,0.3957,,0.3957,0.3957,modis,,,1,0,1,261.0,196.0,543.0,71.0,420.0,8.24,agreste_saa,3,1,0.0,10.732530218761587,56.9251161653216,0.0,16.9647304964539,66.12705164919257,1
2013,60,Oise,FR_60,49.445,2.426,10.335544477028348,6.77840790105604,13.82127359613532,0.0,0.0,0.5039,,0.5039,0.5039,modis,,,1,0,1,261.0,196.0,543.0,71.0,420.0,8.837,agreste_saa,3,1,0.0,8.434579076907463,57.70532231111542,0.0,18.34118989118989,61.986117013102174,1
2014,60,Oise,FR_60,49.445,2.426,11.071960838862948,7.571257165226631,14.73914138606466,0.0,0.0,0.51335,,0.51335,0.51335,modis,,,1,0,1,261.0,196.0,543.0,71.0,420.0,8.699,agreste_saa,3,1,0.0,11.002405496128354,59.89732697702496,0.0,17.746362433862434,68.49994135610993,1
2015,60,Oise,FR_60,49.445,2.426,10.992385721712928,7.329456400689953,14.595500794892244,0.0,0.0,0.57995,,,0.57995,modis,,,1,0,1,261.0,196.0,543.0,71.0,420.0,9.298,agreste_saa,4,1,0.0,10.556664216214728,61.96679176969269,0.0,18.74807488519958,69.16614241904334,1
2016,60,Oise,FR_60,49.445,2.426,9.757675686573004,5.948321871328581,13.933703862080474,0.0,0.0,0.45875,,,0.45875,modis,,,1,0,1,261.0,196.0,543.0,71.0,420.0,5.2,agreste_saa,4,1,0.0,9.488866557027102,58.03190195500428,0.0,17.89011867442902,64.24683701993935,1
2017,60,Oise,FR_60,49.445,2.426,10.06859280209702,6.560417878580961,13.793339412519604,0.0,0.0,0.525,,,0.525,modis,,,1,0,1,261.0,196.0,543.0,71.0,420.0,8.3,agreste_saa,4,1,0.0,11.54461938208958,63.69921967663027,0.0,19.490472972972974,73.61480409221468,1
2018,60,Oise,FR_60,49.445,2.426,10.703726545185916,6.657370505113505,14.888991460176085,0.0,0.0,0.5649500000000001,0.533457359991651,,0.533457359991651,s2,37.0,10.38871625,1,1,1,261.0,196.0,543.0,71.0,420.0,8.1,agreste_saa,1,1,0.0,11.592079337401918,68.83142204051852,0.0,20.233398465769287,75.24303494374433,1
2019,60,Oise,FR_60,49.445,2.426,10.678368964770703,7.386298567692266,14.140284760499362,0.0,0.0,0.5297000000000001,0.448940599254447,,0.448940599254447,s2,16.0,24.488201,1,1,1,261.0,196.0,543.0,71.0,420.0,9.1,agreste_saa,1,1,0.0,10.708527211345844,62.51722990794812,0.0,19.706021505376345,71.53762464479023,1
2020,60,Oise,FR_60,49.445,2.426,11.11931588764538,7.055179662151287,14.914882011335044,0.0,0.0,0.4675,0.5738526946116174,,0.5738526946116174,s2,25.0,19.614809,1,1,1,261.0,196.0,543.0,71.0,420.0,8.299,agreste_saa,1,1,0.0,11.761134453781514,64.41927744070601,0.0,18.41499586321015,72.11339508776484,1
2021,60,Oise,FR_60,49.445,2.426,10.394314516129032,6.370501792114696,14.477240143369174,784.1,0.0,0.47555,0.7043233926109955,,0.7043233926109955,s2,17.0,13.859933,1,1,1,261.0,196.0,543.0,71.0,420.0,8.3,agreste_saa,1,1,353.9,9.048351254480288,56.666272401433694,510.4,18.40227598566308,63.94960573476703,0
2022,60,Oise,FR_60,49.445,2.426,11.133270609318997,7.64388440860215,14.927267025089606,966.1,0.0,0.5448500000000001,0.2759522488086249,,0.2759522488086249,s2,27.0,22.8557935,1,1,1,261.0,196.0,543.0,71.0,420.0,8.492,agreste_saa,1,1,344.5,11.520851384343672,65.48504519245753,327.90000000000003,19.75264336917563,74.06784089138228,0
2023,60,Oise,FR_60,49.445,2.426,12.432585125448028,8.833131720430107,16.34840501792115,1087.5,0.0,0.529,0.3068578544670856,,0.3068578544670856,s2,33.0,14.3132235,1,1,1,261.0,196.0,543.0,71.0,420.0,8.598,agreste_saa,1,1,652.7,10.696170848267622,63.2421146953405,502.9,19.891586021505372,71.87168458781362,0
2024,60,Oise,FR_60,49.445,2.426,10.596186811739676,7.550668002583064,13.79463175822986,952.5,0.0,0.5524,0.2734922412414013,,0.2734922412414013,s2,15.0,26.863499500000003,1,1,1,261.0,196.0,543.0,71.0,420.0,6.904000000000001,agreste_saa,1,1,939.0,11.468781362007167,61.185182443151774,477.1,17.885655737704916,70.17765556143134,0
2010,61,Orne,FR_61,48.65,0.15,8.476724899139835,4.8231235373890495,12.10753143298493,543.0999999999999,0.0,0.3571499999999999,,0.3571499999999999,0.3571499999999999,modis,,,1,0,1,226.0,195.0,580.0,64.0,485.0,7.196,agreste_saa,3,1,208.8,9.901058450850927,59.53238596432794,142.8,18.37677635851916,66.4567280695911,0
2011,61,Orne,FR_61,48.65,0.15,11.615739268680445,7.805766426985762,15.8020960775632,395.6,0.0,0.55815,,0.55815,0.55815,modis,,,1,0,1,226.0,195.0,580.0,64.0,485.0,7.197,agreste_saa,3,1,82.1,12.077420024124642,60.903998671674174,280.1,16.492718614718616,69.21769730181116,1
2012,61,Orne,FR_61,48.65,0.15,10.0730382555047,6.673430661640262,13.619327012876496,677.4,0.0,0.48265,,0.48265,0.48265,modis,,,1,0,1,226.0,195.0,580.0,64.0,485.0,7.098000000000001,agreste_saa,3,1,370.7,10.29210624018278,54.71601621143572,222.4,16.473540020611473,63.82339876177128,0
2013,61,Orne,FR_61,48.65,0.15,10.561955440016082,6.93047368292568,14.329305881251369,559.4,0.0,0.5853999999999999,,0.5853999999999999,0.5853999999999999,modis,,,1,0,1,226.0,195.0,580.0,64.0,485.0,7.255,agreste_saa,3,1,294.70000000000005,8.363993219025476,55.82597259118701,137.3,17.8251045751634,60.74218880740323,0
2014,61,Orne,FR_61,48.65,0.15,11.236923863919433,7.384388301855798,15.263266145833333,298.7,0.0,0.6386499999999999,,0.6386499999999999,0.6386499999999999,modis,,,1,0,1,226.0,195.0,580.0,64.0,485.0,7.093999999999999,agreste_saa,3,1,308.9,10.728272565765147,59.01178475652057,152.8,17.6673544973545,67.51952669200443,0
2015,61,Orne,FR_61,48.65,0.15,11.3312714115285,7.595344500286693,15.059557922640549,361.0,0.0,0.6138,,,0.6138,modis,,,1,0,1,226.0,195.0,580.0,64.0,485.0,7.997,agreste_saa,4,1,191.5,10.564663141481937,60.14320357941835,146.89999999999998,17.93369798657718,67.56138539760016,0
2016,61,Orne,FR_61,48.65,0.15,10.094943499029704,6.179270508901396,14.345195453922733,247.8,0.0,0.48385,,,0.48385,modis,,,1,0,1,226.0,195.0,580.0,64.0,485.0,5.299,agreste_saa,4,1,379.0,9.49248354546497,56.790162422184494,156.0,17.36877419354839,63.214999023491686,0
2017,61,Orne,FR_61,48.65,0.15,10.340612456879343,6.624424528465432,14.079584259254167,484.7,0.0,0.44935,,,0.44935,modis,,,1,0,1,226.0,195.0,580.0,64.0,485.0,7.499,agreste_saa,4,1,282.9,11.448129032258064,62.47419354838709,113.2,18.983935483870965,72.31225806451613,0
2018,61,Orne,FR_61,48.65,0.15,10.863320401046208,6.831826105745461,15.098379639903834,438.7,0.0,0.5459499999999999,0.7138436442095507,,0.7138436442095507,s2,59.0,8.48613825,1,1,1,226.0,195.0,580.0,64.0,485.0,6.598000000000001,agreste_saa,1,1,418.4,11.155408818647617,66.17450388953966,188.50000000000003,19.62704194260485,72.72031034115255,0
2019,61,Orne,FR_61,48.65,0.15,10.695631163504425,7.402582559424457,14.34234234470157,637.1,0.0,0.5616000000000001,0.3479342956694873,,0.3479342956694873,s2,39.0,24.6092475,1,1,1,226.0,195.0,580.0,64.0,485.0,8.297,agreste_saa,1,1,240.0,10.574982078853049,61.14143152562248,170.79999999999998,19.14856522517683,70.0220766869128,0
2020,61,Orne,FR_61,48.65,0.15,11.15331223966986,7.199513676837555,15.06540341367926,469.4,0.0,0.5238499999999999,0.6345379171527293,,0.6345379171527293,s2,41.0,18.354622,1,1,1,226.0,195.0,580.0,64.0,485.0,6.303,agreste_saa,1,1,176.9,11.844208728652752,62.8462005527043,142.5,17.6103355704698,70.75329732689785,0
2021,61,Orne,FR_61,48.65,0.15,10.704822580645162,6.898059139784946,14.80516129032258,513.4,0.0,0.5448500000000001,0.6290752893705407,,0.6290752893705407,s2,28.0,25.5014755,1,1,1,226.0,195.0,580.0,64.0,485.0,7.098000000000001,agreste_saa,1,1,307.4,9.242716845878135,56.486322580645165,359.2,18.15037634408602,64.02890322580646,0
2022,61,Orne,FR_61,48.65,0.15,11.294290322580643,7.866387096774194,15.143967741935484,690.1,0.0,0.72265,0.3522751670412116,,0.3522751670412116,s2,32.0,18.974776,1,1,1,226.0,195.0,580.0,64.0,485.0,7.795,agreste_saa,1,1,251.0,11.614258064516129,64.38597849462366,169.8,19.390634408602157,73.62404301075269,0
2023,61,Orne,FR_61,48.65,0.15,12.473854838709675,8.954413978494625,16.503774193548388,749.5,0.0,0.5902499999999999,0.4597529238033007,,0.4597529238033007,s2,46.0,9.19068475,1,1,1,226.0,195.0,580.0,64.0,485.0,7.897,agreste_saa,1,1,439.3,10.9595770609319,62.46021505376344,367.1,19.187193548387096,71.25311827956989,0
2024,61,Orne,FR_61,48.65,0.15,10.801758064516129,7.862212540148024,14.018241307080018,877.1,0.0,0.70015,0.228507510386705,,0.228507510386705,s2,17.0,24.416445,1,1,1,226.0,195.0,580.0,64.0,485.0,6.101,agreste_saa,1,1,616.0,11.339749103942651,60.13937634408602,251.7,17.50941935483871,69.03808602150538,0
2010,62,Pas-de-Calais,FR_62,50.443,2.338,7.754522724547235,4.746675264611853,10.903941180715664,548.9,0.0,,,,,none,,,0,0,0,211.0,103.0,686.0,67.0,478.0,8.790000000000001,agreste_saa,6,1,208.6,9.219302920806989,56.79626361655774,157.60000000000002,17.88137254901961,63.42065386046018,0
2011,62,Pas-de-Calais,FR_62,50.443,2.338,11.00407617651166,7.841948664857918,14.549604103760007,588.3,0.0,,,,,none,,,0,0,0,211.0,103.0,686.0,67.0,478.0,9.191,agreste_saa,6,1,89.2,11.596959072673355,59.0864183435612,237.0,15.996103896103897,66.78308501022786,1
2012,62,Pas-de-Calais,FR_62,50.443,2.338,9.603090960327537,6.404568558772069,12.948486021367795,721.5999999999999,0.0,,,,,none,,,0,0,0,211.0,103.0,686.0,67.0,478.0,7.9,agreste_saa,6,1,387.5,9.8930817058006,53.09998031404342,447.7,15.97230308219178,61.62385128178536,0
2013,62,Pas-de-Calais,FR_62,50.443,2.338,10.103028679533423,6.9940545298819945,13.31991357729029,700.0,0.0,,,,,none,,,0,0,0,211.0,103.0,686.0,67.0,478.0,8.870999999999999,agreste_saa,6,1,268.7,7.6367941712204015,53.56239864269346,215.9,17.192674731182798,57.2957319760268,0
2014,62,Pas-de-Calais,FR_62,50.443,2.338,10.76743758514894,7.63171355297361,14.210186241003267,474.6,0.0,,,,,none,,,0,0,0,211.0,103.0,686.0,67.0,478.0,8.797,agreste_saa,6,1,355.3,10.847166118060125,58.08308594423685,303.1,16.996277665995976,66.53405368617233,0
2015,62,Pas-de-Calais,FR_62,50.443,2.338,10.902400090216307,7.595169364217871,14.240234410500191,523.3000000000001,0.0,,,,,none,,,0,0,0,211.0,103.0,686.0,67.0,478.0,9.892,agreste_saa,6,1,235.1,9.717605353252411,56.24521679197995,178.7,16.90437030075188,62.96155666126099,0
2016,62,Pas-de-Calais,FR_62,50.443,2.338,9.666492687885304,6.405658419987049,13.31586971357829,402.8,0.0,,,,,none,,,0,0,0,211.0,103.0,686.0,67.0,478.0,6.4,agreste_saa,6,1,479.4,9.247386742020556,54.87140070386198,290.3,16.589456840207347,60.921073906476366,0
2017,62,Pas-de-Calais,FR_62,50.443,2.338,10.075374583109753,6.697959582335447,13.47943207947664,812.5,0.0,,,,,none,,,0,0,0,211.0,103.0,686.0,67.0,478.0,9.199,agreste_saa,6,1,236.6,11.102746745897,60.5321630314525,118.8,18.35454204204204,70.01732432177508,0
2018,62,Pas-de-Calais,FR_62,50.443,2.338,10.326595706692522,6.847641398019746,14.052330648218083,450.7,0.0,,0.7580943507584229,,0.7580943507584229,s2,32.0,10.54862775,0,1,1,211.0,103.0,686.0,67.0,478.0,8.9,agreste_saa,2,1,376.2,10.85386224934612,64.95527407118493,68.9,19.00781140350877,70.5772095550559,0
2019,62,Pas-de-Calais,FR_62,50.443,2.338,10.282493478611064,7.202117334190048,13.576766170486186,688.5,0.0,,0.5830271227705225,,0.5830271227705225,s2,17.0,21.91409375,0,1,1,211.0,103.0,686.0,67.0,478.0,9.8,agreste_saa,2,1,275.9,10.378932421046516,58.94786667324199,213.1,18.26803470505122,67.67286667324198,0
2020,62,Pas-de-Calais,FR_62,50.443,2.338,10.702699563876983,7.2222430098496275,14.157775726724257,555.7,0.0,,0.4911059551430781,,0.4911059551430781,s2,20.0,17.3280315,0,1,1,211.0,103.0,686.0,67.0,478.0,9.098,agreste_saa,2,1,240.1,11.108322970028851,60.48616768951114,169.1,17.192423714036618,67.70981633815978,0
2021,62,Pas-de-Calais,FR_62,50.443,2.338,10.424655017921149,6.885604838709677,14.004829749103942,1099.4,0.0,,0.637583620418008,,0.637583620418008,s2,17.0,24.99902825,0,1,1,211.0,103.0,686.0,67.0,478.0,8.001000000000001,agreste_saa,2,1,637.2,8.441726403823179,53.05962365591398,889.5,17.404856630824373,60.134892473118285,0
2022,62,Pas-de-Calais,FR_62,50.443,2.338,10.65570340501792,7.464950716845879,14.236097670250896,1464.5,0.0,,0.4999010461780024,,0.4999010461780024,s2,16.0,27.307442,0,1,1,211.0,103.0,686.0,67.0,478.0,9.585,agreste_saa,2,1,372.4,10.872700603829635,61.392313281022965,366.1,18.52796594982079,69.67403371113049,0
2023,62,Pas-de-Calais,FR_62,50.443,2.338,12.111198924731182,8.976989247311828,15.690774193548387,1201.3,0.0,,0.4827148083014426,,0.4827148083014426,s2,37.0,16.676614999999998,0,1,1,211.0,103.0,686.0,67.0,478.0,9.194,agreste_saa,2,1,1030.0,9.953363201911587,59.38677419354839,641.3000000000001,18.701783154121863,67.2636559139785,0
2024,62,Pas-de-Calais,FR_62,50.443,2.338,10.48840322580645,7.669571917329982,13.63826742075129,960.9,0.0,,0.5677491601343785,,0.5677491601343785,s2,13.0,28.9129055,0,1,1,211.0,103.0,686.0,67.0,478.0,7.51,agreste_saa,2,1,1065.6,11.169311827956989,58.67350537634409,363.7,16.992784946236558,67.49350537634409,0
2010,63,Puy-de-Dôme,FR_63,45.719,3.184,8.518934426229508,4.013401801552391,13.4629333030853,270.9,0.0,0.41795,,0.41795,0.41795,modis,,,1,0,1,303.0,342.0,355.0,65.0,478.0,6.6,agreste_saa,3,1,130.2,10.226049382716049,62.08390083632019,240.3,19.093709677419355,68.86556750298686,0
2011,63,Puy-de-Dôme,FR_63,45.719,3.184,11.834811827956988,6.826920477423066,17.647768550474545,119.5,0.0,0.41435,,0.41435,0.41435,modis,,,1,0,1,303.0,342.0,355.0,65.0,478.0,5.8,agreste_saa,3,1,112.1,12.525289179841598,65.37699480904709,141.79999999999998,17.79728494623656,73.17043743199791,0
2012,63,Puy-de-Dôme,FR_63,45.719,3.184,10.759023687135317,6.119398385033578,16.021217257318952,85.6,0.0,0.36335,,0.36335,0.36335,modis,,,1,0,1,303.0,342.0,355.0,65.0,478.0,6.6,agreste_saa,3,1,146.2,11.040266387218274,61.965860751080086,110.4,18.849950149551347,70.82069946075751,0
2013,63,Puy-de-Dôme,FR_63,45.719,3.184,10.25508064516129,6.057318563064587,15.08967613130084,151.8,0.0,0.4271,,0.4271,0.4271,modis,,,1,0,1,303.0,342.0,355.0,65.0,478.0,7.1,agreste_saa,3,1,135.1,9.122724014336915,59.77032258064516,49.0,19.191075268817205,65.75032258064516,0
2014,63,Puy-de-Dôme,FR_63,45.719,3.184,11.42077314165498,6.999603807939576,16.686998344048316,200.2,0.0,0.3919,,0.3919,0.3919,modis,,,1,0,1,303.0,342.0,355.0,65.0,478.0,6.6,agreste_saa,3,1,85.2,11.058778130324932,63.37773224043716,116.3,19.221666666666664,71.61966772430813,1
2015,63,Puy-de-Dôme,FR_63,45.719,3.184,10.441759792626728,4.942751990241397,16.341417058632715,94.0,0.0,0.42255,,,0.42255,modis,,,1,0,1,303.0,342.0,355.0,65.0,478.0,6.093,agreste_saa,4,1,67.7,11.748082437275984,69.6673365062577,39.0,21.18493169398907,77.61411069980609,1
2016,63,Puy-de-Dôme,FR_63,45.719,3.184,9.548166314119513,4.83400398920335,15.084400676775294,138.8,0.0,0.3992,,,0.3992,modis,,,1,0,1,303.0,342.0,355.0,65.0,478.0,5.996,agreste_saa,4,1,152.10000000000002,9.869451495387509,61.262580645161286,101.5,19.037768817204302,67.68389212057113,0
2017,63,Puy-de-Dôme,FR_63,45.719,3.184,9.815940860215054,5.414782165368928,14.950972376714867,106.5,0.0,0.39575,,,0.39575,modis,,,1,0,1,303.0,342.0,355.0,65.0,478.0,6.093999999999999,agreste_saa,4,1,99.6,11.61293025442153,66.56611927642737,71.69999999999999,20.75721264367816,76.35321605062092,1
2018,63,Puy-de-Dôme,FR_63,45.719,3.184,11.49790875234282,6.53877616920458,17.220983208861178,71.8,0.0,0.3363,0.3900983480423711,,0.3900983480423711,s2,72.0,15.389124,1,1,1,303.0,342.0,355.0,65.0,478.0,5.99,agreste_saa,1,1,139.5,12.022653544742118,69.23081009659194,40.9,20.449166666666667,76.9662939675597,0
2019,63,Puy-de-Dôme,FR_63,45.719,3.184,11.612560802021076,7.050787064095071,16.73301180698678,175.1,0.0,0.37465,0.4806070826306914,,0.4806070826306914,s2,41.0,18.76436375,1,1,1,303.0,342.0,355.0,65.0,478.0,4.695,agreste_saa,1,1,74.0,10.754612785710089,66.55903225806452,89.3,21.65825268817204,75.58034373347435,1
2020,63,Puy-de-Dôme,FR_63,45.719,3.184,11.009475806451611,5.9819011839279295,16.38241746409598,92.9,0.0,0.36485,0.4426009643076113,,0.4426009643076113,s2,54.0,8.742785999999999,1,1,1,303.0,342.0,355.0,65.0,478.0,5.885,agreste_saa,1,1,89.5,12.259641577060933,66.85935483870968,81.6,19.059381720430107,74.897688172043,1
2021,63,Puy-de-Dôme,FR_63,45.719,3.184,9.900806451612905,5.4625,15.138360215053762,267.4,0.0,0.39545,0.4239713199906576,,0.4239713199906576,s2,52.0,12.685741,1,1,1,303.0,342.0,355.0,65.0,478.0,5.746,agreste_saa,1,1,105.3,9.828548387096774,60.40263440860215,248.2,19.218172043010757,67.92198924731183,1
2022,63,Puy-de-Dôme,FR_63,45.719,3.184,12.090013440860217,7.3341935483870975,17.513870967741937,190.1,0.0,0.4216499999999999,0.2936352645537423,,0.2936352645537423,s2,87.0,7.99675475,1,1,1,303.0,342.0,355.0,65.0,478.0,5.388,agreste_saa,1,1,70.2,12.279014336917562,70.48166666666667,208.2,21.155376344086022,79.14779569892474,1
2023,63,Puy-de-Dôme,FR_63,45.719,3.184,12.749287634408605,7.776760752688172,18.57099462365592,162.7,0.0,0.3703999999999999,0.3272398658694024,,0.3272398658694024,s2,83.0,1.7618105,1,1,1,303.0,342.0,355.0,65.0,478.0,6.589,agreste_saa,1,1,172.8,11.575304659498208,67.58559139784947,216.2,21.087096774193547,76.90010752688173,0
2024,63,Puy-de-Dôme,FR_63,45.719,3.184,10.91771505376344,6.999395161290323,15.748091397849462,209.9,0.0,0.38905,0.3425840072494367,,0.3425840072494367,s2,34.0,15.8695055,1,1,1,303.0,342.0,355.0,65.0,478.0,6.189,agreste_saa,1,1,301.4,11.737204301075268,64.6418817204301,161.8,19.620779569892477,74.45317204301075,0
2010,64,Pyrénées-Atlantiques,FR_64,43.344,-0.605,11.135661621608774,6.698348193917044,16.47428032638824,669.8,0.0,,,,,none,,,0,0,0,221.0,252.0,527.0,58.0,598.0,5.8,agreste_saa,6,1,379.1,12.121455636017847,66.5538231292517,234.4,19.540857142857146,75.44608119376782,0
2011,64,Pyrénées-Atlantiques,FR_64,43.344,-0.605,13.722035434051564,8.975760737556541,19.30959456378693,518.4,0.0,,,,,none,,,0,0,0,221.0,252.0,527.0,58.0,598.0,5.8,agreste_saa,6,1,232.8,14.327504901611716,69.7375243919416,339.2,18.49395645645646,79.97042761774806,0
2012,64,Pyrénées-Atlantiques,FR_64,43.344,-0.605,12.708179653679654,8.167621848503112,18.15551445102764,448.2,0.0,,,,,none,,,0,0,0,221.0,252.0,527.0,58.0,598.0,6.8,agreste_saa,6,1,459.5,12.480756838332391,65.61356519677572,210.2,19.36790540540541,76.17808132580798,0
2013,64,Pyrénées-Atlantiques,FR_64,43.344,-0.605,12.535124197156671,8.154035715456752,17.714123055325416,599.6,0.0,,,,,none,,,0,0,0,221.0,252.0,527.0,58.0,598.0,5.0,agreste_saa,6,1,555.3,11.237335166335166,63.6594629241726,257.9,19.79568817204301,73.30338184309153,0
2014,64,Pyrénées-Atlantiques,FR_64,43.344,-0.605,13.690719621181806,8.93896054268133,19.43573899981252,394.1,0.0,,,,,none,,,0,0,0,221.0,252.0,527.0,58.0,598.0,5.2,agreste_saa,6,1,484.1,12.484386426021764,66.52665022030624,251.9,19.536420795795795,76.52600086965688,0
2015,64,Pyrénées-Atlantiques,FR_64,43.344,-0.605,12.86227700850756,7.425738774180742,18.972551686285406,303.2,0.0,,,,,none,,,0,0,0,221.0,252.0,527.0,58.0,598.0,6.1,agreste_saa,6,1,283.2,12.968097062579822,70.7011374787034,153.2,20.625874125874127,80.15603943948771,0
2016,64,Pyrénées-Atlantiques,FR_64,43.344,-0.605,12.583035190615837,7.733822708501745,18.373034239809407,378.5,0.0,,,,,none,,,0,0,0,221.0,252.0,527.0,58.0,598.0,5.5,agreste_saa,6,1,354.9,11.844316076811696,65.48324719733368,141.8,19.427084967320265,74.38711816507562,0
2017,64,Pyrénées-Atlantiques,FR_64,43.344,-0.605,11.772926252646842,6.769170032878016,17.400840830535998,495.1,0.0,,,,,none,,,0,0,0,221.0,252.0,527.0,58.0,598.0,6.2,agreste_saa,6,1,338.4,13.562461852933817,70.41695545127456,226.2,20.502204301075267,81.69179416095199,0
2018,64,Pyrénées-Atlantiques,FR_64,43.344,-0.605,13.237308858909596,8.785320049231814,18.584966211484595,310.1,0.0,,0.3809489135063956,,0.3809489135063956,s2,77.0,12.9156445,0,1,1,221.0,252.0,527.0,58.0,598.0,4.5,agreste_saa,2,1,396.4,12.68190681003584,70.31181762323698,416.0,20.78853246753247,79.62278536517246,0
2019,64,Pyrénées-Atlantiques,FR_64,43.344,-0.605,13.443781116279556,9.287571229317551,18.50372986957546,599.8,0.0,,0.5777056753540516,,0.5777056753540516,s2,70.0,15.5952895,0,1,1,221.0,252.0,527.0,58.0,598.0,6.5,agreste_saa,2,1,416.2,12.289674807644063,66.94165463015288,243.8,20.416960264900663,77.70294495273352,0
2020,64,Pyrénées-Atlantiques,FR_64,43.344,-0.605,12.602520876970342,7.257340115077412,18.296845264316502,912.5,0.0,,0.3234438961759637,,0.3234438961759637,s2,57.0,13.84678025,0,1,1,221.0,252.0,527.0,58.0,598.0,4.7,agreste_saa,2,1,479.3,14.039206485897664,70.81331358681712,157.7,19.32235686848363,80.76233319466024,0
2021,64,Pyrénées-Atlantiques,FR_64,43.344,-0.605,12.56637634408602,8.178612903225806,18.01778494623656,733.5,0.0,,0.2798729668833906,,0.2798729668833906,s2,58.0,5.897660999999999,0,1,1,221.0,252.0,527.0,58.0,598.0,5.4,agreste_saa,2,1,320.2,12.143089605734769,65.22548387096774,294.20000000000005,19.499397849462365,75.42806451612904,0
2022,64,Pyrénées-Atlantiques,FR_64,43.344,-0.605,14.649333333333333,9.957279569892474,20.30824731182796,906.1,0.0,,0.2510180751136609,,0.2510180751136609,s2,116.0,16.6682925,0,1,1,221.0,252.0,527.0,58.0,598.0,5.001,agreste_saa,2,1,368.7000000000001,13.416537634408604,72.98789247311828,285.90000000000003,21.718494623655918,83.68660215053764,0
2023,64,Pyrénées-Atlantiques,FR_64,43.344,-0.605,14.763064516129033,10.30410752688172,20.246403225806453,1178.6,0.0,,0.3726099719590054,,0.3726099719590054,s2,105.0,15.316667,0,1,1,221.0,252.0,527.0,58.0,598.0,5.0,agreste_saa,2,1,835.2,13.762136200716846,71.15139784946237,711.4,20.95959139784946,83.20559139784946,0
2024,64,Pyrénées-Atlantiques,FR_64,43.344,-0.605,13.092263440860217,9.028747311827956,18.072983870967743,1718.7,0.0,,0.2634633279516724,,0.2634633279516724,s2,51.0,20.1092785,0,1,1,221.0,252.0,527.0,58.0,598.0,4.5,agreste_saa,2,1,721.2,13.186279569892472,68.17911827956989,420.2000000000001,20.052720430107527,79.66427956989247,0
2010,65,Hautes-Pyrénées,FR_65,43.134,0.204,10.261324694698391,5.653487170349252,15.93567040892585,622.0999999999999,0.0,0.6913,,0.6913,0.6913,modis,,,1,0,1,302.0,251.0,447.0,60.0,749.0,6.1,agreste_saa,3,1,511.7000000000001,11.30111710883512,64.87926530499998,305.0,19.441989247311827,72.787329821129,0
2011,65,Hautes-Pyrénées,FR_65,43.134,0.204,12.915549480590489,7.736801981540859,19.02725642056605,574.9,0.0,0.72775,,0.72775,0.72775,modis,,,1,0,1,302.0,251.0,447.0,60.0,749.0,4.8,agreste_saa,3,1,336.0,13.660069291644255,67.62357952627224,400.3,18.011523224043714,77.0032543230202,0
2012,65,Hautes-Pyrénées,FR_65,43.134,0.204,11.894314024390244,7.086341442626145,17.716799160064536,545.0,0.0,0.66005,,0.66005,0.66005,modis,,,1,0,1,302.0,251.0,447.0,60.0,749.0,6.5,agreste_saa,3,1,407.5,11.895554740957968,64.06479338842975,244.2,19.108419421487604,73.9035030658491,0
2013,65,Hautes-Pyrénées,FR_65,43.134,0.204,11.617392188291866,7.093927235557304,17.13874345631052,704.3,0.0,0.6988000000000001,,0.6988000000000001,0.6988000000000001,modis,,,1,0,1,302.0,251.0,447.0,60.0,749.0,5.0,agreste_saa,3,1,655.4,10.484830842494288,61.67999683744466,288.9,19.53010752688172,70.51470758124631,0
2014,65,Hautes-Pyrénées,FR_65,43.134,0.204,12.902475125428278,7.712115939305989,19.050979733823773,492.8,0.0,0.6474500000000001,,0.6474500000000001,0.6474500000000001,modis,,,1,0,1,302.0,251.0,447.0,60.0,749.0,5.1,agreste_saa,3,1,628.1,11.950214366595262,65.28537335562561,290.4,19.34478448275862,74.54021206530302,0
2015,65,Hautes-Pyrénées,FR_65,43.134,0.204,11.982458518724508,6.386397519394732,18.5472525059044,505.7,0.0,0.72575,,,0.72575,modis,,,1,0,1,302.0,251.0,447.0,60.0,749.0,5.0,agreste_saa,4,1,383.1,12.521129024849571,70.09611766047526,201.9,20.773275862068967,79.10993879868664,0
2016,65,Hautes-Pyrénées,FR_65,43.134,0.204,11.78074348287702,6.627103950729688,18.289616098525368,397.8,0.0,0.7092499999999999,,,0.7092499999999999,modis,,,1,0,1,302.0,251.0,447.0,60.0,749.0,5.9,agreste_saa,4,1,478.1,11.302912186379928,64.21070009350163,190.7,19.20743338008415,72.32360331930809,0
2017,65,Hautes-Pyrénées,FR_65,43.134,0.204,10.96851697315424,5.8219554145665855,16.939617848865172,606.9,0.0,0.6594500000000001,,,0.6594500000000001,modis,,,1,0,1,302.0,251.0,447.0,60.0,749.0,6.086,agreste_saa,4,1,369.9,12.915055948344436,69.26719575243726,223.9,20.4783526633794,79.7018731717921,0
2018,65,Hautes-Pyrénées,FR_65,43.134,0.204,12.525496742299982,7.651282442151345,18.408888737014763,453.0,0.0,0.66025,0.6630496154367458,,0.6630496154367458,s2,38.0,10.6375135,1,1,1,302.0,251.0,447.0,60.0,749.0,4.298,agreste_saa,1,1,534.8,11.933464353483329,68.62558823115153,477.4,20.54969435954432,76.89978177953861,0
2019,65,Hautes-Pyrénées,FR_65,43.134,0.204,12.574338800036143,7.921911256438059,18.21556937291045,697.9,0.0,0.64825,0.8311205523101434,,0.8311205523101434,s2,35.0,13.9139415,1,1,1,302.0,251.0,447.0,60.0,749.0,6.898999999999999,agreste_saa,1,1,436.4,11.5194623655914,65.90583333333333,231.5,20.59872311827957,75.75583333333333,0
2020,65,Hautes-Pyrénées,FR_65,43.134,0.204,11.882096774193547,6.655374085117918,17.86277356103732,863.7,0.0,0.70275,0.5043399901360142,,0.5043399901360142,s2,29.0,9.5948125,1,1,1,302.0,251.0,447.0,60.0,749.0,3.499,agreste_saa,1,1,575.3,13.44980286738351,69.5783064516129,238.1,19.284206989247316,78.91782258064516,0
2021,65,Hautes-Pyrénées,FR_65,43.134,0.204,11.766404569892472,7.11111559139785,17.62442876344086,672.4,0.0,0.7463500000000001,0.8694489034979365,,0.8694489034979365,s2,29.0,5.6847715,1,1,1,302.0,251.0,447.0,60.0,749.0,5.798,agreste_saa,1,1,279.8,11.472025089605737,63.92034946236559,254.2,19.442056451612903,73.30018817204301,0
2022,65,Hautes-Pyrénées,FR_65,43.134,0.204,13.760073924731184,8.621135752688172,20.03518817204301,494.0,0.0,0.63375,0.3322596508610595,,0.3322596508610595,s2,58.0,11.73520525,1,1,1,302.0,251.0,447.0,60.0,749.0,4.5,agreste_saa,1,1,337.9,12.94589605734767,72.55279569892473,235.1,21.76239247311828,82.36247311827957,0
2023,65,Hautes-Pyrénées,FR_65,43.134,0.204,13.80402553763441,8.785168010752688,19.93225806451613,781.4,0.0,0.7212000000000001,0.2763847680381057,,0.2763847680381057,s2,56.0,14.53838725,1,1,1,302.0,251.0,447.0,60.0,749.0,5.698,agreste_saa,1,1,596.4000000000001,12.884928315412187,68.87680107526882,539.5,20.601733870967745,79.85825268817204,0
2024,65,Hautes-Pyrénées,FR_65,43.134,0.204,12.43455737856878,8.3240067667779,17.520395810159435,875.9,0.0,0.6649,0.5219543349832348,,0.5219543349832348,s2,28.0,21.443155,1,1,1,302.0,251.0,447.0,60.0,749.0,4.797,agreste_saa,1,1,685.8,12.537759856630824,67.03663978494625,276.2,20.093131720430108,77.7995430107527,0
2010,66,Pyrénées-Orientales,FR_66,42.6035,2.58,13.07763663427726,9.360097996007507,17.21699978011943,447.7,0.0,0.7548,,0.7548,0.7548,modis,,,1,0,1,253.0,408.0,338.0,72.0,488.0,2.786,agreste_saa,3,1,427.2000000000001,13.09436974789916,75.31023342670402,82.5,22.626307189542484,84.53572362278244,0
2011,66,Pyrénées-Orientales,FR_66,42.6035,2.58,15.839370967741935,12.189294827277552,20.134997183537664,345.9,0.0,0.72515,,0.72515,0.72515,modis,,,1,0,1,253.0,408.0,338.0,72.0,488.0,3.0,agreste_saa,3,1,425.9,15.132851851851852,76.21008390743685,243.2,20.934764175940646,87.26808390743685,0
2012,66,Pyrénées-Orientales,FR_66,42.6035,2.58,14.26091324653196,10.890489083900206,18.328750422558944,526.9,0.0,0.6689499999999999,,0.6689499999999999,0.6689499999999999,modis,,,1,0,1,253.0,408.0,338.0,72.0,488.0,3.0,agreste_saa,3,1,308.7,14.02458764772193,74.76948827205031,38.6,22.37076589024872,86.81529472366321,0
2013,66,Pyrénées-Orientales,FR_66,42.6035,2.58,14.159330970474567,10.542265125747267,18.539254148629148,361.6,0.0,0.6889000000000001,,0.6889000000000001,0.6889000000000001,modis,,,1,0,1,253.0,408.0,338.0,72.0,488.0,4.0,agreste_saa,3,1,511.8,12.414257048995305,70.55531852194709,140.5,21.76505747126437,80.77288608951464,0
2014,66,Pyrénées-Orientales,FR_66,42.6035,2.58,15.486216901721292,11.785015105379664,20.16115269000724,859.1999999999999,0.0,0.7102999999999999,,0.7102999999999999,0.7102999999999999,modis,,,1,0,1,253.0,408.0,338.0,72.0,488.0,2.9,agreste_saa,3,1,261.4,14.146234637441898,75.07954936341058,212.4,21.94576056338028,86.33022503908626,0
2015,66,Pyrénées-Orientales,FR_66,42.6035,2.58,14.622726282425738,10.681095374217277,19.329569623448563,231.40000000000003,0.0,0.7138,,,0.7138,modis,,,1,0,1,253.0,408.0,338.0,72.0,488.0,3.0,agreste_saa,4,1,309.40000000000003,14.385763037003384,79.5592335554546,114.9,23.839305555555555,90.83590022212128,0
2016,66,Pyrénées-Orientales,FR_66,42.6035,2.58,15.043646976679234,11.106218094569789,19.56497387139303,354.9,0.0,0.7457,,,0.7457,modis,,,1,0,1,253.0,408.0,338.0,72.0,488.0,2.8,agreste_saa,4,1,293.6,13.044280453675064,73.81775817133091,72.7,22.430814569536423,83.99447050009803,0
2017,66,Pyrénées-Orientales,FR_66,42.6035,2.58,13.473032854384371,9.62966172232728,18.166074099850352,218.4,0.0,0.7339500000000001,,,0.7339500000000001,modis,,,1,0,1,253.0,408.0,338.0,72.0,488.0,4.3,agreste_saa,4,1,200.3,14.831604582945976,78.23495029522418,128.0,23.168777950612483,90.83236965006289,0
2018,66,Pyrénées-Orientales,FR_66,42.6035,2.58,15.31990598142666,11.67003220429381,19.69940679647206,865.5,0.0,0.7406,0.838234453127257,,0.838234453127257,s2,44.0,9.5516715,1,1,1,253.0,408.0,338.0,72.0,488.0,3.5,agreste_saa,1,1,469.8,13.795579378780618,77.93080396912659,121.1,23.331387755102043,88.04951364654593,0
2019,66,Pyrénées-Orientales,FR_66,42.6035,2.58,15.023221447253706,11.188221481714631,19.420087568986787,565.4,0.0,0.7635000000000001,0.816661305886137,,0.816661305886137,s2,47.0,16.233599750000003,1,1,1,253.0,408.0,338.0,72.0,488.0,3.5,agreste_saa,1,1,265.20000000000005,13.638458007303075,75.1957677357223,133.89999999999998,23.1898635235732,87.29510106905563,0
2020,66,Pyrénées-Orientales,FR_66,42.6035,2.58,13.963731182795698,10.046285003654308,18.460631186533583,419.0,0.0,0.7774000000000001,0.8480050664977833,,0.8480050664977833,s2,39.0,7.458361,1,1,1,253.0,408.0,338.0,72.0,488.0,2.993,agreste_saa,1,1,622.3,14.618261909848323,77.09786035469907,242.8,22.125510822510822,88.10580737456661,0
2021,66,Pyrénées-Orientales,FR_66,42.6035,2.58,14.423833333333333,10.875693548387098,18.66282258064516,768.0,0.0,0.71305,0.8684811861182782,,0.8684811861182782,s2,37.0,18.93345575,1,1,1,253.0,408.0,338.0,72.0,488.0,3.3920000000000003,agreste_saa,1,1,240.4,13.23421505376344,75.16227956989248,90.3,23.21852688172043,86.13969892473118,0
2022,66,Pyrénées-Orientales,FR_66,42.6035,2.58,16.17641935483871,12.427381720430107,20.508129032258065,399.5,0.0,0.65865,0.4967984934086629,,0.4967984934086629,s2,54.0,11.095039,1,1,1,253.0,408.0,338.0,72.0,488.0,4.495,agreste_saa,1,1,588.1,14.495813620071688,81.86808602150538,53.7,24.696451612903225,92.88034408602152,0
2023,66,Pyrénées-Orientales,FR_66,42.6035,2.58,16.003725806451612,11.81998387096774,20.975913978494624,323.7,0.0,0.6882,0.4946176230828796,,0.4946176230828796,s2,78.0,5.362974,1,1,1,253.0,408.0,338.0,72.0,488.0,1.955,agreste_saa,1,1,294.8,14.693182795698926,79.85430107526881,239.2,23.935440860215053,91.95043010752688,0
2024,66,Pyrénées-Orientales,FR_66,42.6035,2.58,14.914247311827957,11.415112037237495,18.981478963700656,716.1,0.0,0.63235,0.5322251971601721,,0.5322251971601721,s2,27.0,11.841207,1,1,1,253.0,408.0,338.0,72.0,488.0,1.789,agreste_saa,1,1,782.7,14.434272401433692,75.81225806451613,159.60000000000002,22.679559139784946,88.66193548387096,0
2010,67,Bas-Rhin,FR_67,48.714,7.54,7.243387096774193,3.4688844086021504,11.432795698924732,1298.8,0.0,0.264,,0.264,0.264,modis,,,1,0,1,321.0,144.0,535.0,68.0,382.0,7.199,agreste_saa,3,1,787.1999999999999,10.00121863799283,64.06204301075269,638.0,20.074354838709677,70.15236559139784,0
2011,67,Bas-Rhin,FR_67,48.714,7.54,9.6675,5.629099462365592,14.253467741935484,825.3,0.0,0.4426,,0.4426,0.4426,modis,,,1,0,1,321.0,144.0,535.0,68.0,382.0,6.696,agreste_saa,3,1,304.2,12.672096774193548,66.3816129032258,658.5,18.07782258064516,74.17193548387097,0
2012,67,Bas-Rhin,FR_67,48.714,7.54,9.0409811827957,4.917069892473118,13.718400537634407,1334.2,0.0,0.4132,,0.4132,0.4132,modis,,,1,0,1,321.0,144.0,535.0,68.0,382.0,6.789,agreste_saa,3,1,639.7,11.832724014336918,64.10784946236559,726.0999999999999,18.81290322580645,73.12397849462366,0
2013,67,Bas-Rhin,FR_67,48.714,7.54,9.34725806451613,5.656034946236559,13.606774193548386,1424.9,0.0,0.50695,,0.50695,0.50695,modis,,,1,0,1,321.0,144.0,535.0,68.0,382.0,7.198,agreste_saa,3,1,761.0,8.991379928315412,64.00424731182795,442.5,20.287634408602152,67.54940860215054,0
2014,67,Bas-Rhin,FR_67,48.714,7.54,10.473938172043011,7.124771505376344,14.694059139784946,909.3,0.0,0.5053000000000001,,0.5053000000000001,0.5053000000000001,modis,,,1,0,1,321.0,144.0,535.0,68.0,382.0,7.391,agreste_saa,3,1,446.6,11.9297311827957,65.93510752688172,309.2,19.41247311827957,74.61413978494625,0
2015,67,Bas-Rhin,FR_67,48.714,7.54,10.101868279569892,5.955631720430108,14.787069892473118,809.9,0.0,0.5359,,,0.5359,modis,,,1,0,1,321.0,144.0,535.0,68.0,382.0,8.291,agreste_saa,4,1,557.8,11.160448028673835,67.4158064516129,314.0,20.593037634408603,74.6674193548387,0
2016,67,Bas-Rhin,FR_67,48.714,7.54,8.588440860215053,4.530994623655914,13.361908602150535,615.8,0.0,0.46755,,,0.46755,modis,,,1,0,1,321.0,144.0,535.0,68.0,382.0,4.87,agreste_saa,4,1,1039.7,10.098870967741936,63.11510752688172,456.85,19.438279569892472,69.17317204301075,0
2017,67,Bas-Rhin,FR_67,48.714,7.54,9.013709677419357,5.114986559139784,13.697459677419356,1260.6,0.0,0.49075,,,0.49075,modis,,,1,0,1,321.0,144.0,535.0,68.0,382.0,7.795,agreste_saa,4,1,675.6,11.813351254480288,67.45,572.6,20.68481182795699,76.80967741935484,0
2018,67,Bas-Rhin,FR_67,48.714,7.54,10.04872311827957,5.3042473118279565,15.277916666666666,435.2000000000001,0.0,0.33925,0.4444176308547608,,0.4444176308547608,s2,56.0,14.942327,1,1,1,321.0,144.0,535.0,68.0,382.0,7.2,agreste_saa,1,1,546.4,12.25241935483871,74.27451612903226,274.1,21.36508064516129,79.4874193548387,0
2019,67,Bas-Rhin,FR_67,48.714,7.54,9.930672043010752,5.979731182795699,14.376532258064517,712.2,0.0,0.438,0.5588482210246817,,0.5588482210246817,s2,23.0,24.859057,1,1,1,321.0,144.0,535.0,68.0,382.0,7.6,agreste_saa,1,1,744.3,10.86879928315412,66.3391935483871,303.5,21.248655913978496,75.10370967741936,0
2020,67,Bas-Rhin,FR_67,48.714,7.54,9.921868279569892,5.834408602150537,14.52954301075269,552.5,0.0,0.3440499999999999,0.2342242617205153,,0.2342242617205153,s2,43.0,20.35456225,1,1,1,321.0,144.0,535.0,68.0,382.0,7.7,agreste_saa,1,1,365.8,11.986218637992833,67.23704301075269,331.8,19.43032258064516,74.81930107526881,0
2021,67,Bas-Rhin,FR_67,48.714,7.54,9.200376344086022,5.242759856630824,13.668485663082436,541.2,0.0,0.45785,0.6614823631605282,,0.6614823631605282,s2,30.0,2.720026,1,1,1,321.0,144.0,535.0,68.0,382.0,7.2,agreste_saa,1,1,597.7,9.12373954599761,60.99903225806452,767.4,20.07465949820789,67.52053763440861,0
2022,67,Bas-Rhin,FR_67,48.714,7.54,10.685286738351255,7.007670250896057,15.016559139784947,1072.8,0.0,0.52095,0.471264367816092,,0.471264367816092,s2,36.0,14.803122,1,1,1,321.0,144.0,535.0,68.0,382.0,7.197,agreste_saa,1,1,322.4,11.661481481481482,71.0947311827957,329.4,21.659982078853048,78.30440860215054,0
2023,67,Bas-Rhin,FR_67,48.714,7.54,11.586962365591395,7.499301075268817,16.209014336917562,934.9,0.0,0.3878,0.3440522587643454,,0.3440522587643454,s2,70.0,3.6543545,1,1,1,321.0,144.0,535.0,68.0,382.0,7.697,agreste_saa,1,1,501.2000000000001,11.314886499402627,68.6299641577061,399.4,21.495340501792118,76.93534050179211,0
2024,67,Bas-Rhin,FR_67,48.714,7.54,9.763684338687668,6.453022195155531,13.49998379276467,875.8,0.0,0.39765,0.440419568985005,,0.440419568985005,s2,28.0,11.42486325,1,1,1,321.0,144.0,535.0,68.0,382.0,6.5,agreste_saa,1,1,777.0999999999999,12.114874551971326,66.8978853046595,581.0,19.89060931899641,76.1258422939068,0
2010,68,Haut-Rhin,FR_68,47.7805,7.275,7.1688888888888895,3.2114845670396472,11.44530727719383,1355.4,0.0,0.36535,,0.36535,0.36535,modis,,,1,0,1,279.0,230.0,491.0,61.0,586.0,7.199,agreste_saa,3,1,843.5,9.591218637992831,62.25519713261649,507.1,19.602598566308245,67.97885304659498,0
2011,68,Haut-Rhin,FR_68,47.7805,7.275,9.754722222222222,5.5334498207885305,14.916738351254482,1139.7,0.0,0.54805,,0.54805,0.54805,modis,,,1,0,1,279.0,230.0,491.0,61.0,586.0,8.083,agreste_saa,3,1,477.9,12.052831541218636,64.32025089605735,809.8,17.586792114695342,71.3320788530466,0
2012,68,Haut-Rhin,FR_68,47.7805,7.275,8.966111111111111,5.197548052306117,13.3924074723391,1512.2,0.0,0.5288,,0.5288,0.5288,modis,,,1,0,1,279.0,230.0,491.0,61.0,586.0,7.095000000000001,agreste_saa,3,1,745.6,11.034062126642771,62.03286738351254,928.8,18.513189964157704,70.12856630824373,0
2013,68,Haut-Rhin,FR_68,47.7805,7.275,9.075080645161291,5.334515934237182,13.421749649368865,1693.9,0.0,0.5807,,0.5807,0.5807,modis,,,1,0,1,279.0,230.0,491.0,61.0,586.0,7.397,agreste_saa,3,1,879.25,8.491959378733574,60.67455197132617,720.9000000000001,19.35148745519713,64.17885304659498,0
2014,68,Haut-Rhin,FR_68,47.7805,7.275,10.28905017921147,6.536022616300675,14.618206986250463,1110.0,0.0,0.5639000000000001,,0.5639000000000001,0.5639000000000001,modis,,,1,0,1,279.0,230.0,491.0,61.0,586.0,8.190999999999999,agreste_saa,3,1,609.4,11.186224611708482,63.58482156771077,564.5,18.979202898550724,71.5170796322269,0
2015,68,Haut-Rhin,FR_68,47.7805,7.275,9.83132653807344,5.308312533091295,14.912429566789276,763.2,0.0,0.51735,,,0.51735,modis,,,1,0,1,279.0,230.0,491.0,61.0,586.0,8.448,agreste_saa,4,1,766.3,11.021652542372882,67.69116344492693,480.7000000000001,20.77976957557081,74.62449677826027,0
2016,68,Haut-Rhin,FR_68,47.7805,7.275,8.367084820154153,4.193514263642894,13.16877319077505,719.9000000000001,0.0,0.545,,,0.545,modis,,,1,0,1,279.0,230.0,491.0,61.0,586.0,5.479,agreste_saa,4,1,1148.25,9.720618345203324,62.00683332388565,537.5,19.22372881355932,67.60931266272861,0
2017,68,Haut-Rhin,FR_68,47.7805,7.275,8.91878486341837,4.81586123677633,13.66892393917462,1337.0,0.0,0.47605,,,0.47605,modis,,,1,0,1,279.0,230.0,491.0,61.0,586.0,7.697,agreste_saa,4,1,833.8000000000001,11.590189190430271,67.29531287091108,556.2,20.862782485875705,76.49613254304222,0
2018,68,Haut-Rhin,FR_68,47.7805,7.275,9.858434139784949,5.247009408602151,15.093870967741935,784.4,0.0,0.4992999999999999,0.6474329095962754,,0.6474329095962754,s2,63.0,13.25741125,1,1,1,279.0,230.0,491.0,61.0,586.0,7.5,agreste_saa,1,1,646.0,11.919119980091454,72.15873972169513,430.1,20.817083333333336,77.39152660694103,0
2019,68,Haut-Rhin,FR_68,47.7805,7.275,9.890443548387095,5.858918010752689,14.353965053763442,1251.4,0.0,0.5628,0.5882661079099005,,0.5882661079099005,s2,39.0,24.3210505,1,1,1,279.0,230.0,491.0,61.0,586.0,8.1,agreste_saa,1,1,831.0,10.160985663082435,63.972365591397846,749.3,20.951155913978496,72.38526881720429,0
2020,68,Haut-Rhin,FR_68,47.7805,7.275,9.773030913978491,5.67190188172043,14.575752688172043,1086.5,0.0,0.5527500000000001,0.5207639665053757,,0.5207639665053757,s2,64.0,22.3058555,1,1,1,279.0,230.0,491.0,61.0,586.0,8.4,agreste_saa,1,1,578.6,11.701290322580643,66.63462365591398,416.3,19.36739247311828,73.8386559139785,0
2021,68,Haut-Rhin,FR_68,47.7805,7.275,8.524698924731183,4.52460752688172,13.069430107526882,853.0,0.0,0.50775,,,0.50775,modis,48.0,5.94830825,1,1,1,279.0,230.0,491.0,61.0,586.0,7.3,agreste_saa,2,1,720.45,8.458179211469535,57.35096774193549,841.8,18.989182795698923,63.35290322580645,0
2022,68,Haut-Rhin,FR_68,47.7805,7.275,10.28531182795699,6.5772526881720434,14.423763440860215,1313.2,0.0,0.55355,0.3573718938852016,,0.3573718938852016,s2,57.0,11.17900325,1,1,1,279.0,230.0,491.0,61.0,586.0,7.45,agreste_saa,1,1,760.4,11.040802867383514,68.07167741935484,463.3,20.94624731182796,75.01490322580645,0
2023,68,Haut-Rhin,FR_68,47.7805,7.275,11.195532258064516,7.000887096774194,15.995252688172044,1246.3,0.0,0.5073,0.43618195865687,,0.43618195865687,s2,80.0,7.8444445,1,1,1,279.0,230.0,491.0,61.0,586.0,7.993,agreste_saa,1,1,843.7,10.544810035842294,64.9376559139785,738.9000000000001,20.58225806451613,72.79894623655915,0
2024,68,Haut-Rhin,FR_68,47.7805,7.275,9.133358995219185,5.5936564104965285,13.129200389410606,1520.3,0.0,0.5626500000000001,0.4520993821015477,,0.4520993821015477,s2,31.0,11.87991575,1,1,1,279.0,230.0,491.0,61.0,586.0,6.998,agreste_saa,1,1,1233.5,11.300057347670249,63.71455913978494,742.3,19.304290322580645,72.50875268817204,0
2010,69,Rhône,FR_69,45.839,4.668,9.12956179950855,5.316992108503975,13.19832778419708,526.1999999999999,0.0,0.61585,,0.61585,0.61585,modis,,,1,0,1,278.0,327.0,395.0,61.0,433.0,6.0,agreste_saa,3,1,393.3,10.990230859478224,67.61971432046481,210.9,20.63981699346405,74.25032656536277,0
2011,69,Rhône,FR_69,45.839,4.668,11.540751510423837,7.523871029188598,16.03891789635095,508.1,0.0,0.5577000000000001,,0.5577000000000001,0.5577000000000001,modis,,,1,0,1,278.0,327.0,395.0,61.0,433.0,5.476,agreste_saa,3,1,170.7,13.739884966412683,70.06864784946237,373.0,18.71025806451613,78.64017102827032,0
2012,69,Rhône,FR_69,45.839,4.668,10.9509505683329,7.353048016710242,14.84815266960086,723.3,0.0,0.58065,,0.58065,0.58065,modis,,,1,0,1,278.0,327.0,395.0,61.0,433.0,6.079,agreste_saa,3,1,378.5,12.295509385821031,66.88001377640478,388.9,20.110049261083745,77.10662667963058,0
2013,69,Rhône,FR_69,45.839,4.668,10.30784294992041,6.716839656212424,14.225408451722943,625.7,0.0,0.6566000000000001,,0.6566000000000001,0.6566000000000001,modis,,,1,0,1,278.0,327.0,395.0,61.0,433.0,5.993,agreste_saa,3,1,654.3,9.739604676336867,63.23082165368929,174.89999999999998,20.13318502039303,69.48518406979667,0
2014,69,Rhône,FR_69,45.839,4.668,11.7163562296158,7.978807551845572,15.98109786878798,685.1,0.0,0.4841499999999999,,0.4841499999999999,0.4841499999999999,modis,,,1,0,1,278.0,327.0,395.0,61.0,433.0,5.590999999999999,agreste_saa,3,1,289.2,11.82950885668277,66.465945608375,343.0,19.94631821481552,75.38116299967933,0
2015,69,Rhône,FR_69,45.839,4.668,10.624217532676584,6.378849134063603,15.577548100103227,478.6,0.0,0.6486000000000001,,,0.6486000000000001,modis,,,1,0,1,278.0,327.0,395.0,61.0,433.0,5.58,agreste_saa,4,1,291.1,12.150064022648174,73.53604955586722,160.6,22.61602657004831,81.68224520804114,0
2016,69,Rhône,FR_69,45.839,4.668,9.75859301054748,5.912346827423973,14.086204819984989,382.7,0.0,0.67675,,,0.67675,modis,,,1,0,1,278.0,327.0,395.0,61.0,433.0,5.997,agreste_saa,4,1,499.6,10.44464194964195,64.6773145785221,247.0,20.00246359556736,71.33885304006057,0
2017,69,Rhône,FR_69,45.839,4.668,9.673715109543547,5.644895626146901,14.174071102210778,363.2,0.0,0.5724500000000001,,,0.5724500000000001,modis,,,1,0,1,278.0,327.0,395.0,61.0,433.0,6.770999999999999,agreste_saa,4,1,307.0,12.379803763411514,70.55387245590245,175.0,21.81883279277871,80.77707687579196,0
2018,69,Rhône,FR_69,45.839,4.668,11.576073415323036,7.3094958689417,16.217698153540063,320.6,0.0,0.5025999999999999,0.3854072055706932,,0.3854072055706932,s2,49.0,17.095008,1,1,1,278.0,327.0,395.0,61.0,433.0,6.184,agreste_saa,1,1,382.9,12.526199321606647,73.3226798814816,271.3,21.532524829298573,80.64364762341708,0
2019,69,Rhône,FR_69,45.839,4.668,11.500299878646208,7.587373601011739,15.75765210961377,616.7,0.0,0.61385,0.3487546462034434,,0.3487546462034434,s2,30.0,24.53909,1,1,1,278.0,327.0,395.0,61.0,433.0,6.561,agreste_saa,1,1,265.0,11.114585421060571,68.39301675977654,225.5,22.130094729171727,77.60394572152518,0
2020,69,Rhône,FR_69,45.839,4.668,11.014900653129384,6.978237050665999,15.470141355917436,524.2,0.0,0.57725,0.5399574597386814,,0.5399574597386814,s2,35.0,11.299233,1,1,1,278.0,327.0,395.0,61.0,433.0,5.804,agreste_saa,1,1,250.1,12.755407400806616,70.42697366370578,186.7,20.27844202898551,78.82310626039087,0
2021,69,Rhône,FR_69,45.839,4.668,9.862956989247312,6.119162186379929,14.015470430107529,990.6,0.0,0.5887,0.3686804225703357,,0.3686804225703357,s2,38.0,8.158968250000001,1,1,1,278.0,327.0,395.0,61.0,433.0,6.587000000000001,agreste_saa,1,1,692.0,10.11436678614098,62.5084229390681,610.2,19.891532258064515,70.12616487455198,0
2022,69,Rhône,FR_69,45.839,4.668,12.375524193548388,8.494507168458782,16.75033154121864,866.5,0.0,0.67665,,,0.67665,modis,57.0,25.715959,1,1,1,278.0,327.0,395.0,61.0,433.0,5.475,agreste_saa,2,1,232.3,12.710291904808033,73.95677177177177,552.7,22.40972222222222,82.95032015886855,0
2023,69,Rhône,FR_69,45.839,4.668,12.788297491039426,8.30187724014337,17.84010752688172,1205.3,0.0,0.5706,0.2859714371062227,,0.2859714371062227,s2,82.0,2.32220125,1,1,1,278.0,327.0,395.0,61.0,433.0,6.581,agreste_saa,1,1,589.1,11.878542413381124,70.33645161290323,623.8,21.97783154121864,79.59129032258065,0
2024,69,Rhône,FR_69,45.839,4.668,10.538548387096776,7.060569283917184,14.652834646910382,1461.7,0.0,0.59125,0.2058301470926115,,0.2058301470926115,s2,25.0,16.56605175,1,1,1,278.0,327.0,395.0,61.0,433.0,5.788,agreste_saa,1,1,1400.0,11.76831541218638,66.7623835125448,535.0,20.53517025089606,76.37528673835125,0
2010,70,Haute-Saône,FR_70,47.625,6.091,7.028632774776185,3.555308754681648,11.075358848314606,0.0,0.0,0.6547000000000001,,0.6547000000000001,0.6547000000000001,modis,,,1,0,1,283.0,207.0,510.0,64.0,682.0,6.998,agreste_saa,3,1,0.0,9.971497584541062,61.883872089147104,0.0,18.933023001095293,67.78053875581378,1
2011,70,Haute-Saône,FR_70,47.625,6.091,9.80734323328023,6.151109960152651,14.34381796061195,0.0,0.0,0.68655,,0.68655,0.68655,modis,,,1,0,1,283.0,207.0,510.0,64.0,682.0,6.593999999999999,agreste_saa,3,1,0.0,12.18164257311316,62.92795951845824,0.0,16.94316425120773,70.43125622175494,1
2012,70,Haute-Saône,FR_70,47.625,6.091,8.955570682062351,5.481967311259702,12.998512999915892,0.0,0.0,0.7127000000000001,,0.7127000000000001,0.7127000000000001,modis,,,1,0,1,283.0,207.0,510.0,64.0,682.0,6.095000000000001,agreste_saa,3,1,0.0,10.86165435256228,59.47010177404295,0.0,17.948547619047616,68.48205829578208,1
2013,70,Haute-Saône,FR_70,47.625,6.091,8.947876344086021,5.817678571428571,12.724342833092832,0.0,0.0,0.75405,,0.75405,0.75405,modis,,,1,0,1,283.0,207.0,510.0,64.0,682.0,6.283,agreste_saa,3,1,0.0,8.560951674700284,59.44105137395459,0.0,19.09289127837515,63.86863758085115,1
2014,70,Haute-Saône,FR_70,47.625,6.091,10.224040522111826,6.697859547859548,14.259691558441558,0.0,0.0,0.71035,,0.71035,0.71035,modis,,,1,0,1,283.0,207.0,510.0,64.0,682.0,6.483,agreste_saa,3,1,0.0,10.824997870346706,61.550118354109344,0.0,18.582617316589555,69.64022824421923,1
2015,70,Haute-Saône,FR_70,47.625,6.091,9.41757254110333,5.225765022754178,14.382846800797717,0.0,0.0,0.7500500000000001,,,0.7500500000000001,modis,,,1,0,1,283.0,207.0,510.0,64.0,682.0,6.987,agreste_saa,4,1,0.0,10.610349965768595,66.20166951403156,0.0,20.58474801061008,73.00054591852594,1
2016,70,Haute-Saône,FR_70,47.625,6.091,8.309082813115895,4.497222674477421,12.85562004382519,0.0,0.0,0.68635,,,0.68635,modis,,,1,0,1,283.0,207.0,510.0,64.0,682.0,4.205,agreste_saa,4,1,0.0,9.227101464725072,58.90953968829287,0.0,18.34,64.36130439417522,1
2017,70,Haute-Saône,FR_70,47.625,6.091,8.322624743264468,4.681528345250255,12.523709283849731,0.0,0.0,0.6997500000000001,,,0.6997500000000001,modis,,,1,0,1,283.0,207.0,510.0,64.0,682.0,6.9,agreste_saa,4,1,0.0,11.162088568540184,64.60251692751693,0.0,20.06780303030303,73.6218717662266,1
2018,70,Haute-Saône,FR_70,47.625,6.091,10.023906763186394,5.665564399757948,14.965770376576828,0.0,0.0,0.4878,0.3335033892627114,,0.3335033892627114,s2,64.0,13.25741125,1,1,1,283.0,207.0,510.0,64.0,682.0,6.1,agreste_saa,1,1,0.0,11.325499573038504,70.34892047444805,0.0,20.749114103472717,75.47472692606095,1
2019,70,Haute-Saône,FR_70,47.625,6.091,9.813114030154187,6.2098207040757964,13.90591743333417,0.0,0.0,0.687,0.6376975169300225,,0.6376975169300225,s2,39.0,24.3210505,1,1,1,283.0,207.0,510.0,64.0,682.0,7.4,agreste_saa,1,1,0.0,9.85032179290244,63.34774193548387,0.0,20.90333333333333,71.35763204537398,1
2020,70,Haute-Saône,FR_70,47.625,6.091,9.755779569892471,5.66038153271849,14.311796019451174,0.0,0.0,0.7012,0.6422645885281482,,0.6422645885281482,s2,64.0,22.3058555,1,1,1,283.0,207.0,510.0,64.0,682.0,7.1,agreste_saa,1,1,0.0,11.571970275841243,65.2868458781362,0.0,18.79206093189964,72.30003269132301,1
2021,70,Haute-Saône,FR_70,47.625,6.091,8.592211021505376,4.742594086021505,13.032177419354838,344.4,0.0,0.66635,0.7288015060610242,,0.7288015060610242,s2,48.0,5.94830825,1,1,1,283.0,207.0,510.0,64.0,682.0,6.1,agreste_saa,1,1,372.8,8.581899641577062,57.21225806451612,471.5,18.859086021505377,63.46387096774193,0
2022,70,Haute-Saône,FR_70,47.625,6.091,10.345974462365591,6.684744623655914,14.559986559139784,947.8,0.0,0.7565999999999999,0.6128200060019424,,0.6128200060019424,s2,56.0,11.725665,1,1,1,283.0,207.0,510.0,64.0,682.0,6.7,agreste_saa,1,1,224.8,11.362777777777778,68.24645161290323,331.4,20.972204301075266,76.03274193548387,0
2023,70,Haute-Saône,FR_70,47.625,6.091,11.228790322580643,7.0220161290322585,16.003333333333334,1329.9,0.0,0.69915,0.4472477515014949,,0.4472477515014949,s2,80.0,7.8444445,1,1,1,283.0,207.0,510.0,64.0,682.0,6.5,agreste_saa,1,1,669.7,10.563154121863798,65.24193548387096,386.7,20.60002688172043,72.88951612903226,0
2024,70,Haute-Saône,FR_70,47.625,6.091,8.999765016685206,5.543681334735858,12.99368571762506,1123.0,0.0,0.75695,0.5352093042997756,,0.5352093042997756,s2,31.0,11.87991575,1,1,1,283.0,207.0,510.0,64.0,682.0,5.3,agreste_saa,1,1,949.6,11.034408602150537,62.48895161290323,568.9000000000001,19.044072580645164,71.19137096774193,0
2010,71,Saône-et-Loire,FR_71,46.6215,4.641,8.354464845772053,4.354909624305643,12.396066780007196,0.0,0.0,0.6837500000000001,,0.6837500000000001,0.6837500000000001,modis,,,1,0,1,243.0,410.0,348.0,61.0,649.0,6.5,agreste_saa,3,1,0.0,10.654664334499415,65.3578396882145,0.0,19.945836385836387,71.85566577517102,1
2011,71,Saône-et-Loire,FR_71,46.6215,4.641,10.918748291416074,6.881595441595442,15.53258176167267,186.0,0.0,0.7089000000000001,,0.7089000000000001,0.7089000000000001,modis,,,1,0,1,243.0,410.0,348.0,61.0,649.0,6.3,agreste_saa,3,1,77.4,12.952958489322128,66.91847801839738,109.2,18.16079301075269,75.18046148947175,1
2012,71,Saône-et-Loire,FR_71,46.6215,4.641,9.96397595424083,6.219286700612422,14.162428578563896,207.5,0.0,0.7469000000000001,,0.7469000000000001,0.7469000000000001,modis,,,1,0,1,243.0,410.0,348.0,61.0,649.0,6.7,agreste_saa,3,1,185.0,11.52918234611783,62.680919949937376,135.1,18.897089681598395,72.38172640155028,0
2013,71,Saône-et-Loire,FR_71,46.6215,4.641,9.75677335538572,6.0134824680303405,13.68114402868526,224.3,0.0,0.7679,,0.7679,0.7679,modis,,,1,0,1,243.0,410.0,348.0,61.0,649.0,6.2,agreste_saa,3,1,263.7,9.10165230891348,61.103422209104025,167.1,19.572113997113995,66.44918492096843,0
2014,71,Saône-et-Loire,FR_71,46.6215,4.641,10.79747542736084,6.68920349581414,15.334267503859952,303.1,0.0,0.7695500000000001,,0.7695500000000001,0.7695500000000001,modis,,,1,0,1,243.0,410.0,348.0,61.0,649.0,6.4,agreste_saa,3,1,57.3,11.216931899641578,63.89409720483938,115.9,19.30971526908636,72.27022623709745,1
2015,71,Saône-et-Loire,FR_71,46.6215,4.641,9.898750019125924,5.346951692676921,14.82333926687227,144.2,0.0,0.7904500000000001,,,0.7904500000000001,modis,,,1,0,1,243.0,410.0,348.0,61.0,649.0,7.2,agreste_saa,4,1,86.69999999999999,11.428317477138036,70.03380034344771,42.50000000000001,21.731660798122064,77.74827402765824,1
2016,71,Saône-et-Loire,FR_71,46.6215,4.641,9.116402184353294,4.979106051431417,13.64902307514087,196.8,0.0,0.7565000000000001,,,0.7565000000000001,modis,,,1,0,1,243.0,410.0,348.0,61.0,649.0,4.7,agreste_saa,4,1,186.5,9.740587342700207,61.38271532495641,115.0,19.2192183702822,67.66019876866503,0
2017,71,Saône-et-Loire,FR_71,46.6215,4.641,9.15745876766682,5.0693880674091885,13.664057453463542,201.4,0.0,0.676,,,0.676,modis,,,1,0,1,243.0,410.0,348.0,61.0,649.0,7.629,agreste_saa,4,1,113.6,11.726235633742547,67.04384226873326,119.1,20.77204136796333,76.72278963715432,0
2018,71,Saône-et-Loire,FR_71,46.6215,4.641,11.092872176177655,6.552097377576829,15.87799040701438,125.1,0.0,0.5415,0.2451168249268088,,0.2451168249268088,s2,32.0,13.5167955,1,1,1,243.0,410.0,348.0,61.0,649.0,6.4,agreste_saa,1,1,185.2,11.87613546183755,71.39591281232158,114.4,21.19568869727544,78.01978378006352,0
2019,71,Saône-et-Loire,FR_71,46.6215,4.641,11.116312353624972,7.0841175897975335,15.504154124577962,202.9,0.0,0.7026,0.5255125901409288,,0.5255125901409288,s2,22.0,15.277401,1,1,1,243.0,410.0,348.0,61.0,649.0,7.6,agreste_saa,1,1,130.70000000000002,10.70400783728853,66.44106063006858,41.9,21.581632653061224,75.27528881798804,0
2020,71,Saône-et-Loire,FR_71,46.6215,4.641,10.57292363201767,6.111875796789186,15.146195443853776,137.0,0.0,0.4331,0.8553618967648582,,0.8553618967648582,s2,26.0,8.594788000000001,1,1,1,243.0,410.0,348.0,61.0,649.0,6.5,agreste_saa,1,1,60.2,12.264680417259363,68.41935986746626,34.6,19.757396149949344,76.30883355167678,1
2021,71,Saône-et-Loire,FR_71,46.6215,4.641,9.479747311827955,5.455462365591398,13.895370967741936,742.8,0.0,0.72275,0.7676991150442479,,0.7676991150442479,s2,29.0,1.9088975,1,1,1,243.0,410.0,348.0,61.0,649.0,6.7,agreste_saa,1,1,603.5999999999999,9.43162007168459,59.415118279569896,668.4,19.08916129032258,66.47318279569893,0
2022,71,Saône-et-Loire,FR_71,46.6215,4.641,11.52220430107527,7.266971326164875,15.990067204301075,1250.5,0.0,0.76385,0.2997556437509482,,0.2997556437509482,s2,25.0,3.52736475,1,1,1,243.0,410.0,348.0,61.0,649.0,6.6,agreste_saa,1,1,385.4,12.178817855979148,71.51009156076898,583.8000000000001,21.72456093189964,79.98557543173672,0
2023,71,Saône-et-Loire,FR_71,46.6215,4.641,12.158431899641576,7.390577956989247,17.229036738351255,1701.9,0.0,0.7129000000000001,0.474382909854754,,0.474382909854754,s2,45.0,5.3364075,1,1,1,243.0,410.0,348.0,61.0,649.0,6.8,agreste_saa,1,1,848.4000000000001,11.435459976105138,68.71078853046595,781.8,21.450591397849465,77.20756272401434,0
2024,71,Saône-et-Loire,FR_71,46.6215,4.641,10.136029447702835,6.690832097392164,13.96747512668397,1515.5,0.0,0.7602,0.2897377792165749,,0.2897377792165749,s2,12.0,24.568747,1,1,1,243.0,410.0,348.0,61.0,649.0,5.2,agreste_saa,1,1,1502.2,11.332580645161292,64.37820788530466,400.75,19.774910394265238,73.54756272401434,0
2010,72,Sarthe,FR_72,48.0415,0.2115,8.772285888077858,4.946933817589703,12.81572631523941,476.1,0.0,0.6006,,0.6006,0.6006,modis,,,1,0,1,181.0,327.0,492.0,61.0,441.0,6.997,agreste_saa,3,1,204.0,10.55370951444777,63.42517675126569,142.6,19.41676436370145,70.49465727074622,0
2011,72,Sarthe,FR_72,48.0415,0.2115,12.026746878528924,8.091177818828681,16.456864643550695,383.4,0.0,0.6338,,0.6338,0.6338,modis,,,1,0,1,181.0,327.0,492.0,61.0,441.0,6.397,agreste_saa,3,1,82.7,12.74974149659864,64.19281385281386,252.6,17.3791280148423,73.00748051948052,1
2012,72,Sarthe,FR_72,48.0415,0.2115,10.377452214452214,6.724628822344747,14.230994504405082,602.0,0.0,0.64365,,0.64365,0.64365,modis,,,1,0,1,181.0,327.0,492.0,61.0,441.0,7.398999999999999,agreste_saa,3,1,376.2,10.904800030886989,57.20550190528684,286.9,17.11990155566359,66.95420320398813,0
2013,72,Sarthe,FR_72,48.0415,0.2115,10.698735209796585,6.698037293610427,14.8530550558827,331.5,0.0,0.6473,,0.6473,0.6473,modis,,,1,0,1,181.0,327.0,492.0,61.0,441.0,6.995,agreste_saa,3,1,179.6,8.884779532370631,58.54753320683112,83.29999999999998,18.748292220113854,64.1509230373396,0
2014,72,Sarthe,FR_72,48.0415,0.2115,11.558560172480398,7.373759536632682,15.989480056196156,343.8,0.0,0.7031499999999999,,0.7031499999999999,0.7031499999999999,modis,,,1,0,1,181.0,327.0,492.0,61.0,441.0,7.397,agreste_saa,3,1,312.4,11.064677664677664,61.66967840125734,155.5,18.64951101530049,70.49305502463397,0
2015,72,Sarthe,FR_72,48.0415,0.2115,11.518390529322346,7.564009676300292,15.467442376406009,397.6,0.0,0.682,,,0.682,modis,,,1,0,1,181.0,327.0,492.0,61.0,441.0,7.997,agreste_saa,4,1,254.0,11.218640692640692,63.756042858388014,113.0,18.985125325297904,71.62617272851789,0
2016,72,Sarthe,FR_72,48.0415,0.2115,10.288910224665718,6.273664746228869,14.847839397682044,213.0,0.0,0.6433500000000001,,,0.6433500000000001,modis,,,1,0,1,181.0,327.0,492.0,61.0,441.0,5.1,agreste_saa,4,1,396.2,9.805154362416108,58.72958070500928,145.0,18.06679035250464,65.5490437922576,0
2017,72,Sarthe,FR_72,48.0415,0.2115,10.443841423478286,6.629520926707921,14.642367224651707,413.2000000000001,0.0,0.49415,,,0.49415,modis,,,1,0,1,181.0,327.0,492.0,61.0,441.0,7.398999999999999,agreste_saa,4,1,281.5,11.83522049881879,65.07247849585141,109.9,19.841632183908047,75.18892586427246,0
2018,72,Sarthe,FR_72,48.0415,0.2115,11.234140430024157,6.9880996382676335,15.724829089493005,387.5,0.0,0.5902000000000001,0.6677653297627308,,0.6677653297627308,s2,36.0,9.79301475,1,1,1,181.0,327.0,492.0,61.0,441.0,6.399,agreste_saa,1,1,374.7,11.842097878921786,69.30266205781798,270.2,20.53193421052632,76.59016205781799,0
2019,72,Sarthe,FR_72,48.0415,0.2115,11.175130357931948,7.64564092736506,14.939886073000917,556.2,0.0,0.6353,0.7542893392674814,,0.7542893392674814,s2,30.0,13.186377,1,1,1,181.0,327.0,492.0,61.0,441.0,8.029,agreste_saa,1,1,229.5,11.046314700149066,64.56835179168147,110.2,20.322927529827663,73.78479916010252,0
2020,72,Sarthe,FR_72,48.0415,0.2115,11.414618986983587,7.193181883352522,15.700484265250498,436.7000000000001,0.0,0.6335999999999999,0.3459214501510573,,0.3459214501510573,s2,29.0,16.014922249999998,1,1,1,181.0,327.0,492.0,61.0,441.0,5.397,agreste_saa,1,1,211.8,12.562236559139786,65.49344086021506,168.0,18.121752688172045,73.93021505376345,0
2021,72,Sarthe,FR_72,48.0415,0.2115,10.6512688172043,6.24697311827957,15.271940860215054,785.9000000000001,0.0,0.6812,0.6552845528455286,,0.6552845528455286,s2,19.0,24.7999955,1,1,1,181.0,327.0,492.0,61.0,441.0,7.2,agreste_saa,1,1,392.9,9.811383512544802,59.01303225806451,613.4,18.680408602150536,66.79496774193548,0
2022,72,Sarthe,FR_72,48.0415,0.2115,11.764306451612905,8.104494623655913,15.976016129032258,799.0,0.0,0.71075,0.3496415014761704,,0.3496415014761704,s2,22.0,8.348642,1,1,1,181.0,327.0,492.0,61.0,441.0,7.059,agreste_saa,1,1,345.29999999999995,12.3128458781362,68.45933333333333,238.1,20.527817204301076,77.99417204301075,0
2023,72,Sarthe,FR_72,48.0415,0.2115,12.86806989247312,8.993725806451614,17.21390322580645,971.8,0.0,0.6233500000000001,0.4003715723016954,,0.4003715723016954,s2,32.0,0.6808115,1,1,1,181.0,327.0,492.0,61.0,441.0,7.798999999999999,agreste_saa,1,1,586.1,11.623913978494622,66.31060215053763,313.5,20.27168817204301,75.4151182795699,0
2024,72,Sarthe,FR_72,48.0415,0.2115,10.978747311827956,7.858844086021506,14.448876344086022,1049.5,0.0,0.6714500000000001,0.4735203995187407,,0.4735203995187407,s2,12.0,7.1844345,1,1,1,181.0,327.0,492.0,61.0,441.0,5.599,agreste_saa,1,1,852.3,11.57458064516129,62.31301075268817,411.3,18.325279569892476,71.37430107526882,0
2010,73,Savoie,FR_73,45.552,6.176,7.755359445468227,3.6807714428977727,12.640226187088937,0.0,0.0,0.6031,,0.6031,0.6031,modis,,,1,0,1,219.0,359.0,421.0,59.0,1346.0,6.0,agreste_saa,3,1,0.0,10.323180581711656,64.30038598912742,0.0,19.82389669826741,70.61733514166978,1
2011,73,Savoie,FR_73,45.552,6.176,9.685553809434266,5.421169903482775,15.319363270888562,0.0,0.0,0.6315500000000001,,0.6315500000000001,0.6315500000000001,modis,,,1,0,1,219.0,359.0,421.0,59.0,1346.0,5.5,agreste_saa,3,1,0.0,12.62557261208577,65.76631598703968,0.0,17.79808854907539,73.47289493440809,1
2012,73,Savoie,FR_73,45.552,6.176,9.096968179513183,5.201859235006843,13.779147600234706,0.0,0.0,0.63365,,0.63365,0.63365,modis,,,1,0,1,219.0,359.0,421.0,59.0,1346.0,6.5,agreste_saa,3,1,0.0,11.379375945877536,64.30732193838382,0.0,19.496532534246576,73.13119290612576,1
2013,73,Savoie,FR_73,45.552,6.176,9.119430629895067,5.267567899203042,14.038785769542644,0.0,0.0,0.73525,,0.73525,0.73525,modis,,,1,0,1,219.0,359.0,421.0,59.0,1346.0,6.5,agreste_saa,3,1,0.0,9.24715053763441,60.94017756368622,0.0,19.37894630872483,66.49934423035289,1
2014,73,Savoie,FR_73,45.552,6.176,10.642787148934955,6.253772451272947,15.72003806314964,0.0,0.0,0.682,,0.682,0.682,modis,,,1,0,1,219.0,359.0,421.0,59.0,1346.0,5.96,agreste_saa,3,1,0.0,11.116307962611566,62.82492429989028,0.0,18.713161496350367,70.77524688053543,1
2015,73,Savoie,FR_73,45.552,6.176,9.05622429198849,4.422509165089877,14.904063846841163,0.0,0.0,0.66035,,,0.66035,modis,,,1,0,1,219.0,359.0,421.0,59.0,1346.0,5.952,agreste_saa,4,1,0.0,11.400152141211745,69.81524198024198,0.0,21.49845238095238,77.19736118553999,1
2016,73,Savoie,FR_73,45.552,6.176,8.928555352510417,4.429848492015711,14.5633128063989,0.0,0.0,0.66695,,,0.66695,modis,,,1,0,1,219.0,359.0,421.0,59.0,1346.0,5.981,agreste_saa,4,1,0.0,9.97666374269006,62.74017507810623,0.0,19.39752613554434,68.72504349915886,1
2017,73,Savoie,FR_73,45.552,6.176,7.915190903213945,3.5299841159912497,13.467908403817631,0.0,0.0,0.6518,,,0.6518,modis,,,1,0,1,219.0,359.0,421.0,59.0,1346.0,6.303,agreste_saa,4,1,0.0,11.78079849984571,67.68071392905948,0.0,20.8656108276644,77.07361715486593,1
2018,73,Savoie,FR_73,45.552,6.176,10.49768573252644,6.037675879360644,15.898298500975582,0.0,0.0,0.5812,0.81154134954118,,0.81154134954118,s2,23.0,21.289216250000003,1,1,1,219.0,359.0,421.0,59.0,1346.0,6.237,agreste_saa,1,1,0.0,11.6478531701891,71.52302157384295,0.0,21.2016665155088,77.3468925415849,1
2019,73,Savoie,FR_73,45.552,6.176,10.40377747166034,6.381820154768064,15.263938482006752,0.0,0.0,0.7133,0.527731522230416,,0.527731522230416,s2,14.0,17.7404315,1,1,1,219.0,359.0,421.0,59.0,1346.0,6.489,agreste_saa,1,1,0.0,10.256052906948035,65.75211160564916,0.0,21.32388433713937,73.41592739512285,1
2020,73,Savoie,FR_73,45.552,6.176,9.361702965893755,4.951495872325677,14.51370136944478,0.0,0.0,0.69115,0.645193260654113,,0.645193260654113,s2,10.0,12.73345075,1,1,1,219.0,359.0,421.0,59.0,1346.0,5.662,agreste_saa,1,1,0.0,12.174090831918503,68.13847311827956,0.0,19.63013978494624,75.78255206564799,1
2021,73,Savoie,FR_73,45.552,6.176,8.595689964157707,4.615551075268817,13.299941756272402,1114.0,0.0,0.60055,0.6679115868410636,,0.6679115868410636,s2,18.0,13.275412499999998,1,1,1,219.0,359.0,421.0,59.0,1346.0,6.5,agreste_saa,1,1,788.9,8.689922341696535,58.201594982078845,650.8,19.134193548387096,64.3381541218638,0
2022,73,Savoie,FR_73,45.552,6.176,10.196541218637991,6.248862007168459,15.001169354838709,1761.5,0.0,0.7061999999999999,0.5216706757200209,,0.5216706757200209,s2,35.0,12.7878175,1,1,1,219.0,359.0,421.0,59.0,1346.0,5.883,agreste_saa,1,1,419.1,11.16402849202639,69.94916432912575,479.8,21.773163082437275,77.03841164095371,0
2023,73,Savoie,FR_73,45.552,6.176,10.528906810035842,6.347956989247312,15.30937724014337,355.5,0.0,0.6303000000000001,0.4771883042010167,,0.4771883042010167,s2,31.0,6.033642749999999,1,1,1,219.0,359.0,421.0,59.0,1346.0,6.183,agreste_saa,1,1,688.8,10.087252090800478,63.85030465949821,665.3,20.38002688172043,71.0218100358423,0
2024,73,Savoie,FR_73,45.552,6.176,9.135025565832018,5.417157834101383,13.828771633384536,1930.3,0.0,0.6653500000000001,0.3713696528076148,,0.3713696528076148,s2,14.0,18.1823,1,1,1,219.0,359.0,421.0,59.0,1346.0,5.571,agreste_saa,1,1,487.4,10.456798088410991,62.10175627240143,888.5,19.42320788530466,70.21681003584229,0
2010,74,Haute-Savoie,FR_74,46.067,6.301,7.725152752571083,3.568186090225564,12.059320175438597,264.4,0.0,0.5733,,0.5733,0.5733,modis,,,1,0,1,339.0,284.0,377.0,60.0,921.0,5.8,agreste_saa,3,1,191.2,10.056164874551971,63.81918586789554,90.7,19.67857142857143,69.52563748079876,0
2011,74,Haute-Savoie,FR_74,46.067,6.301,9.673370826259196,5.437057853496399,14.35989570422296,244.2,0.0,0.56115,,0.56115,0.56115,modis,,,1,0,1,339.0,284.0,377.0,60.0,921.0,6.48,agreste_saa,3,1,76.7,12.401045063848906,65.72481280808896,166.8,17.960019136139966,73.12317346382665,1
2012,74,Haute-Savoie,FR_74,46.067,6.301,9.027689459303998,5.198605730427764,13.049321723082317,462.7,0.0,0.60865,,0.60865,0.60865,modis,,,1,0,1,339.0,284.0,377.0,60.0,921.0,6.376,agreste_saa,3,1,202.3,11.326082814563293,64.11154996942308,140.8,19.477134633834343,72.93251771135857,0
2013,74,Haute-Savoie,FR_74,46.067,6.301,8.960759078089195,5.33125,13.079166666666667,419.6,0.0,0.5592,,0.5592,0.5592,modis,,,1,0,1,339.0,284.0,377.0,60.0,921.0,6.236,agreste_saa,3,1,297.3,8.62379928315412,60.43693548387097,181.7,19.381155913978496,64.63370967741935,0
2014,74,Haute-Savoie,FR_74,46.067,6.301,10.500069666052749,6.584224837319036,14.773109155812298,335.1,0.0,0.528,,0.528,0.528,modis,,,1,0,1,339.0,284.0,377.0,60.0,921.0,6.34,agreste_saa,3,1,172.8,11.035376344086025,62.54847823117304,230.1,18.67601330913491,70.45815565052789,0
2015,74,Haute-Savoie,FR_74,46.067,6.301,8.95133064516129,4.553715622001919,13.760867311587251,204.1,0.0,0.6069500000000001,,,0.6069500000000001,modis,,,1,0,1,339.0,284.0,377.0,60.0,921.0,6.9510000000000005,agreste_saa,4,1,211.6,11.278709677419355,70.29515133171913,73.6,21.887575665859565,77.61128036397719,0
2016,74,Haute-Savoie,FR_74,46.067,6.301,8.683312830326226,4.604630624489657,13.228871671013923,211.6,0.0,0.4889,,,0.4889,modis,,,1,0,1,339.0,284.0,377.0,60.0,921.0,6.481,agreste_saa,4,1,209.1,9.640566425759443,61.6782739105829,195.9,19.21763157894737,67.35696243517307,0
2017,74,Haute-Savoie,FR_74,46.067,6.301,8.144023829050482,3.68625048846872,13.187656879633334,258.5,0.0,0.5497000000000001,,,0.5497000000000001,modis,,,1,0,1,339.0,284.0,377.0,60.0,921.0,6.768000000000001,agreste_saa,4,1,177.6,11.440013514307536,67.20410024495949,117.7,20.929126625211985,76.17829379334658,0
2018,74,Haute-Savoie,FR_74,46.067,6.301,9.199198847373712,5.853258517143597,12.912102388259916,235.2,0.0,0.51315,0.231413873724684,,0.231413873724684,s2,75.0,19.79494375,1,1,1,339.0,284.0,377.0,60.0,921.0,6.586,agreste_saa,1,1,221.9,11.274384909786768,69.98358483688719,142.3,20.64715053763441,75.11745580462912,0
2019,74,Haute-Savoie,FR_74,46.067,6.301,8.877006810881026,5.861730674372183,12.294665253764212,381.4,0.0,0.58275,0.2442157930735281,,0.2442157930735281,s2,45.0,18.1494505,1,1,1,339.0,284.0,377.0,60.0,921.0,6.496,agreste_saa,1,1,161.20000000000002,8.242257040450589,57.5856559139785,156.4,19.500870967741932,63.72851305683564,0
2020,74,Haute-Savoie,FR_74,46.067,6.301,8.256827956989246,4.965559139784946,11.76745698924731,305.3,0.0,0.48235,0.306701030927835,,0.306701030927835,s2,42.0,16.801691750000003,1,1,1,339.0,284.0,377.0,60.0,921.0,5.669,agreste_saa,1,1,193.2,10.299075268817203,60.6789247311828,109.0,17.736333333333334,66.36989247311828,0
2021,74,Haute-Savoie,FR_74,46.067,6.301,7.680537634408602,4.42244623655914,11.118337813620071,902.3,0.0,0.54205,0.2470078029392438,,0.2470078029392438,s2,58.0,16.57516325,1,1,1,339.0,284.0,377.0,60.0,921.0,6.48,agreste_saa,1,1,684.5999999999999,6.988709677419354,51.200860215053766,661.5,17.423279569892472,55.81268817204301,0
2022,74,Haute-Savoie,FR_74,46.067,6.301,9.140833333333331,6.014027777777778,12.50540770609319,1117.8,0.0,0.5693,0.1337491337491337,,0.1337491337491337,s2,98.0,18.25816,1,1,1,339.0,284.0,377.0,60.0,921.0,6.169,agreste_saa,1,1,346.3,9.66434789628338,63.799136878814295,271.40000000000003,20.31594982078853,69.6249433304272,0
2023,74,Haute-Savoie,FR_74,46.067,6.301,9.579641577060931,6.125376344086021,13.235250896057348,1217.0,0.0,0.5505500000000001,0.1533799533799533,,0.1533799533799533,s2,100.0,5.317772,1,1,1,339.0,284.0,377.0,60.0,921.0,5.984,agreste_saa,1,1,721.5,8.566881720430107,57.68116487455197,300.4,18.92359318996416,63.54783154121864,0
2024,74,Haute-Savoie,FR_74,46.067,6.301,8.1405974547406,5.097081950542675,11.439042475413554,1053.6,0.0,0.5867500000000001,0.1550756671837565,,0.1550756671837565,s2,42.0,17.614924000000002,1,1,1,339.0,284.0,377.0,60.0,921.0,5.65,agreste_saa,1,1,1016.1,8.902084826762247,55.85896057347671,444.7000000000001,17.852428315412187,62.41111111111111,0
2010,76,Seine-Maritime,FR_76,49.6695,1.005,8.747551982635159,5.994643042146694,11.433133201503384,291.4,0.0,0.5056499999999999,,0.5056499999999999,0.5056499999999999,modis,,,1,0,1,153.0,108.0,738.0,63.0,473.0,9.2,agreste_saa,3,1,130.89999999999998,9.16830851414795,54.80089397046162,60.3,16.95326590414973,61.41145735074331,0
2011,76,Seine-Maritime,FR_76,49.6695,1.005,11.901924731182795,9.17488308852609,14.92148664703982,223.6,0.0,0.69095,,0.69095,0.69095,modis,,,1,0,1,153.0,108.0,738.0,63.0,473.0,9.3,agreste_saa,3,1,56.400000000000006,11.382606095624451,57.26290822492079,169.0,15.53767741935484,65.22317312558303,1
2012,76,Seine-Maritime,FR_76,49.6695,1.005,10.263904035303309,7.673503150852113,13.007443645181516,323.6,0.0,0.44205,,0.44205,0.44205,modis,,,1,0,1,153.0,108.0,738.0,63.0,473.0,8.7,agreste_saa,3,1,125.79999999999998,9.843781453823611,52.42369932710845,173.3,15.829398959328874,61.19014228012858,0
2013,76,Seine-Maritime,FR_76,49.6695,1.005,10.882282304117624,8.331687399443794,13.605414199573405,162.8,0.0,0.70655,,0.70655,0.70655,modis,,,1,0,1,153.0,108.0,738.0,63.0,473.0,8.894,agreste_saa,3,1,130.6,7.74560705142272,51.49038206954336,88.39999999999999,16.418277056277056,56.07337526682227,0
2014,76,Seine-Maritime,FR_76,49.6695,1.005,11.559021354534064,8.709951039642549,14.643625032101916,169.89999999999998,0.0,0.53005,,0.53005,0.53005,modis,,,1,0,1,153.0,108.0,738.0,63.0,473.0,8.299,agreste_saa,3,1,195.8,10.620972177610549,56.734397770488,99.29999999999998,16.761224489795918,65.38536551242348,0
2015,76,Seine-Maritime,FR_76,49.6695,1.005,11.611398236092263,8.668136385011385,14.616253588493318,163.1,0.0,0.6689,,,0.6689,modis,,,1,0,1,153.0,108.0,738.0,63.0,473.0,9.597,agreste_saa,4,1,61.2,10.030826152846936,55.68287369248443,71.1,16.478423423423422,63.04932530538765,1
2016,76,Seine-Maritime,FR_76,49.6695,1.005,10.489069470799071,7.414582252030829,13.705104412589357,149.0,0.0,0.5274,,,0.5274,modis,,,1,0,1,153.0,108.0,738.0,63.0,473.0,6.499,agreste_saa,4,1,153.6,9.372399976124392,54.23862576428421,122.3,16.261397849462366,60.63999562729791,0
2017,76,Seine-Maritime,FR_76,49.6695,1.005,10.840504858005492,7.943720637703088,13.608868232690153,257.0,0.0,0.7562500000000001,,,0.7562500000000001,modis,,,1,0,1,153.0,108.0,738.0,63.0,473.0,9.499,agreste_saa,4,1,125.6,11.03852512474524,59.07495636813284,53.2,17.80743243243243,68.73044023910057,0
2018,76,Seine-Maritime,FR_76,49.6695,1.005,11.040482754454894,8.019989247311827,14.265987455197132,210.9,0.0,0.569,0.7946725860155381,,0.7946725860155381,s2,65.0,12.36066425,1,1,1,153.0,108.0,738.0,63.0,473.0,8.598,agreste_saa,1,1,142.0,10.652824760244116,62.53781473505122,66.69999999999999,18.38063796909492,68.71975021892219,0
2019,76,Seine-Maritime,FR_76,49.6695,1.005,10.826326663032308,8.173294106745583,13.661650099266918,350.3,0.0,0.6881,0.652083401851363,,0.652083401851363,s2,39.0,19.33265075,1,1,1,153.0,108.0,738.0,63.0,473.0,9.797,agreste_saa,1,1,118.9,10.347486850067495,57.71351953419459,80.69999999999999,17.759555466022025,66.56157148224653,0
2020,76,Seine-Maritime,FR_76,49.6695,1.005,11.244976884719524,8.126718643847642,14.245695735070877,221.9,0.0,0.6693,0.7695825261759839,,0.7695825261759839,s2,44.0,16.19883875,1,1,1,153.0,108.0,738.0,63.0,473.0,8.397,agreste_saa,1,1,83.1,11.13970806100218,59.11426481130087,69.7,16.632537634408603,66.68419945182374,1
2021,76,Seine-Maritime,FR_76,49.6695,1.005,11.326801075268817,8.472849462365591,14.321236559139786,403.5,0.0,0.58645,0.3848925576519916,,0.3848925576519916,s2,31.0,8.284943,1,1,1,153.0,108.0,738.0,63.0,473.0,7.798999999999999,agreste_saa,1,1,201.8,8.838752688172043,52.75404301075268,325.1,16.926634408602148,60.369526881720425,0
2022,76,Seine-Maritime,FR_76,49.6695,1.005,11.475962365591398,8.89389247311828,14.307182795698925,735.4000000000001,0.0,0.6788000000000001,0.2408547079762545,,0.2408547079762545,s2,46.0,23.34459525,1,1,1,153.0,108.0,738.0,63.0,473.0,9.796,agreste_saa,1,1,84.9,11.072652329749104,60.2903870967742,188.9,18.19911827956989,69.6161935483871,1
2023,76,Seine-Maritime,FR_76,49.6695,1.005,12.650849462365592,10.028198924731182,15.646645161290325,591.5999999999999,0.0,0.52715,0.1987072781633968,,0.1987072781633968,s2,60.0,10.3208155,1,1,1,153.0,108.0,738.0,63.0,473.0,8.895,agreste_saa,1,1,451.7,10.2903082437276,57.931677419354834,464.0,17.801989247311827,66.47490322580646,0
2024,76,Seine-Maritime,FR_76,49.6695,1.005,11.075499418773612,8.698716963507286,13.634049779775587,778.5,0.0,0.7037500000000001,0.5510331032450456,,0.5510331032450456,s2,25.0,28.217807,1,1,1,153.0,108.0,738.0,63.0,473.0,7.5,agreste_saa,1,1,477.3,11.12015770609319,57.293956989247306,244.0,16.42416129032258,66.20879569892473,0
2010,77,Seine-et-Marne,FR_77,48.667,2.884,8.642874172024158,5.476761382006572,11.884485566986395,245.9,0.0,0.4509,,0.4509,0.4509,modis,,,1,0,1,235.0,257.0,509.0,69.0,469.0,8.3,agreste_saa,3,1,103.5,10.783056843323289,64.96162505418869,170.10000000000002,20.04110121168924,72.43137295334834,1
2011,77,Seine-et-Marne,FR_77,48.667,2.884,11.868944689939608,8.384524206871866,15.753990564493808,195.5,0.0,0.4928,,0.4928,0.4928,modis,,,1,0,1,235.0,257.0,509.0,69.0,469.0,8.0,agreste_saa,3,1,24.200000000000003,13.269937795807976,66.27263854693135,185.3,17.734353756224294,75.27852089987252,1
2012,77,Seine-et-Marne,FR_77,48.667,2.884,10.3060489432703,7.161608352800579,13.741471622432757,253.6,0.0,0.46685,,0.46685,0.46685,modis,,,1,0,1,235.0,257.0,509.0,69.0,469.0,8.1,agreste_saa,3,1,185.5,11.566291583299986,59.88989001506643,153.10000000000002,17.706291946308724,70.11145864251742,0
2013,77,Seine-et-Marne,FR_77,48.667,2.884,10.817669669509243,7.618302342212932,14.181658926853803,261.4,0.0,0.5707500000000001,,0.5707500000000001,0.5707500000000001,modis,,,1,0,1,235.0,257.0,509.0,69.0,469.0,8.4,agreste_saa,3,1,150.60000000000002,9.131322655590187,61.0943842364532,135.3,19.35759068517689,66.10914933712434,0
2014,77,Seine-et-Marne,FR_77,48.667,2.884,11.598137725178049,8.361728082537011,15.211917584373968,174.5,0.0,0.56055,,0.56055,0.56055,modis,,,1,0,1,235.0,257.0,509.0,69.0,469.0,8.8,agreste_saa,3,1,146.0,11.818589353154843,63.68694016459176,195.0,18.787521536434586,73.0308111323337,0
2015,77,Seine-et-Marne,FR_77,48.667,2.884,11.463079718205414,8.181439467790874,14.93363140113968,192.4,0.0,0.6628000000000001,,,0.6628000000000001,modis,,,1,0,1,235.0,257.0,509.0,69.0,469.0,8.9,agreste_saa,4,1,128.7,11.394857472757453,66.24749933848116,23.3,19.953611111111112,74.09179464049458,0
2016,77,Seine-et-Marne,FR_77,48.667,2.884,10.310430107526882,6.91473178388414,14.1315708949841,142.2,0.0,0.5487500000000001,,,0.5487500000000001,modis,,,1,0,1,235.0,257.0,509.0,69.0,469.0,4.0,agreste_saa,4,1,282.9,10.25500460829493,61.617333333333335,100.4,18.8047311827957,68.37447619047619,0
2017,77,Seine-et-Marne,FR_77,48.667,2.884,10.48034355194759,7.290850480800589,14.000581281245978,288.9,0.0,0.5311,,,0.5311,modis,,,1,0,1,235.0,257.0,509.0,69.0,469.0,8.1,agreste_saa,4,1,136.3,12.314029900018864,67.5197894736842,83.2,20.483688596491227,77.90946689303905,0
2018,77,Seine-et-Marne,FR_77,48.667,2.884,11.2931331507898,7.644602105882005,15.307104571159844,163.8,0.0,0.2856,0.0846606771642973,,0.0846606771642973,s2,27.0,21.51367425,1,1,1,235.0,257.0,509.0,69.0,469.0,7.7,agreste_saa,1,1,174.1,12.290709388756584,72.56216705897165,160.50000000000003,21.319858156028367,79.51184447832648,0
2019,77,Seine-et-Marne,FR_77,48.667,2.884,11.178460252306865,8.18698122552865,14.551919818033983,270.5,0.0,0.46975,0.0902011142649494,,0.0902011142649494,s2,22.0,13.6112265,1,1,1,235.0,257.0,509.0,69.0,469.0,8.8,agreste_saa,1,1,156.60000000000002,11.44506287090393,66.65921458673776,61.400000000000006,20.908766233766237,76.15272108024426,0
2020,77,Seine-et-Marne,FR_77,48.667,2.884,11.646774431277889,8.156143855915948,15.273822031258604,265.2,0.0,0.4214,0.0582608695652173,,0.0582608695652173,s2,32.0,5.1609825,1,1,1,235.0,257.0,509.0,69.0,469.0,7.7,agreste_saa,1,1,121.6,12.753964793670676,68.55177842064938,74.7,19.345268817204303,76.95243201542064,0
2021,77,Seine-et-Marne,FR_77,48.667,2.884,10.90939247311828,7.429435483870968,14.812989247311828,402.1,0.0,0.5526500000000001,0.126239796254864,,0.126239796254864,s2,24.0,9.5150175,1,1,1,235.0,257.0,509.0,69.0,469.0,8.3,agreste_saa,1,1,213.5,9.99995698924731,61.12896774193548,363.3,19.62229032258065,69.24445161290322,0
2022,77,Seine-et-Marne,FR_77,48.667,2.884,11.654397849462368,8.522295698924731,15.263059139784946,413.7,0.0,0.5909,0.0706829704742022,,0.0706829704742022,s2,37.0,20.583904500000003,1,1,1,235.0,257.0,509.0,69.0,469.0,8.5,agreste_saa,1,1,153.1,12.552057347670251,69.88197849462365,206.0,20.865161290322582,79.38649462365592,0
2023,77,Seine-et-Marne,FR_77,48.667,2.884,12.887736559139784,9.5397311827957,16.725709677419353,460.3,0.0,0.5202,0.080163959883662,,0.080163959883662,s2,30.0,7.98576325,1,1,1,235.0,257.0,509.0,69.0,469.0,8.4,agreste_saa,1,1,300.7,11.50053046594982,67.20539784946237,251.4,20.954483870967746,76.41055913978494,0
2024,77,Seine-et-Marne,FR_77,48.667,2.884,10.9302688172043,8.197618279569893,13.986575268817203,717.0,0.0,0.5173,0.0631321939309382,,0.0631321939309382,s2,15.0,20.080072,1,1,1,235.0,257.0,509.0,69.0,469.0,5.976,agreste_saa,1,1,453.7,12.17156989247312,64.87765591397849,249.5,19.01663440860215,74.54797849462366,0
2010,78,Yvelines,FR_78,48.872,1.84,8.28485641369192,5.087180787853504,11.573126406429754,245.9,0.0,0.37765,,0.37765,0.37765,modis,,,1,0,1,303.0,272.0,425.0,67.0,600.0,7.6,agreste_saa,3,1,103.5,10.807612578134965,64.31073659480376,170.10000000000002,19.51189814814815,71.44663403070119,1
2011,78,Yvelines,FR_78,48.872,1.84,11.609881810229654,8.157251478177479,15.477858738322915,195.5,0.0,0.7130000000000001,,0.7130000000000001,0.7130000000000001,modis,,,1,0,1,303.0,272.0,425.0,67.0,600.0,6.9,agreste_saa,3,1,24.200000000000003,13.128827459795277,65.08838127656665,185.3,17.339540052617252,74.06556248462034,1
2012,78,Yvelines,FR_78,48.872,1.84,10.09207702767908,6.995146701124962,13.48662502955981,253.6,0.0,0.3457,,0.3457,0.3457,modis,,,1,0,1,303.0,272.0,425.0,67.0,600.0,8.1,agreste_saa,3,1,185.5,11.254909331124962,58.24272887019856,153.10000000000002,17.26996818034732,68.30466435406953,0
2013,78,Yvelines,FR_78,48.872,1.84,10.584906484319236,7.394102141773316,13.934795511946952,261.4,0.0,0.43005,,0.43005,0.43005,modis,,,1,0,1,303.0,272.0,425.0,67.0,600.0,8.3,agreste_saa,3,1,150.60000000000002,8.803319920789326,59.5773117823706,135.3,19.01756862745098,64.44509701726993,0
2014,78,Yvelines,FR_78,48.872,1.84,11.31957784120275,8.161408180310017,14.873544287921373,174.5,0.0,0.4749,,0.4749,0.4749,modis,,,1,0,1,303.0,272.0,425.0,67.0,600.0,8.3,agreste_saa,3,1,146.0,11.509972460364615,62.25456131222633,195.0,18.45030897855325,71.43053533820036,0
2015,78,Yvelines,FR_78,48.872,1.84,11.20492107823001,8.111407948280846,14.615472427885368,192.4,0.0,0.56915,,,0.56915,modis,,,1,0,1,303.0,272.0,425.0,67.0,600.0,8.7,agreste_saa,4,1,128.7,11.12244712142067,64.47439884108466,23.3,19.411636846519432,72.19061505730087,0
2016,78,Yvelines,FR_78,48.872,1.84,10.124217147073884,6.686707542817812,13.889373021742736,142.2,0.0,0.3566,,,0.3566,modis,,,1,0,1,303.0,272.0,425.0,67.0,600.0,5.0,agreste_saa,4,1,282.9,9.970941854075903,60.06504767314765,100.4,18.330387371249444,66.5736003047266,0
2017,78,Yvelines,FR_78,48.872,1.84,10.20993238197128,7.068974563385451,13.740878257789133,288.9,0.0,0.5946,,,0.5946,modis,,,1,0,1,303.0,272.0,425.0,67.0,600.0,8.0,agreste_saa,4,1,136.3,11.981134693047444,65.55072612884511,83.2,19.89944024563061,75.74228457040356,0
2018,78,Yvelines,FR_78,48.872,1.84,11.05842833646886,7.50411158969212,14.839068426548234,163.8,0.0,0.23745,0.212018871240091,,0.212018871240091,s2,67.0,7.43203075,1,1,1,303.0,272.0,425.0,67.0,600.0,7.6,agreste_saa,1,1,174.1,11.969463944803158,71.35032174017509,160.50000000000003,21.0377391464312,77.98387012727187,0
2019,78,Yvelines,FR_78,48.872,1.84,10.892296882462665,7.939279373176134,14.180973285648136,270.5,0.0,0.5526,0.653713668609306,,0.653713668609306,s2,50.0,21.4925545,1,1,1,303.0,272.0,425.0,67.0,600.0,8.7,agreste_saa,1,1,156.60000000000002,11.143584426930325,65.0213861754901,61.400000000000006,20.398627705627707,74.22800869204639,0
2020,78,Yvelines,FR_78,48.872,1.84,11.304405287965828,7.714871153746467,14.91856256613071,265.2,0.0,0.3377,0.287153096114598,,0.287153096114598,s2,63.0,14.90254025,1,1,1,303.0,272.0,425.0,67.0,600.0,7.2,agreste_saa,1,1,121.6,12.41875021956372,66.8447311827957,74.7,18.865763440860214,74.9877775404116,0
2021,78,Yvelines,FR_78,48.872,1.84,10.50443100358423,6.6934139784946245,14.516267921146952,1000.1,0.0,0.5831,0.6943940878067139,,0.6943940878067139,s2,39.0,6.17003525,1,1,1,303.0,272.0,425.0,67.0,600.0,8.0,agreste_saa,1,1,494.9,9.505806451612903,58.3160752688172,791.5,18.754166666666663,66.02575268817205,0
2022,78,Yvelines,FR_78,48.872,1.84,11.26336917562724,8.023243727598567,14.876232078853048,929.5,0.0,0.4348,0.1100781841401797,,0.1100781841401797,s2,54.0,19.5897285,1,1,1,303.0,272.0,425.0,67.0,600.0,8.3,agreste_saa,1,1,496.5,12.063761341987147,67.60191126610482,343.29999999999995,20.30181899641577,76.79492201879299,0
2023,78,Yvelines,FR_78,48.872,1.84,12.589874551971327,9.1622311827957,16.44466845878136,1158.8,0.0,0.7059500000000001,0.4122706202305443,,0.4122706202305443,s2,64.0,6.467234,1,1,1,303.0,272.0,425.0,67.0,600.0,7.7,agreste_saa,1,1,672.3,11.066069295101553,65.1536917562724,558.6,20.366720430107527,73.93164874551971,0
2024,78,Yvelines,FR_78,48.872,1.84,10.618665645510404,7.790283826836246,13.672936346807315,1353.7,0.0,0.30175,0.1293685826849901,,0.1293685826849901,s2,27.0,22.23211825,1,1,1,303.0,272.0,425.0,67.0,600.0,6.2,agreste_saa,1,1,1104.9,11.640746714456393,62.39862007168459,428.2000000000001,18.323405017921147,71.56905017921147,0
2010,79,Deux-Sèvres,FR_79,46.4695,-0.2825,9.860798001922245,6.073452984642133,13.845812916841917,225.2,0.0,,,,,none,,,0,0,0,231.0,287.0,482.0,64.0,510.0,6.2,agreste_saa,6,1,134.0,11.135199393767168,64.90700690173725,109.0,19.565921751522215,72.53744168434594,0
2011,79,Deux-Sèvres,FR_79,46.4695,-0.2825,13.368084082488531,9.614166975209193,17.447431344267102,194.3,0.0,,,,,none,,,0,0,0,231.0,287.0,482.0,64.0,510.0,5.3,agreste_saa,6,1,25.6,13.55711474068962,67.72761892562616,101.2,18.24987648221344,77.17109718649573,1
2012,79,Deux-Sèvres,FR_79,46.4695,-0.2825,11.712297184740963,8.08045794623542,15.787926211246628,356.9,0.0,,,,,none,,,0,0,0,231.0,287.0,482.0,64.0,510.0,7.298999999999999,agreste_saa,6,1,203.1,11.683616558278793,61.21512271480343,93.8,18.18482469202653,71.42049905888945,0
2013,79,Deux-Sèvres,FR_79,46.4695,-0.2825,11.714403734462357,7.996202060383517,15.721697475650965,217.8,0.0,,,,,none,,,0,0,0,231.0,287.0,482.0,64.0,510.0,6.699,agreste_saa,6,1,222.7,9.884536667874835,61.01367592085335,73.6,19.30699925074925,68.26760850512301,0
2014,79,Deux-Sèvres,FR_79,46.4695,-0.2825,12.761079907411428,8.663302200226543,17.1758045900029,93.4,0.0,,,,,none,,,0,0,0,231.0,287.0,482.0,64.0,510.0,6.998,agreste_saa,6,1,179.10000000000002,11.646874636518016,63.542401844116185,76.6,19.053062880324543,73.04674967020314,0
2015,79,Deux-Sèvres,FR_79,46.4695,-0.2825,12.140882461994808,7.972606321810304,16.34892039195658,209.6,0.0,,,,,none,,,0,0,0,231.0,287.0,482.0,64.0,510.0,6.999,agreste_saa,6,1,79.3,11.946032909742586,66.62869012707722,103.2,19.679166666666667,75.19643206256109,1
2016,79,Deux-Sèvres,FR_79,46.4695,-0.2825,11.516406810035845,7.30984697937367,16.213099032216405,76.69999999999999,0.0,,,,,none,,,0,0,0,231.0,287.0,482.0,64.0,510.0,5.6,agreste_saa,6,1,139.89999999999998,10.709868578255676,61.973835125448026,79.10000000000001,18.85652329749104,69.8426523297491,0
2017,79,Deux-Sèvres,FR_79,46.4695,-0.2825,11.290200829636314,7.140386185314668,15.641515196766855,148.6,0.0,,,,,none,,,0,0,0,231.0,287.0,482.0,64.0,510.0,6.5,agreste_saa,6,1,115.1,12.564336917562724,67.77096045127129,74.69999999999999,20.32929742993672,78.35160561256161,0
2018,79,Deux-Sèvres,FR_79,46.4695,-0.2825,12.469159540923725,8.436888572009945,16.925570877553312,113.7,0.0,,0.6932841050570924,,0.6932841050570924,s2,21.0,15.726628,0,1,1,231.0,287.0,482.0,64.0,510.0,6.5,agreste_saa,2,1,156.6,12.245105440248608,70.55800921924518,75.2,21.03177655677656,78.79886943429894,0
2019,79,Deux-Sèvres,FR_79,46.4695,-0.2825,12.499452990696732,9.095792428479449,16.217928340840743,360.2,0.0,,0.7753680111286254,,0.7753680111286254,s2,17.0,12.24015725,0,1,1,231.0,287.0,482.0,64.0,510.0,7.5,agreste_saa,2,1,114.7,11.712432081450316,66.89170250896058,67.69999999999999,20.88481182795699,76.90691990026492,0
2020,79,Deux-Sèvres,FR_79,46.4695,-0.2825,12.273826164874553,7.956251786080067,16.512311758967765,164.4,0.0,,0.7523528773103769,,0.7523528773103769,s2,12.0,8.34256,0,1,1,231.0,287.0,482.0,64.0,510.0,5.3,agreste_saa,2,1,121.4,13.340711744727692,68.12094514570671,61.7,18.80839371980677,77.6389226737966,0
2021,79,Deux-Sèvres,FR_79,46.4695,-0.2825,11.525358422939068,7.531845878136201,16.051460573476703,125.7,0.0,,0.7163778392581756,,0.7163778392581756,s2,14.0,16.488325,0,1,1,231.0,287.0,482.0,64.0,510.0,6.3,agreste_saa,2,1,134.8,11.076356033452807,63.32949820788531,171.1,19.450752688172045,72.13057347670251,0
2022,79,Deux-Sèvres,FR_79,46.4695,-0.2825,12.98921146953405,9.29060035842294,17.119283154121867,318.8,0.0,,0.3432162181949791,,0.3432162181949791,s2,20.0,11.560838,0,1,1,231.0,287.0,482.0,64.0,510.0,5.3,agreste_saa,2,1,68.9,13.269964157706092,72.35387096774194,147.7,21.45747311827957,82.72483870967741,1
2023,79,Deux-Sèvres,FR_79,46.4695,-0.2825,14.00413082437276,10.223109318996416,18.217105734767024,428.4,0.0,,0.3994011988949942,,0.3994011988949942,s2,17.0,22.4410465,0,1,1,231.0,287.0,482.0,64.0,510.0,6.6,agreste_saa,2,1,235.0,12.402915173237751,68.87089605734766,210.6,20.70258064516129,78.61390681003584,0
2024,79,Deux-Sèvres,FR_79,46.4695,-0.2825,11.929310035842294,8.705672043010752,15.564336917562724,366.0,0.0,,0.4273890960671715,,0.4273890960671715,s2,11.0,7.137805,0,1,1,231.0,287.0,482.0,64.0,510.0,5.5,agreste_saa,2,1,417.4,12.27652329749104,65.3699641577061,102.4,19.297078853046592,75.4237275985663,0
2010,80,Somme,FR_80,49.941,2.319,7.487089016663039,4.314008522659953,10.732717022871787,265.0,0.0,0.4562,,0.4562,0.4562,modis,,,1,0,1,241.0,133.0,627.0,70.0,349.0,8.594,agreste_saa,3,1,99.9,9.231608765005712,57.55830570858016,78.2,18.16323321327502,64.02129272156718,1
2011,80,Somme,FR_80,49.941,2.319,10.727644766596509,7.450722199025611,14.448242657166174,319.0,0.0,0.5124500000000001,,0.5124500000000001,0.5124500000000001,modis,,,1,0,1,241.0,133.0,627.0,70.0,349.0,8.398,agreste_saa,3,1,43.4,11.5264712567691,59.256530097721466,122.1,16.13275705873471,66.84492788777672,1
2012,80,Somme,FR_80,49.941,2.319,9.417904986532864,6.113642279287807,12.95217189884456,387.0,0.0,0.46495,,0.46495,0.46495,modis,,,1,0,1,241.0,133.0,627.0,70.0,349.0,8.508,agreste_saa,3,1,165.8,9.83655307219215,52.98136315290218,223.1,16.005417185554172,61.5204935876848,0
2013,80,Somme,FR_80,49.941,2.319,9.816036060253802,6.576915073510964,13.18318022500323,346.8,0.0,0.5318,,0.5318,0.5318,modis,,,1,0,1,241.0,133.0,627.0,70.0,349.0,9.296,agreste_saa,3,1,125.0,7.660013661202186,54.0624670297826,106.6,17.340796356421357,57.66163369644927,0
2014,80,Somme,FR_80,49.941,2.319,10.548953970377497,7.2876069947391855,14.023536097672997,249.8,0.0,0.4918,,0.4918,0.4918,modis,,,1,0,1,241.0,133.0,627.0,70.0,349.0,9.076,agreste_saa,3,1,175.1,10.607336530078465,57.66295045045045,147.5,17.002083333333335,65.82617625690207,0
2015,80,Somme,FR_80,49.941,2.319,10.576246631697874,7.310450399041856,14.07101269622416,271.6,0.0,0.407,,,0.407,modis,,,1,0,1,241.0,133.0,627.0,70.0,349.0,9.898,agreste_saa,4,1,96.6,9.677037546331665,56.89996851806481,91.6,17.226311056418027,63.48373475183104,1
2016,80,Somme,FR_80,49.941,2.319,9.325766974047175,5.84480541586248,13.180405669080624,215.0,0.0,0.4085499999999999,,,0.4085499999999999,modis,,,1,0,1,241.0,133.0,627.0,70.0,349.0,5.9,agreste_saa,4,1,247.5,8.970945358508223,54.59452871991455,91.5,16.723083164300203,60.35900240412507,0
2017,80,Somme,FR_80,49.941,2.319,9.749632497544049,6.330812890224583,13.331447441990496,496.0,0.0,0.44595,,,0.44595,modis,,,1,0,1,241.0,133.0,627.0,70.0,349.0,8.8,agreste_saa,4,1,142.7,10.941837499109878,60.30302994576782,62.8,18.395210337122315,69.61593317157427,0
2018,80,Somme,FR_80,49.941,2.319,10.087119659894327,6.479744606546044,14.00010135777117,239.5,0.0,0.39855,0.3422068898899513,,0.3422068898899513,s2,17.0,9.31384475,1,1,1,241.0,133.0,627.0,70.0,349.0,8.4,agreste_saa,1,1,181.2,10.795178114256451,65.32226121304062,41.8,19.229976338361432,70.84548701949223,0
2019,80,Somme,FR_80,49.941,2.319,10.052268671918393,7.018366748647125,13.315355834126692,406.1,0.0,0.5069,0.2272981856129798,,0.2272981856129798,s2,7.0,26.9985755,1,1,1,241.0,133.0,627.0,70.0,349.0,9.5,agreste_saa,1,1,127.8,10.122911419524662,58.66784589883408,107.3,18.39737002778032,67.16347431413463,0
2020,80,Somme,FR_80,49.941,2.319,10.522808830799654,7.175413042352697,13.944185435435434,317.1,0.0,0.43685,0.2046574115539633,,0.2046574115539633,s2,11.0,17.750618,1,1,1,241.0,133.0,627.0,70.0,349.0,9.1,agreste_saa,1,1,131.3,10.9898134204158,60.537649939679184,73.3,17.29025009061254,67.54994044247248,0
2021,80,Somme,FR_80,49.941,2.319,10.017002688172044,6.447168458781363,13.725174731182795,606.3,0.0,0.54745,0.5389715275446053,,0.5389715275446053,s2,8.0,13.859933,1,1,1,241.0,133.0,627.0,70.0,349.0,8.3,agreste_saa,1,1,316.2,8.284826762246118,52.867992831541216,471.3,17.445465949820786,59.74541218637992,0
2022,80,Somme,FR_80,49.941,2.319,10.44466845878136,7.2555555555555555,13.985138888888889,895.3,0.0,0.4105499999999999,0.1938937584502588,,0.1938937584502588,s2,11.0,22.58656975,1,1,1,241.0,133.0,627.0,70.0,349.0,9.195,agreste_saa,1,1,206.1,10.749557137782944,61.39997709691258,217.8,18.638824884792623,69.52632118293408,0
2023,80,Somme,FR_80,49.941,2.319,11.795331541218635,8.567423835125448,15.448906810035844,1057.2,0.0,0.50165,0.1174738683733051,,0.1174738683733051,s2,16.0,15.63811275,1,1,1,241.0,133.0,627.0,70.0,349.0,8.899,agreste_saa,1,1,657.1,9.8555256869773,59.13620071684588,497.4,18.700672043010755,66.9679211469534,0
2024,80,Somme,FR_80,49.941,2.319,10.140640681003584,7.348399326746101,13.216100455294004,876.0,0.0,0.49415,0.1726434021876281,,0.1726434021876281,s2,6.0,21.9704395,1,1,1,241.0,133.0,627.0,70.0,349.0,7.503,agreste_saa,1,1,886.3000000000001,11.00373357228196,58.3118100358423,299.4,16.95084229390681,66.9128853046595,0
2010,81,Tarn,FR_81,43.809,2.09,11.00141259116823,6.816948228939183,15.82401199870955,199.0,0.0,0.44265,,0.44265,0.44265,modis,,,1,0,1,286.0,285.0,429.0,71.0,414.0,5.5,agreste_saa,3,1,184.8,12.29502919341629,71.3414504293504,107.7,21.35076206971206,79.58661171967299,0
2011,81,Tarn,FR_81,43.809,2.09,14.12651182001207,9.692123036549257,19.195721568038643,116.5,0.0,0.5759000000000001,,0.5759000000000001,0.5759000000000001,modis,,,1,0,1,286.0,285.0,429.0,71.0,414.0,4.6,agreste_saa,3,1,93.8,14.62484676596316,73.07783646537989,112.6,19.737264522101366,83.3490693420922,1
2012,81,Tarn,FR_81,43.809,2.09,12.819987078758048,8.85851340690443,17.520075933715347,153.7,0.0,0.65985,,0.65985,0.65985,modis,,,1,0,1,286.0,285.0,429.0,71.0,414.0,6.0,agreste_saa,3,1,142.9,12.934546712144728,70.61060265879425,58.3,21.3473124300112,81.49826499645658,0
2013,81,Tarn,FR_81,43.809,2.09,12.18748509584096,8.33317947610532,16.766651375697673,204.2,0.0,0.5367999999999999,,0.5367999999999999,0.5367999999999999,modis,,,1,0,1,286.0,285.0,429.0,71.0,414.0,5.5,agreste_saa,3,1,206.3,11.297480554851129,66.70973266023837,98.9,20.99550990462216,75.8834614737977,0
2014,81,Tarn,FR_81,43.809,2.09,13.790844134807406,9.331304617716428,18.913335257061966,171.2,0.0,0.5061,,0.5061,0.5061,modis,,,1,0,1,286.0,285.0,429.0,71.0,414.0,5.199,agreste_saa,3,1,147.2,12.798984219756278,70.17121284678502,171.8,20.92704606014465,80.25104477955814,0
2015,81,Tarn,FR_81,43.809,2.09,12.741640594166034,8.174701269554458,18.12892319881833,85.0,0.0,0.6591,,,0.6591,modis,,,1,0,1,286.0,285.0,429.0,71.0,414.0,5.399,agreste_saa,4,1,132.2,13.542674835448162,76.50314625217857,118.6,22.984963470319634,86.59795144698376,0
2016,81,Tarn,FR_81,43.809,2.09,12.918149127105712,8.379210295842503,18.13373149807605,116.4,0.0,0.495,,,0.495,modis,,,1,0,1,286.0,285.0,429.0,71.0,414.0,5.299,agreste_saa,4,1,177.9,12.120066462889882,69.23155776002801,117.7,20.88243243243243,78.1250642535345,0
2017,81,Tarn,FR_81,43.809,2.09,11.444873480489928,7.2440865459653505,16.507308119482026,154.2,0.0,0.39685,,,0.39685,modis,,,1,0,1,286.0,285.0,429.0,71.0,414.0,5.699,agreste_saa,4,1,227.4,13.653169992079768,74.56312276997913,94.9,22.31219600725953,85.58390199075836,0
2018,81,Tarn,FR_81,43.809,2.09,13.650655169159592,9.48584813335488,18.396140287496287,158.7,0.0,0.54695,0.5445710135112086,,0.5445710135112086,s2,33.0,10.15944225,1,1,1,286.0,285.0,429.0,71.0,414.0,4.6,agreste_saa,1,1,255.0,13.015419152593791,74.84116060512939,126.8,22.40654248276492,83.8593424233112,0
2019,81,Tarn,FR_81,43.809,2.09,13.415543837882549,9.29494680851064,18.20600431699044,261.9,0.0,0.4771499999999999,0.5150950653701596,,0.5150950653701596,s2,21.0,12.337824,1,1,1,286.0,285.0,429.0,71.0,414.0,6.196,agreste_saa,1,1,146.7,12.408603529130952,72.18239584412666,67.8,22.697700523103748,82.62121163360035,0
2020,81,Tarn,FR_81,43.809,2.09,12.642261335438755,8.282171727682291,17.602464011530913,250.3,0.0,0.616,0.5581832702166577,,0.5581832702166577,s2,32.0,5.32943325,1,1,1,286.0,285.0,429.0,71.0,414.0,4.898,agreste_saa,1,1,169.0,14.2548836578514,75.33578494623656,91.7,21.35110752688172,85.46686602731764,0
2021,81,Tarn,FR_81,43.809,2.09,12.30670430107527,8.222043010752689,17.322962365591398,604.6,0.0,0.5956000000000001,0.6336357908295785,,0.6336357908295785,s2,33.0,10.85647375,1,1,1,286.0,285.0,429.0,71.0,414.0,5.0,agreste_saa,1,1,148.7,12.14578494623656,69.19587096774194,250.6,21.32764516129032,79.09264516129032,0
2022,81,Tarn,FR_81,43.809,2.09,14.629940860215054,10.224983870967742,19.842741935483872,291.9,0.0,0.48155,0.2996915493826847,,0.2996915493826847,s2,53.0,15.85337025,1,1,1,286.0,285.0,429.0,71.0,414.0,4.3,agreste_saa,1,1,291.1,14.091598566308242,80.09227956989247,124.3,24.23777419354839,90.7503440860215,0
2023,81,Tarn,FR_81,43.809,2.09,14.413225806451612,9.721069892473118,19.81732795698925,388.0,0.0,0.5405,0.2638189384060259,,0.2638189384060259,s2,56.0,2.95370225,1,1,1,286.0,285.0,429.0,71.0,414.0,5.497999999999999,agreste_saa,1,1,382.2,13.47606451612903,75.01909677419354,268.5,22.669967741935483,85.76812903225806,0
2024,81,Tarn,FR_81,43.809,2.09,12.844682795698924,9.011424731182796,17.551978494623658,388.1,0.0,0.54755,0.4081379901470497,,0.4081379901470497,s2,20.0,3.6235465,1,1,1,286.0,285.0,429.0,71.0,414.0,5.197,agreste_saa,1,1,602.3,13.304881720430108,72.34810752688172,173.5,21.93156989247312,83.77778494623655,0
2010,82,Tarn-et-Garonne,FR_82,44.063,1.156,10.760293205094394,6.493765613678902,15.81286709985235,199.0,0.0,0.4041,,0.4041,0.4041,modis,,,1,0,1,254.0,266.0,481.0,69.0,432.0,6.1,agreste_saa,3,1,184.8,12.24290604375232,70.31226685228815,107.7,20.915967908902694,78.56065394906234,0
2011,82,Tarn-et-Garonne,FR_82,44.063,1.156,13.805842806034812,8.992549488001153,19.359760950346445,116.5,0.0,0.3114,,0.3114,0.3114,modis,,,1,0,1,254.0,266.0,481.0,69.0,432.0,4.6,agreste_saa,3,1,93.8,14.516758245326416,72.40393378411342,112.6,19.457492507492507,82.46525975096425,1
2012,82,Tarn-et-Garonne,FR_82,44.063,1.156,12.61804144188002,8.38949362255989,17.617918229098734,153.7,0.0,0.359,,0.359,0.359,modis,,,1,0,1,254.0,266.0,481.0,69.0,432.0,6.1,agreste_saa,3,1,142.9,12.57768505613439,68.96305141117048,58.3,20.832835959221494,79.39872708684616,0
2013,82,Tarn-et-Garonne,FR_82,44.063,1.156,12.036078571617866,8.068319289991445,16.837809292130025,204.2,0.0,0.51475,,0.51475,0.51475,modis,,,1,0,1,254.0,266.0,481.0,69.0,432.0,5.4,agreste_saa,3,1,206.3,11.308735467943327,66.31275533452967,98.9,20.80174904162103,75.52970448707204,0
2014,82,Tarn-et-Garonne,FR_82,44.063,1.156,13.65846058630604,9.025300225213009,19.052487171634187,171.2,0.0,0.3913,,0.3913,0.3913,modis,,,1,0,1,254.0,266.0,481.0,69.0,432.0,4.899,agreste_saa,3,1,147.2,12.658880050818905,69.49795101387993,171.8,20.758988764044943,79.4946176805466,0
2015,82,Tarn-et-Garonne,FR_82,44.063,1.156,12.430949192131695,7.655758315389445,17.96895054167293,85.0,0.0,0.3728,,,0.3728,modis,,,1,0,1,254.0,266.0,481.0,69.0,432.0,5.6,agreste_saa,4,1,132.2,13.37633875811295,75.36256301780364,118.6,22.5602868852459,85.24959004483065,0
2016,82,Tarn-et-Garonne,FR_82,44.063,1.156,12.508027622594662,7.928114988218941,18.016258440266924,116.4,0.0,0.32215,,,0.32215,modis,,,1,0,1,254.0,266.0,481.0,69.0,432.0,5.4990000000000006,agreste_saa,4,1,177.9,12.029308513058512,68.14566584200102,117.7,20.476437718980307,77.04080097713614,0
2017,82,Tarn-et-Garonne,FR_82,44.063,1.156,11.352166499775771,6.8801600699222405,16.64545730264845,154.2,0.0,0.4198,,,0.4198,modis,,,1,0,1,254.0,266.0,481.0,69.0,432.0,5.699,agreste_saa,4,1,227.4,13.363295913520632,73.13042028706653,94.9,21.898914921900964,83.88771758436383,0
2018,82,Tarn-et-Garonne,FR_82,44.063,1.156,13.26944824197844,8.860676772587759,18.33259469664184,158.7,0.0,0.42945,0.1816316927917298,,0.1816316927917298,s2,21.0,9.6729145,1,1,1,254.0,266.0,481.0,69.0,432.0,4.899,agreste_saa,1,1,255.0,12.88819058212829,73.70413835954699,126.8,22.01978330658106,82.70413835954699,0
2019,82,Tarn-et-Garonne,FR_82,44.063,1.156,13.247467234797291,8.901148271638542,18.135090670930865,261.9,0.0,0.5437000000000001,0.4555190771265024,,0.4555190771265024,s2,12.0,12.131321,1,1,1,254.0,266.0,481.0,69.0,432.0,6.797,agreste_saa,1,1,146.7,12.27333997524215,71.10755079289099,67.8,22.313545653362493,81.44711123245143,0
2020,82,Tarn-et-Garonne,FR_82,44.063,1.156,12.468815710872162,7.956988598770098,17.67320839029578,250.3,0.0,0.6118000000000001,0.830118243331619,,0.830118243331619,s2,20.0,14.78000375,1,1,1,254.0,266.0,481.0,69.0,432.0,4.551,agreste_saa,1,1,169.0,14.18599373066276,74.46666082721627,91.7,20.94310386255782,84.44418891710392,0
2021,82,Tarn-et-Garonne,FR_82,44.063,1.156,12.030573476702507,7.826258960573477,17.201832437275986,327.75,0.0,0.50375,0.5280641466208477,,0.5280641466208477,s2,16.0,11.419383,1,1,1,254.0,266.0,481.0,69.0,432.0,4.8,agreste_saa,1,1,158.0,11.981857825567502,68.01844086021505,330.4,20.933745519713263,77.81306451612903,0
2022,82,Tarn-et-Garonne,FR_82,44.063,1.156,14.353790322580648,9.8271729390681,19.83621415770609,308.8,0.0,0.52745,0.2714373931762341,,0.2714373931762341,s2,30.0,16.868984,1,1,1,254.0,266.0,481.0,69.0,432.0,4.6,agreste_saa,1,1,277.3,13.939527753560007,78.46297394168361,156.9,23.60741039426523,89.0334040492105,0
2023,82,Tarn-et-Garonne,FR_82,44.063,1.156,14.299771505376343,9.580147849462366,19.7449417562724,527.1,0.0,0.53785,0.4031460617326101,,0.4031460617326101,s2,22.0,0.4670837499999999,1,1,1,254.0,266.0,481.0,69.0,432.0,5.4,agreste_saa,1,1,318.0,13.364557945041817,73.7889605734767,425.5,22.222105734767027,84.5378853046595,0
2024,82,Tarn-et-Garonne,FR_82,44.063,1.156,12.61575716845878,8.731075268817204,17.345609318996416,494.9,0.0,0.7075500000000001,0.5096890491212258,,0.5096890491212258,s2,8.0,6.209937999999999,1,1,1,254.0,266.0,481.0,69.0,432.0,4.495,agreste_saa,1,1,850.4,13.058327359617683,70.96378136200717,221.2,21.458109318996417,82.09120071684589,0
2010,83,Var,FR_83,43.458,6.178,13.049874733176049,9.15008080177556,17.274373439450684,238.9,0.0,0.61355,,0.61355,0.61355,modis,,,1,0,1,238.0,239.0,523.0,73.0,624.0,3.8,agreste_saa,3,1,111.4,13.54611129835599,76.91635321873947,83.1,23.218357487922702,87.07504887091338,0
2011,83,Var,FR_83,43.458,6.178,15.400516763948891,11.004505284043676,20.22615040933405,313.5,0.0,0.50015,,0.50015,0.50015,modis,,,1,0,1,238.0,239.0,523.0,73.0,624.0,3.645000000000001,agreste_saa,3,1,122.1,14.906649831649831,78.31120258562858,23.5,22.20414927261227,89.12824804017404,0
2012,83,Var,FR_83,43.458,6.178,14.722994907391458,10.863312224310286,19.05519681707892,335.0,0.0,0.5336500000000001,,0.5336500000000001,0.5336500000000001,modis,,,1,0,1,238.0,239.0,523.0,73.0,624.0,3.823,agreste_saa,3,1,165.8,14.229868578255674,77.6193599278792,6.3,23.387457741717377,89.46452121820178,0
2013,83,Var,FR_83,43.458,6.178,14.720976399536791,10.557979292049414,19.53288592682418,252.6,0.0,0.60485,,0.60485,0.60485,modis,,,1,0,1,238.0,239.0,523.0,73.0,624.0,3.889,agreste_saa,3,1,277.5,13.352141447197548,74.41118279569892,7.699999999999999,22.434444444444445,84.92531323048154,0
2014,83,Var,FR_83,43.458,6.178,15.687818167604751,11.742598925631668,20.39769196025293,667.3,0.0,0.5940000000000001,,0.5940000000000001,0.5940000000000001,modis,,,1,0,1,238.0,239.0,523.0,73.0,624.0,4.107,agreste_saa,3,1,31.8,14.508504752999846,77.25930009944145,47.6,22.52830596369922,88.58212618639797,1
2015,83,Var,FR_83,43.458,6.178,14.866836917562724,10.352955586583484,19.718225497843683,138.6,0.0,0.6179,,,0.6179,modis,,,1,0,1,238.0,239.0,523.0,73.0,624.0,3.5,agreste_saa,4,1,72.39999999999999,14.752979242979244,81.70204387372927,49.7,24.619355270197968,93.49764826933368,1
2016,83,Var,FR_83,43.458,6.178,14.800396408350128,9.8936013598988,20.45121752986221,80.1,0.0,0.54765,,,0.54765,modis,,,1,0,1,238.0,239.0,523.0,73.0,624.0,4.1,agreste_saa,4,1,100.7,14.129229767138904,77.21860025949331,10.9,22.8404554790383,88.06860025949331,1
2017,83,Var,FR_83,43.458,6.178,13.753182670667666,9.08110478964632,19.11879421372576,116.2,0.0,0.5203,,,0.5203,modis,,,1,0,1,238.0,239.0,523.0,73.0,624.0,3.692,agreste_saa,4,1,119.2,14.921278634876112,80.81046594982078,2.7,24.32168458781362,93.40720508025558,0
2018,83,Var,FR_83,43.458,6.178,16.172694594789636,12.455827607875996,20.46329054054054,409.3,0.0,0.6107,0.5544914272213007,,0.5544914272213007,s2,19.0,10.61602425,1,1,1,238.0,239.0,523.0,73.0,624.0,3.389,agreste_saa,1,1,277.0,14.551875746714458,80.55508804737417,70.5,23.743816425120773,91.14326009038491,0
2019,83,Var,FR_83,43.458,6.178,15.916380076551867,12.285129156297726,19.97393000207566,224.8,0.0,0.6219,0.6066574532441775,,0.6066574532441775,s2,24.0,6.118404249999999,1,1,1,238.0,239.0,523.0,73.0,624.0,3.799,agreste_saa,1,1,78.69999999999999,14.03068100358423,78.24004301075269,3.5,24.32851612903226,90.7490752688172,1
2020,83,Var,FR_83,43.458,6.178,14.631706989247313,10.449274193548389,18.97106182795699,0.0,0.0,0.57565,0.5380840506068219,,0.5380840506068219,s2,22.0,5.869105,1,1,1,238.0,239.0,523.0,73.0,624.0,3.7,agreste_saa,1,1,0.0,14.733763440860216,79.48502688172043,0.0,23.26323924731183,90.7277688172043,1
2021,83,Var,FR_83,43.458,6.178,15.045206093189964,11.500564516129032,19.061344086021503,739.2,0.0,0.6727000000000001,0.7004774240073179,,0.7004774240073179,s2,27.0,3.94694,1,1,1,238.0,239.0,523.0,73.0,624.0,4.279999999999999,agreste_saa,1,1,311.7,13.369695340501792,75.96652329749104,17.0,23.411245519713265,86.9315770609319,0
2022,83,Var,FR_83,43.458,6.178,16.416971326164873,12.991594982078851,20.398597670250897,771.0,0.0,0.6157,0.2861011009482508,,0.2861011009482508,s2,44.0,10.59115275,1,1,1,238.0,239.0,523.0,73.0,624.0,2.461,agreste_saa,1,1,163.5,14.575652173913044,83.73830887905923,67.7,25.55567617866005,94.83830887905924,0
2023,83,Var,FR_83,43.458,6.178,16.087750896057347,12.142486559139783,20.45331989247312,586.5,0.0,0.61185,0.2402980102978223,,0.2402980102978223,s2,43.0,4.98685075,1,1,1,238.0,239.0,523.0,73.0,624.0,2.608,agreste_saa,1,1,180.7,15.0589486260454,82.51655913978496,117.9,24.9502329749104,95.077311827957,0
2024,83,Var,FR_83,43.458,6.178,15.283788150923495,11.76291171458595,19.30637114920116,959.4,0.0,0.6573,0.3024187350241873,,0.3024187350241873,s2,18.0,2.044377,1,1,1,238.0,239.0,523.0,73.0,624.0,3.974,agreste_saa,1,1,781.1,15.04868578255675,79.67096774193548,46.400000000000006,23.515681003584227,92.1774193548387,0
2010,84,Vaucluse,FR_84,44.005,5.131,11.004209088294507,6.4628223182796605,15.918466916091264,0.0,0.0,0.6508,,0.6508,0.6508,modis,,,1,0,1,246.0,357.0,398.0,75.0,456.0,4.0,agreste_saa,3,1,0.0,12.8802238704467,76.01365787901791,0.0,22.918606954977115,84.47788552129433,1
2011,84,Vaucluse,FR_84,44.005,5.131,13.14967793246129,8.032628127952277,19.10135675824988,0.0,0.0,0.5574,,0.5574,0.5574,modis,,,1,0,1,246.0,357.0,398.0,75.0,456.0,3.8,agreste_saa,3,1,0.0,14.839494180735864,76.44083022895222,0.0,20.887620124364048,86.29372279093569,1
2012,84,Vaucluse,FR_84,44.005,5.131,12.911628420704009,8.33514868302928,18.150193918273523,0.0,0.0,0.6128,,0.6128,0.6128,modis,,,1,0,1,246.0,357.0,398.0,75.0,456.0,4.097,agreste_saa,3,1,0.0,14.316330874727123,77.09402561894103,0.0,23.12861405835544,89.20622074089225,1
2013,84,Vaucluse,FR_84,44.005,5.131,12.903232100864503,8.38772491692415,18.08659688670249,0.0,0.0,0.646,,0.646,0.646,modis,,,1,0,1,246.0,357.0,398.0,75.0,456.0,4.303,agreste_saa,3,1,0.0,11.973842203548086,72.61410857785738,0.0,22.815457650273224,81.55244191119071,1
2014,84,Vaucluse,FR_84,44.005,5.131,13.910572693483443,9.345668261336366,19.436836896341205,0.0,0.0,0.59765,,0.59765,0.59765,modis,,,1,0,1,246.0,357.0,398.0,75.0,456.0,3.612,agreste_saa,3,1,0.0,14.120660892115763,76.6040699112842,0.0,22.405060010911072,87.17210269816944,1
2015,84,Vaucluse,FR_84,44.005,5.131,12.994776362105908,8.00132329089772,18.446587307869024,0.0,0.0,0.64285,,,0.64285,modis,,,1,0,1,246.0,357.0,398.0,75.0,456.0,3.645000000000001,agreste_saa,4,1,0.0,14.289771384893337,81.64627192529078,0.0,24.74457644628099,92.358467047242,1
2016,84,Vaucluse,FR_84,44.005,5.131,12.634216071980411,6.983700591353729,18.78019490634411,0.0,0.0,0.6119000000000001,,,0.6119000000000001,modis,,,1,0,1,246.0,357.0,398.0,75.0,456.0,4.0,agreste_saa,4,1,0.0,13.036407981428582,76.09556656930326,0.0,23.18986552738479,85.48895499905532,1
2017,84,Vaucluse,FR_84,44.005,5.131,12.119735255902668,6.796008920942754,17.98117651859554,0.0,0.0,0.5283,,,0.5283,modis,,,1,0,1,246.0,357.0,398.0,75.0,456.0,2.899,agreste_saa,4,1,0.0,14.348010481757711,80.08002071903141,0.0,24.462710084033613,91.96945161334035,1
2018,84,Vaucluse,FR_84,44.005,5.131,13.613831708648556,8.743724478466747,19.096658889124523,0.0,0.0,0.66185,0.5977967505745714,,0.5977967505745714,s2,42.0,11.289203,1,1,1,246.0,357.0,398.0,75.0,456.0,2.954,agreste_saa,1,1,0.0,14.28070586585018,81.05739519576932,0.0,24.11063025210084,91.06337810175222,1
2019,84,Vaucluse,FR_84,44.005,5.131,13.759366613389949,8.831847412509587,19.239519117613884,0.0,0.0,0.6283000000000001,0.6180927047653817,,0.6180927047653817,s2,37.0,16.268050000000002,1,1,1,246.0,357.0,398.0,75.0,456.0,2.686,agreste_saa,1,1,0.0,13.456904695748818,78.1610059694001,0.0,24.52957217058502,89.4298584284165,1
2020,84,Vaucluse,FR_84,44.005,5.131,12.723709677419356,7.332714126807564,18.134350512915585,0.0,0.0,0.6164000000000001,0.6667220470531168,,0.6667220470531168,s2,34.0,11.943352,1,1,1,246.0,357.0,398.0,75.0,456.0,3.0,agreste_saa,1,1,0.0,14.413333333333334,79.30896648154713,0.0,23.3718458781362,89.9836917562724,1
2021,84,Vaucluse,FR_84,44.005,5.131,12.445381720430108,7.428634408602151,17.470655913978494,584.5999999999999,0.0,0.658,0.7104657494243125,,0.7104657494243125,s2,48.0,12.0811295,1,1,1,246.0,357.0,398.0,75.0,456.0,3.554,agreste_saa,1,1,548.8,12.631820788530469,75.92354838709677,225.0,23.98662365591398,85.86870967741936,0
2022,84,Vaucluse,FR_84,44.005,5.131,14.257043010752689,9.425682795698926,19.15184946236559,1456.7,0.0,0.6915,0.4410017659335367,,0.4410017659335367,s2,50.0,11.6285445,1,1,1,246.0,357.0,398.0,75.0,456.0,2.047,agreste_saa,1,1,227.5,14.582478740600182,86.3168770820156,89.1,26.34278494623656,96.43300611427368,0
2023,84,Vaucluse,FR_84,44.005,5.131,14.48789247311828,9.818720430107527,19.77686559139785,811.6,0.0,0.61875,0.4061685112316242,,0.4061685112316242,s2,72.0,3.98552975,1,1,1,246.0,357.0,398.0,75.0,456.0,2.24,agreste_saa,1,1,482.2000000000001,14.239820788530466,80.76062365591397,385.5,24.51187096774193,91.74320430107528,0
2024,84,Vaucluse,FR_84,44.005,5.131,13.034111444396023,8.941596354253003,17.994952518301357,867.2,0.0,0.7172000000000001,0.483675521014269,,0.483675521014269,s2,38.0,11.508988,1,1,1,246.0,357.0,398.0,75.0,456.0,3.087,agreste_saa,1,1,666.9,14.01747670250896,77.2132688172043,306.8,23.493967741935485,89.04036559139786,0
2010,85,Vendée,FR_85,46.64,-1.204,10.254858212341198,6.763636702057135,13.958734158784033,705.1,0.0,0.6835500000000001,,0.6835500000000001,0.6835500000000001,modis,,,1,0,1,229.0,288.0,483.0,64.0,551.0,6.492,agreste_saa,3,1,194.7,11.25878561338796,64.591402761984,157.5,19.2753801037672,72.32711704769828,0
2011,85,Vendée,FR_85,46.64,-1.204,13.69736821258796,10.38998235908387,17.394161024577542,437.6,0.0,0.7080500000000001,,0.7080500000000001,0.7080500000000001,modis,,,1,0,1,229.0,288.0,483.0,64.0,551.0,6.097,agreste_saa,3,1,89.19999999999999,13.393821666093338,66.1941151911674,178.1,17.80109633827376,75.78365767482754,1
2012,85,Vendée,FR_85,46.64,-1.204,12.080959329236729,8.830640384330543,15.739238843019804,806.4,0.0,0.64625,,0.64625,0.64625,modis,,,1,0,1,229.0,288.0,483.0,64.0,551.0,7.596999999999999,agreste_saa,3,1,267.8,11.685070282464428,60.45513044440966,213.8,17.87641141141141,70.8080336702161,0
2013,85,Vendée,FR_85,46.64,-1.204,12.275843026189635,8.894879520477925,15.938616520331584,652.9,0.0,0.7488000000000001,,0.7488000000000001,0.7488000000000001,modis,,,1,0,1,229.0,288.0,483.0,64.0,551.0,6.697,agreste_saa,3,1,354.3,9.980062559530722,60.78962744948889,153.8,19.14756756756757,68.23532281372731,0
2014,85,Vendée,FR_85,46.64,-1.204,13.31777296805819,9.720266782181293,17.435058385353305,513.0,0.0,0.7195,,0.7195,0.7195,modis,,,1,0,1,229.0,288.0,483.0,64.0,551.0,7.095999999999999,agreste_saa,3,1,306.1,11.923395687777026,64.45457786792878,195.4,19.19219540229885,74.15457786792878,0
2015,85,Vendée,FR_85,46.64,-1.204,12.705586478800225,9.127332537183456,16.383840853673593,419.8,0.0,0.75485,,,0.75485,modis,,,1,0,1,229.0,288.0,483.0,64.0,551.0,7.197,agreste_saa,4,1,295.2,12.007242986597824,65.28361216904511,113.6,19.02574679943101,74.0732225586555,0
2016,85,Vendée,FR_85,46.64,-1.204,11.905010752688172,8.261308725978811,16.080614618664452,286.8,0.0,0.6860999999999999,,,0.6860999999999999,modis,,,1,0,1,229.0,288.0,483.0,64.0,551.0,6.199,agreste_saa,4,1,368.1,10.9788458781362,61.93436559139785,82.7,18.629236559139784,70.19501075268818,0
2017,85,Vendée,FR_85,46.64,-1.204,11.796819700155565,8.14569162155335,15.68878100549159,463.4,0.0,0.6549,,,0.6549,modis,,,1,0,1,229.0,288.0,483.0,64.0,551.0,7.098000000000001,agreste_saa,4,1,261.8,12.663064871481028,67.05638792637765,157.6,19.87833349807255,77.74586161058818,0
2018,85,Vendée,FR_85,46.64,-1.204,12.641865279065224,9.071928572575429,16.675371298928617,505.8,0.0,0.65795,0.762638861230827,,0.762638861230827,s2,37.0,5.56444275,1,1,1,229.0,288.0,483.0,64.0,551.0,5.699,agreste_saa,1,1,396.5,12.20481781936031,69.49407816818002,395.6,20.61045751633987,77.83536849076067,0
2019,85,Vendée,FR_85,46.64,-1.204,12.763121271969196,9.630342952404778,16.081311292253247,810.3000000000001,0.0,0.7297,0.7985415961595187,,0.7985415961595187,s2,29.0,17.62183125,1,1,1,229.0,288.0,483.0,64.0,551.0,7.436,agreste_saa,1,1,257.5,11.871306428338686,65.75089683231619,120.3,20.190566695727988,75.99505267647203,0
2020,85,Vendée,FR_85,46.64,-1.204,12.55849167151016,8.683441667159821,16.455790785990903,571.3,0.0,0.6894,0.6664877608948981,,0.6664877608948981,s2,31.0,12.494951,1,1,1,229.0,288.0,483.0,64.0,551.0,4.885,agreste_saa,1,1,368.8,13.398376605188824,67.28318279569893,167.3,18.448,77.09112981556648,0
2021,85,Vendée,FR_85,46.64,-1.204,12.225309139784946,8.969923835125448,15.946034946236558,774.4,0.0,0.7145,0.7660545652341524,,0.7660545652341524,s2,21.0,8.5939275,1,1,1,229.0,288.0,483.0,64.0,551.0,6.695,agreste_saa,1,1,308.7,11.307180406212664,63.013458781362,340.3,19.14837813620072,72.21829749103944,0
2022,85,Vendée,FR_85,46.64,-1.204,13.564103942652329,10.510725806451612,16.92796146953405,1008.7,0.0,0.7020500000000001,0.4698136847811584,,0.4698136847811584,s2,35.0,19.12775925,1,1,1,229.0,288.0,483.0,64.0,551.0,6.675,agreste_saa,1,1,307.20000000000005,13.226429009654815,70.51020100745907,288.3,20.7119623655914,81.10321176014725,0
2023,85,Vendée,FR_85,46.64,-1.204,14.519166666666669,11.40334229390681,17.99168458781362,1761.9,0.0,0.7225,0.4891686806828222,,0.4891686806828222,s2,41.0,14.89331375,1,1,1,229.0,288.0,483.0,64.0,551.0,6.795999999999999,agreste_saa,1,1,595.8,12.549109916367982,68.1666129032258,376.1,20.212329749103944,78.07198924731182,0
2024,85,Vendée,FR_85,46.64,-1.204,12.476783408124136,9.738169184086525,15.62923555387265,1333.7,0.0,0.7523,0.4223834144865296,,0.4223834144865296,s2,13.0,29.011492500000003,1,1,1,229.0,288.0,483.0,64.0,551.0,4.771,agreste_saa,1,1,1063.7,12.425023894862605,64.19413978494623,376.9,18.628082437275985,74.53123655913978,0
2010,86,Vienne,FR_86,46.606,0.377,9.41237583356488,5.374501457405269,13.725069913040398,225.2,0.0,0.5369999999999999,,0.5369999999999999,0.5369999999999999,modis,,,1,0,1,230.0,392.0,378.0,66.0,320.0,6.299,agreste_saa,3,1,134.0,10.97357626443648,64.88371403114432,109.0,19.717782941498086,72.35629467630561,0
2011,86,Vienne,FR_86,46.606,0.377,12.910985134141512,8.757268616064547,17.360500411120817,194.3,0.0,0.5749,,0.5749,0.5749,modis,,,1,0,1,230.0,392.0,378.0,66.0,320.0,5.3,agreste_saa,3,1,25.6,13.534003505516033,67.80082340518574,101.2,18.23629169022046,77.07459389698903,1
2012,86,Vienne,FR_86,46.606,0.377,11.312701612903226,7.493666369313114,15.78462830805828,356.9,0.0,0.50295,,0.50295,0.50295,modis,,,1,0,1,230.0,392.0,378.0,66.0,320.0,7.098999999999999,agreste_saa,3,1,203.1,11.419278168460876,60.38062922488229,93.8,18.07430058555628,70.40643567649519,0
2013,86,Vienne,FR_86,46.606,0.377,11.20421112346022,7.190995434748387,15.610925078125437,217.8,0.0,0.5591,,0.5591,0.5591,modis,,,1,0,1,230.0,392.0,378.0,66.0,320.0,6.4,agreste_saa,3,1,222.7,9.62456989247312,60.50999073044123,73.6,19.25147385984427,67.37665739710789,0
2014,86,Vienne,FR_86,46.606,0.377,12.303227401129943,7.946053571428571,16.948620754245752,93.4,0.0,0.55315,,0.55315,0.55315,modis,,,1,0,1,230.0,392.0,378.0,66.0,320.0,6.7,agreste_saa,3,1,179.10000000000002,11.357043010752689,62.576673134449024,76.6,18.876159147869675,71.82344732799741,0
2015,86,Vienne,FR_86,46.606,0.377,11.67852221279004,7.347676659870014,16.287210080285462,209.6,0.0,0.52935,,,0.52935,modis,,,1,0,1,230.0,392.0,378.0,66.0,320.0,7.098999999999999,agreste_saa,4,1,79.3,11.758138672599186,66.68580064674167,103.2,19.888756830601093,75.05192967899974,1
2016,86,Vienne,FR_86,46.606,0.377,11.100201612903223,6.475182248952068,16.17909736410463,76.69999999999999,0.0,0.4383,,,0.4383,modis,,,1,0,1,230.0,392.0,378.0,66.0,320.0,5.0,agreste_saa,4,1,139.89999999999998,10.370627240143367,61.20118279569892,79.10000000000001,18.762392473118275,68.63666666666666,0
2017,86,Vienne,FR_86,46.606,0.377,10.76784536176417,6.390133035038469,15.617866700679944,148.6,0.0,0.54635,,,0.54635,modis,,,1,0,1,230.0,392.0,378.0,66.0,320.0,6.6,agreste_saa,4,1,115.1,12.352222222222224,67.53539821396026,74.69999999999999,20.413559322033898,77.88378531073447,0
2018,86,Vienne,FR_86,46.606,0.377,12.156802525974134,7.760121056885445,16.959893740937076,113.7,0.0,0.40705,0.2727631832874184,,0.2727631832874184,s2,65.0,9.65447225,1,1,1,230.0,392.0,378.0,66.0,320.0,6.4,agreste_saa,1,1,156.6,12.088550209586296,70.47344632768362,75.2,21.070833333333333,78.40731729542556,0
2019,86,Vienne,FR_86,46.606,0.377,12.031540405518802,8.33901752830738,16.16769553933912,360.2,0.0,0.6492500000000001,0.4586102719033232,,0.4586102719033232,s2,56.0,11.8952265,1,1,1,230.0,392.0,378.0,66.0,320.0,7.8,agreste_saa,1,1,114.7,11.482570362535988,66.86287912495365,67.69999999999999,21.06496106785317,76.57763322331431,0
2020,86,Vienne,FR_86,46.606,0.377,11.899852150537637,7.593629032258065,16.49655445621841,164.4,0.0,0.4384,0.2854668449477389,,0.2854668449477389,s2,53.0,24.91040675,1,1,1,230.0,392.0,378.0,66.0,320.0,5.5,agreste_saa,1,1,121.4,13.22493264120628,68.11999294905694,61.7,18.83811475409836,77.35102743181555,0
2021,86,Vienne,FR_86,46.606,0.377,11.072701612903227,6.778145161290323,15.973024193548389,125.7,0.0,0.4632,0.3333333333333333,,0.3333333333333333,s2,49.0,17.0658135,1,1,1,230.0,392.0,378.0,66.0,320.0,6.5,agreste_saa,1,1,134.8,10.724229390681003,62.38876344086022,171.1,19.32013440860215,70.81295698924731,0
2022,86,Vienne,FR_86,46.606,0.377,12.544663978494624,8.526102150537634,17.07197580645161,263.6,0.0,0.52375,0.2936597513650106,,0.2936597513650106,s2,62.0,12.010552,1,1,1,230.0,392.0,378.0,66.0,320.0,5.6,agreste_saa,1,1,68.9,13.106236559139786,72.43483870967742,121.0,21.5991935483871,82.51709677419355,1
2023,86,Vienne,FR_86,46.606,0.377,13.579153225806452,9.454274193548388,18.21673387096774,348.2,0.0,0.4619999999999999,0.1663498098859315,,0.1663498098859315,s2,77.0,18.51682225,1,1,1,230.0,392.0,378.0,66.0,320.0,6.7,agreste_saa,1,1,202.2,12.14100358422939,68.34091397849463,168.1,20.71782258064516,77.8586559139785,0
2024,86,Vienne,FR_86,46.606,0.377,11.472647849462366,8.117836021505376,15.333346774193547,308.0,0.0,0.5641,0.2065720331139023,,0.2065720331139023,s2,26.0,9.450075,1,1,1,230.0,392.0,378.0,66.0,320.0,5.6,agreste_saa,1,1,320.79999999999995,11.977311827956989,65.08688172043011,94.4,19.416182795698923,74.76430107526882,0
2010,87,Haute-Vienne,FR_87,45.841,1.216,9.469626939956395,5.460551751619168,13.906969174135652,292.8,0.0,0.7488,,0.7488,0.7488,modis,,,1,0,1,229.0,435.0,336.0,60.0,697.0,4.788,agreste_saa,3,1,133.2,11.095209339774556,65.32970037453184,164.6,19.645405742821477,72.57643950496661,0
2011,87,Haute-Vienne,FR_87,45.841,1.216,12.659110047658434,8.641189916405434,17.47504149642492,207.4,0.0,0.7319,,0.7319,0.7319,modis,,,1,0,1,229.0,435.0,336.0,60.0,697.0,5.173,agreste_saa,3,1,117.29999999999998,13.682880974447238,67.85824165794045,121.7,18.034469696969698,77.11758231728112,0
2012,87,Haute-Vienne,FR_87,45.841,1.216,10.909644499392677,6.693729477932672,15.675575634864623,292.0,0.0,0.7562,,0.7562,0.7562,modis,,,1,0,1,229.0,435.0,336.0,60.0,697.0,5.1850000000000005,agreste_saa,3,1,228.0,11.280234772771678,60.17438958366933,156.60000000000002,18.087003922999727,70.01471216431449,0
2013,87,Haute-Vienne,FR_87,45.841,1.216,10.451931623101332,6.4507850949954575,15.09121795631394,287.0,0.0,0.7669,,0.7669,0.7669,modis,,,1,0,1,229.0,435.0,336.0,60.0,697.0,4.976,agreste_saa,3,1,211.9,9.14864641033996,58.31961103724982,101.1,18.781280347559417,65.00849992613871,0
2014,87,Haute-Vienne,FR_87,45.841,1.216,11.379340039151678,6.8518143554294975,16.49311748312624,189.6,0.0,0.7255,,0.7255,0.7255,modis,,,1,0,1,229.0,435.0,336.0,60.0,697.0,5.789,agreste_saa,3,1,203.8,10.801392914653784,61.19888888888889,138.1,18.578333333333333,69.56084541062802,0
2015,87,Haute-Vienne,FR_87,45.841,1.216,10.885820755708082,6.0674960582068325,16.316376802789634,161.1,0.0,0.7362000000000001,,,0.7362000000000001,modis,,,1,0,1,229.0,435.0,336.0,60.0,697.0,5.978,agreste_saa,4,1,86.2,11.731172858849916,68.10299562334762,22.7,20.503112507138777,76.1997435908273,1
2016,87,Haute-Vienne,FR_87,45.841,1.216,10.47058502887042,5.499832397332398,16.453886395811395,104.6,0.0,0.6826,,,0.6826,modis,,,1,0,1,229.0,435.0,336.0,60.0,697.0,3.9,agreste_saa,4,1,189.7,9.997508384196385,60.28239345871022,129.0,18.599892830746487,67.19231081408212,0
2017,87,Haute-Vienne,FR_87,45.841,1.216,9.836745507685643,5.474217282814452,14.87582632446681,250.0,0.0,0.7520500000000001,,,0.7520500000000001,modis,,,1,0,1,229.0,435.0,336.0,60.0,697.0,5.392,agreste_saa,4,1,171.4,12.10524308931114,66.5618869069421,70.19999999999999,20.16275623885918,76.64124174565178,0
2018,87,Haute-Vienne,FR_87,45.841,1.216,11.817768042621132,7.023858749988842,17.134842552743102,172.4,0.0,0.5730999999999999,0.4934573483531517,,0.4934573483531517,s2,66.0,10.733813,1,1,1,229.0,435.0,336.0,60.0,697.0,4.697,agreste_saa,1,1,270.9,11.923543270460732,69.51632107666427,100.5,20.66574885844749,77.10212752827717,0
2019,87,Haute-Vienne,FR_87,45.841,1.216,11.819256709615106,7.753397312537761,16.308501644700037,378.2,0.0,0.6949000000000001,0.6489169675090252,,0.6489169675090252,s2,56.0,15.93912,1,1,1,229.0,435.0,336.0,60.0,697.0,5.989,agreste_saa,1,1,166.4,11.011292745721642,65.5730844960554,111.0,20.86760312944524,74.7690844960554,0
2020,87,Haute-Vienne,FR_87,45.841,1.216,11.138144252612449,6.388310868727867,16.292243319295768,321.0,0.0,0.69205,0.6655948553054662,,0.6655948553054662,s2,48.0,21.785108,1,1,1,229.0,435.0,336.0,60.0,697.0,4.098,agreste_saa,1,1,133.2,12.957697944697944,67.84684951692898,69.5,18.898026490066226,76.66914681422628,0
2021,87,Haute-Vienne,FR_87,45.841,1.216,10.30174193548387,5.381467741935484,15.95767741935484,1005.3,0.0,0.68515,0.7926636398711264,,0.7926636398711264,s2,65.0,13.3211585,1,1,1,229.0,435.0,336.0,60.0,697.0,4.994,agreste_saa,1,1,590.9,10.331548387096774,60.724881720430105,674.3,18.93318279569893,68.86101075268817,0
2022,87,Haute-Vienne,FR_87,45.841,1.216,12.472064516129032,8.008048387096775,17.598311827956987,902.8,0.0,0.6941,0.5149278765514927,,0.5149278765514927,s2,63.0,17.694149,1,1,1,229.0,435.0,336.0,60.0,697.0,4.495,agreste_saa,1,1,515.6999999999999,12.723691756272402,71.09976344086022,472.7,21.213376344086026,80.59782795698925,0
2023,87,Haute-Vienne,FR_87,45.841,1.216,12.967897849462364,8.516747311827956,18.07748387096774,1219.0,0.0,0.5678000000000001,0.5992294330825753,,0.5992294330825753,s2,70.0,16.371556249999998,1,1,1,229.0,435.0,336.0,60.0,697.0,5.095000000000001,agreste_saa,1,1,784.0999999999999,12.12937634408602,68.05365591397849,540.7,20.625021505376345,77.63817204301075,0
2024,87,Haute-Vienne,FR_87,45.841,1.216,11.242645161290325,7.34111658367612,16.183083531788988,1473.4,0.0,0.75165,0.5148835670323063,,0.5148835670323063,s2,39.0,9.489743,1,1,1,229.0,435.0,336.0,60.0,697.0,3.193,agreste_saa,1,1,1288.3000000000002,11.810028673835124,64.84372043010752,413.3,19.55068817204301,74.5314623655914,0
2010,88,Vosges,FR_88,48.251,6.28,6.972473118279569,3.4483744033744035,10.937018006148442,617.5,0.0,0.42785,,0.42785,0.42785,modis,,,1,0,1,364.0,126.0,510.0,62.0,561.0,6.3,agreste_saa,3,1,215.7,9.412063177330856,60.65319327731092,258.5,19.14333333333333,66.52285619865924,0
2011,88,Vosges,FR_88,48.251,6.28,9.73466413298727,5.896691952404544,14.33641761933437,459.7000000000001,0.0,0.7021,,0.7021,0.7021,modis,,,1,0,1,364.0,126.0,510.0,62.0,561.0,6.499,agreste_saa,3,1,98.1,11.916573033707865,62.16933262769364,331.7,16.9174154589372,69.58455001899799,1
2012,88,Vosges,FR_88,48.251,6.28,8.98870212637429,4.966845024161884,13.290598091345585,523.0,0.0,0.5834,,0.5834,0.5834,modis,,,1,0,1,364.0,126.0,510.0,62.0,561.0,5.0,agreste_saa,3,1,388.3,10.785630498533726,58.74112425092439,284.0,17.487277667984188,67.33144683156955,0
2013,88,Vosges,FR_88,48.251,6.28,9.201828412611627,5.941592328278323,12.95467246745897,608.7,0.0,0.7335,,0.7335,0.7335,modis,,,1,0,1,364.0,126.0,510.0,62.0,561.0,6.229,agreste_saa,3,1,446.0,7.928082437275986,58.71592191080557,261.8,19.00857923497268,61.80140578177331,0
2014,88,Vosges,FR_88,48.251,6.28,9.8609778380468,5.862767519288417,13.996076386675496,461.3,0.0,0.7362,,0.7362,0.7362,modis,,,1,0,1,364.0,126.0,510.0,62.0,561.0,5.8950000000000005,agreste_saa,3,1,135.0,10.82783187682064,61.73332389150514,249.5,18.57491413052161,69.63332389150514,0
2015,88,Vosges,FR_88,48.251,6.28,9.472717422551362,5.1768020854485455,13.814731095295892,350.79999999999995,0.0,0.7231000000000001,,,0.7231000000000001,modis,,,1,0,1,364.0,126.0,510.0,62.0,561.0,7.182,agreste_saa,4,1,261.1,10.010090810517754,63.5291258677384,106.0,19.8691847826087,69.76864199677065,0
2016,88,Vosges,FR_88,48.251,6.28,8.208538830823839,4.150423653483166,12.868570318101344,271.7,0.0,0.6749,,,0.6749,modis,,,1,0,1,364.0,126.0,510.0,62.0,561.0,4.18,agreste_saa,4,1,441.4,8.718907650614968,56.62354030536327,257.0,17.702514367816093,61.56175168747709,0
2017,88,Vosges,FR_88,48.251,6.28,8.29696917435295,4.572283330676444,12.416355132539143,558.5999999999999,0.0,0.6230500000000001,,,0.6230500000000001,modis,,,1,0,1,364.0,126.0,510.0,62.0,561.0,6.2,agreste_saa,4,1,221.2,10.821857998189463,63.20653551565324,251.8,19.728948502477916,71.92347099952421,0
2018,88,Vosges,FR_88,48.251,6.28,9.82360648255589,5.440940896681243,14.601091394477711,300.5,0.0,0.3504,0.4985628396868731,,0.4985628396868731,s2,30.0,10.97298875,1,1,1,364.0,126.0,510.0,62.0,561.0,6.25,agreste_saa,1,1,345.4,11.115418519800295,69.82178416750652,159.1,20.630040726817043,74.60633701303497,0
2019,88,Vosges,FR_88,48.251,6.28,9.716644247934571,6.192340721040189,13.524206412529551,505.4,0.0,0.70055,0.5911858509712961,,0.5911858509712961,s2,18.0,17.857352,1,1,1,364.0,126.0,510.0,62.0,561.0,6.8,agreste_saa,1,1,341.1,9.724553335168784,62.927141477914375,120.1,20.740885473046117,70.65543095159859,0
2020,88,Vosges,FR_88,48.251,6.28,9.738795698924733,5.453746850248691,13.951295867155144,422.4,0.0,0.6910000000000001,0.6676581908936362,,0.6676581908936362,s2,34.0,21.66484425,1,1,1,364.0,126.0,510.0,62.0,561.0,7.0,agreste_saa,1,1,253.8,11.262494344365312,63.86202066750454,147.20000000000002,18.483075268817203,70.75363357073034,0
2021,88,Vosges,FR_88,48.251,6.28,8.727048387096774,4.816666666666666,12.898881720430108,644.7,0.0,0.53615,0.708002955777675,,0.708002955777675,s2,22.0,2.95594225,1,1,1,364.0,126.0,510.0,62.0,561.0,6.2,agreste_saa,1,1,564.3,8.297870967741936,56.05612903225806,650.2,18.64448387096774,62.182580645161295,0
2022,88,Vosges,FR_88,48.251,6.28,10.276930107526882,6.836478494623655,13.9745,995.2,0.0,0.7227000000000001,0.3791861721281959,,0.3791861721281959,s2,24.0,11.6060365,1,1,1,364.0,126.0,510.0,62.0,561.0,6.3,agreste_saa,1,1,386.8,11.126695340501792,67.29176437587658,251.7,20.75551659654044,74.89111921458625,0
2023,88,Vosges,FR_88,48.251,6.28,11.165725806451611,7.34144623655914,15.413413978494624,1226.0,0.0,0.6589,0.5049800796812749,,0.5049800796812749,s2,40.0,5.7133185,1,1,1,364.0,126.0,510.0,62.0,561.0,6.299,agreste_saa,1,1,592.8,10.432508960573475,64.74436559139785,277.9,20.49858064516129,72.29468817204301,0
2024,88,Vosges,FR_88,48.251,6.28,9.18653224255956,5.797174235993209,12.829468390804598,963.3,0.0,0.69695,0.4487476327305728,,0.4487476327305728,s2,19.0,14.82192125,1,1,1,364.0,126.0,510.0,62.0,561.0,5.2,agreste_saa,1,1,1036.8,11.207899641577065,62.34640860215053,522.6,18.73167741935484,71.08705376344086,0
2010,89,Yonne,FR_89,47.833,3.594,8.03658539409095,4.281685543307422,11.806098668280873,151.5,0.0,0.67645,,0.67645,0.67645,modis,,,1,0,1,271.0,244.0,485.0,59.0,547.0,6.5,agreste_saa,3,1,84.9,10.113438706829967,62.33138319306568,52.6,19.40781423804227,69.15594459657444,1
2011,89,Yonne,FR_89,47.833,3.594,11.26974896571239,6.799904306220095,16.090201355661883,116.9,0.0,0.68115,,0.68115,0.68115,modis,,,1,0,1,271.0,244.0,485.0,59.0,547.0,6.2,agreste_saa,3,1,34.6,12.762619641824465,65.36875101915533,77.3,17.741265718972116,73.77039036341762,1
2012,89,Yonne,FR_89,47.833,3.594,9.932510196514643,5.863716637443989,14.236486947204364,133.1,0.0,0.62485,,0.62485,0.62485,modis,,,1,0,1,271.0,244.0,485.0,59.0,547.0,6.7,agreste_saa,3,1,107.0,11.039790109956868,59.56479106705042,91.7,17.8702910137512,68.859952357373,1
2013,89,Yonne,FR_89,47.833,3.594,10.13795059933016,6.176808414043584,14.143658192090395,125.9,0.0,0.7506,,0.7506,0.7506,modis,,,1,0,1,271.0,244.0,485.0,59.0,547.0,6.5,agreste_saa,3,1,169.1,8.572317734173028,59.48985784581738,47.3,19.171637506834337,64.06022821618775,0
2014,89,Yonne,FR_89,47.833,3.594,11.041252704652004,6.519339452092894,15.40417235559601,71.9,0.0,0.7045000000000001,,0.7045000000000001,0.7045000000000001,modis,,,1,0,1,271.0,244.0,485.0,59.0,547.0,6.4,agreste_saa,3,1,11.1,10.983120839733743,63.01140221242762,40.1,19.008439201451907,70.96624092210504,1
2015,89,Yonne,FR_89,47.833,3.594,10.71814393939394,6.122565278303022,15.07650054147901,97.2,0.0,0.6858500000000001,,,0.6858500000000001,modis,,,1,0,1,271.0,244.0,485.0,59.0,547.0,7.3,agreste_saa,4,1,46.1,10.608064516129032,65.12144185707253,2.4000000000000004,20.090559638213684,72.00531282481445,1
2016,89,Yonne,FR_89,47.833,3.594,9.285147849462366,4.743987146211841,13.969811158488856,65.7,0.0,0.7397,,,0.7397,modis,,,1,0,1,271.0,244.0,485.0,59.0,547.0,3.6,agreste_saa,4,1,51.4,9.659848698513429,60.08011390559504,45.7,18.54454620010935,66.06863849575898,1
2017,89,Yonne,FR_89,47.833,3.594,9.712379032258063,5.637968579234973,13.960938524590164,66.4,0.0,0.7133,,,0.7133,modis,,,1,0,1,271.0,244.0,485.0,59.0,547.0,6.567,agreste_saa,4,1,45.3,11.311899053998474,64.67006020190794,114.1,20.10508474576271,74.14586665352084,1
2018,89,Yonne,FR_89,47.833,3.594,10.80837365591398,5.860860215053763,15.814986559139784,78.2,0.0,0.5179,0.5908606665705058,,0.5908606665705058,s2,34.0,13.498409,1,1,1,271.0,244.0,485.0,59.0,547.0,6.8,agreste_saa,1,1,164.7,11.79800437397485,70.5763787133224,16.799999999999997,20.951666666666668,77.2973464552579,0
2019,89,Yonne,FR_89,47.833,3.594,10.879233870967742,6.835322580645162,14.903440860215056,88.1,0.0,0.69455,0.3083166246908835,,0.3083166246908835,s2,21.0,15.140396250000002,1,1,1,271.0,244.0,485.0,59.0,547.0,6.9,agreste_saa,1,1,83.69999999999999,10.4910394265233,64.51720430107527,26.6,20.76801075268817,73.00913978494624,1
2020,89,Yonne,FR_89,47.833,3.594,10.97217741935484,6.42733870967742,15.370322580645162,78.5,0.0,0.71235,0.4219745222929937,,0.4219745222929937,s2,26.0,3.612326,1,1,1,271.0,244.0,485.0,59.0,547.0,5.5,agreste_saa,1,1,56.2,12.264032258064516,66.44698924731182,11.9,18.94357526881721,74.67924731182795,1
2021,89,Yonne,FR_89,47.833,3.594,9.8825,5.555456989247312,14.443709677419356,51.4,0.0,0.6612,0.6407707243359702,,0.6407707243359702,s2,31.0,9.39740825,1,1,1,271.0,244.0,485.0,59.0,547.0,6.6,agreste_saa,1,1,13.1,9.342347670250897,59.15892473118279,57.1,19.169166666666666,66.36537634408602,1
2022,89,Yonne,FR_89,47.833,3.594,11.14244623655914,6.175645161290323,15.484556451612905,177.5,0.0,0.55425,0.3698196391828862,,0.3698196391828862,s2,37.0,16.9820735,1,1,1,271.0,244.0,485.0,59.0,547.0,5.8,agreste_saa,1,1,12.2,11.79899641577061,68.04639784946237,114.0,20.567446236559142,76.5318817204301,1
2023,89,Yonne,FR_89,47.833,3.594,12.24111559139785,7.203400537634408,16.97747311827957,192.1,0.0,0.63635,0.3353554931343027,,0.3353554931343027,s2,34.0,8.782874249999999,1,1,1,271.0,244.0,485.0,59.0,547.0,6.3,agreste_saa,1,1,99.6,10.891612903225807,65.13844086021506,123.7,20.446317204301074,73.56747311827958,1
2024,89,Yonne,FR_89,47.833,3.594,10.42994623655914,6.2582258064516125,14.102876344086022,228.2,0.0,0.5996000000000001,0.2866140973311237,,0.2866140973311237,s2,14.0,14.341559,1,1,1,271.0,244.0,485.0,59.0,547.0,5.3,agreste_saa,1,1,198.9,11.780716845878136,63.32510752688172,143.0,18.76809139784946,72.87833333333333,0
2010,90,Territoire de Belfort,FR_90,47.621,6.944,6.822967089568424,3.22583420160517,11.083475163650366,240.3,0.0,0.4715,,0.4715,0.4715,modis,,,1,0,1,335.0,95.0,570.0,55.0,1037.0,6.799,agreste_saa,3,1,133.2,9.670286738351257,61.81573070607554,84.9,19.239532019704438,67.48992425446264,0
2011,90,Territoire de Belfort,FR_90,47.621,6.944,9.543087557603688,5.621809688415955,14.29107355252538,181.8,0.0,0.6713500000000001,,0.6713500000000001,0.6713500000000001,modis,,,1,0,1,335.0,95.0,570.0,55.0,1037.0,7.192,agreste_saa,3,1,54.9,12.045100810250611,63.4821709306637,122.5,17.198844086021506,70.53299060279485,1
2012,90,Territoire de Belfort,FR_90,47.621,6.944,8.66573900322841,5.306854128092786,12.871772552790022,330.8,0.0,0.6635,,0.6635,0.6635,modis,,,1,0,1,335.0,95.0,570.0,55.0,1037.0,6.093999999999999,agreste_saa,3,1,137.29999999999998,10.80107904169025,60.22898013341637,156.0,18.131419891269587,68.66607690760992,0
2013,90,Territoire de Belfort,FR_90,47.621,6.944,8.791480812013349,5.401625100013661,12.935323263665282,226.4,0.0,0.68275,,0.68275,0.68275,modis,,,1,0,1,335.0,95.0,570.0,55.0,1037.0,6.484,agreste_saa,3,1,197.4,8.662903225806453,61.1436678614098,112.9,19.379091995221028,64.74689366786141,0
2014,90,Territoire de Belfort,FR_90,47.621,6.944,10.140531390192503,6.793236754105967,14.361327754205552,200.8,0.0,0.6079000000000001,,0.6079000000000001,0.6079000000000001,modis,,,1,0,1,335.0,95.0,570.0,55.0,1037.0,7.358,agreste_saa,3,1,68.5,10.959084950393114,62.681717216770735,136.1,18.869166666666665,70.61558818451267,1
2015,90,Territoire de Belfort,FR_90,47.621,6.944,9.492124615975422,5.567768098251579,14.584756466041572,135.29999999999998,0.0,0.59745,,,0.59745,modis,,,1,0,1,335.0,95.0,570.0,55.0,1037.0,6.793000000000001,agreste_saa,4,1,116.6,10.683069216757742,66.38467213114754,124.9,20.53412568306011,73.11745901639344,0
2016,90,Territoire de Belfort,FR_90,47.621,6.944,8.21798387096774,4.478301883399039,12.712412093185035,113.4,0.0,0.6609,,,0.6609,modis,,,1,0,1,335.0,95.0,570.0,55.0,1037.0,5.001,agreste_saa,4,1,241.4,9.254215288794876,60.11419354838709,165.2,18.7544623655914,65.27157059756743,0
2017,90,Territoire de Belfort,FR_90,47.621,6.944,8.438010752688172,4.734088983050847,13.015840395480224,162.1,0.0,0.6366,,,0.6366,modis,,,1,0,1,335.0,95.0,570.0,55.0,1037.0,8.041,agreste_saa,4,1,101.9,11.233553077766524,65.573075854404,84.4,20.398305084745765,74.49726940279109,1
2018,90,Territoire de Belfort,FR_90,47.621,6.944,9.63439667280148,5.87259507517572,14.019615277195925,128.3,0.0,0.63395,0.6860115791278785,,0.6860115791278785,s2,65.0,13.50135225,1,1,1,335.0,95.0,570.0,55.0,1037.0,6.5,agreste_saa,1,1,101.1,11.492161168823278,71.32079215405427,91.8,20.768122065727702,76.01272763792524,1
2019,90,Territoire de Belfort,FR_90,47.621,6.944,9.400256392302875,6.169502599358792,13.2048968953616,208.2,0.0,0.61755,0.6598160882378543,,0.6598160882378543,s2,39.0,24.3210505,1,1,1,335.0,95.0,570.0,55.0,1037.0,7.9,agreste_saa,1,1,134.7,9.269359254064724,61.00906810035842,132.3,20.397777777777776,68.60363331774973,0
2020,90,Territoire de Belfort,FR_90,47.621,6.944,9.364740143369175,5.951708981469675,13.483310993879892,148.0,0.0,0.6113500000000001,0.451416770594467,,0.451416770594467,s2,64.0,22.3058555,1,1,1,335.0,95.0,570.0,55.0,1037.0,8.4,agreste_saa,1,1,87.89999999999999,11.03035304003046,63.44275985663082,59.8,18.384641577060933,69.86034227421324,1
2021,90,Territoire de Belfort,FR_90,47.621,6.944,8.435625,4.811754032258064,12.652137096774194,432.9,0.0,0.6798,0.6763464411860887,,0.6763464411860887,s2,48.0,5.94830825,1,1,1,335.0,95.0,570.0,55.0,1037.0,6.1,agreste_saa,1,1,525.1,8.202840501792116,55.89357526881721,655.5,18.59413978494624,61.79680107526882,0
2022,90,Territoire de Belfort,FR_90,47.621,6.944,10.050315860215054,6.623568548387097,13.99717741935484,722.7,0.0,0.6875500000000001,0.3792491985920074,,0.3792491985920074,s2,57.0,11.17900325,1,1,1,335.0,95.0,570.0,55.0,1037.0,6.7,agreste_saa,1,1,350.9,10.98937275985663,67.34476105137395,240.9,20.8310633213859,74.63024492234169,0
2023,90,Territoire de Belfort,FR_90,47.621,6.944,11.044825268817204,7.02869623655914,15.62268817204301,765.8,0.0,0.567,0.3699528637969012,,0.3699528637969012,s2,80.0,7.8444445,1,1,1,335.0,95.0,570.0,55.0,1037.0,6.5,agreste_saa,1,1,442.3,10.133727598566308,63.55204301075268,260.8,20.28631720430108,70.97381720430107,0
2024,90,Territoire de Belfort,FR_90,47.621,6.944,8.759237578791248,5.542398730070449,12.505923016314425,696.5,0.0,0.6784,0.3322957198443579,,0.3322957198443579,s2,31.0,11.87991575,1,1,1,335.0,95.0,570.0,55.0,1037.0,5.3,agreste_saa,1,1,628.0,10.792025089605737,61.80392473118279,411.3,18.88771505376344,70.15150537634408,0
2010,91,Essonne,FR_91,48.563,2.266,8.419292710636208,5.2692644284254895,11.650961922889724,245.9,0.0,0.22905,,0.22905,0.22905,modis,,,1,0,1,267.0,243.0,489.0,68.0,379.0,7.6,agreste_saa,3,1,103.5,10.769073409219525,64.60452100077781,170.10000000000002,19.70331140350877,71.71384303467612,1
2011,91,Essonne,FR_91,48.563,2.266,11.677708208926097,8.242004504504504,15.51126126126126,195.5,0.0,0.42445,,0.42445,0.42445,modis,,,1,0,1,267.0,243.0,489.0,68.0,379.0,6.7,agreste_saa,3,1,24.200000000000003,13.257989377625416,65.5778985346775,185.3,17.43518667741069,74.64434148769763,1
2012,91,Essonne,FR_91,48.563,2.266,10.095171754347984,7.009466403766202,13.479552381389093,253.6,0.0,0.3953,,0.3953,0.3953,modis,,,1,0,1,267.0,243.0,489.0,68.0,379.0,8.2,agreste_saa,3,1,185.5,11.362110211168938,58.69284664601912,153.10000000000002,17.403911601027396,68.89415383556161,0
2013,91,Essonne,FR_91,48.563,2.266,10.621796783164234,7.48632266624129,13.957225457792784,261.4,0.0,0.70255,,0.70255,0.70255,modis,,,1,0,1,267.0,243.0,489.0,68.0,379.0,8.3,agreste_saa,3,1,150.60000000000002,8.915324088399492,60.265193645025576,135.3,19.235114045618246,65.21620035643497,0
2014,91,Essonne,FR_91,48.563,2.266,11.379907242888608,8.22052995309677,14.928379541247253,174.5,0.0,0.50875,,0.50875,0.50875,modis,,,1,0,1,267.0,243.0,489.0,68.0,379.0,8.5,agreste_saa,3,1,146.0,11.654082507554994,63.17563141923436,195.0,18.715724206349208,72.39369593536338,0
2015,91,Essonne,FR_91,48.563,2.266,11.25483204603968,8.100601880072722,14.652152597024331,192.4,0.0,0.60605,,,0.60605,modis,,,1,0,1,267.0,243.0,489.0,68.0,379.0,8.3,agreste_saa,4,1,128.7,11.248383488489573,65.45473950656461,23.3,19.729794520547948,73.20473950656461,0
2016,91,Essonne,FR_91,48.563,2.266,10.149470571639927,6.787200258891436,13.846806298276888,142.2,0.0,0.5639500000000001,,,0.5639500000000001,modis,,,1,0,1,267.0,243.0,489.0,68.0,379.0,4.5,agreste_saa,4,1,282.9,10.093664371042976,60.753103170054914,100.4,18.524290322580647,67.32957375829021,0
2017,91,Essonne,FR_91,48.563,2.266,10.234555423959293,7.081703882993732,13.707471985408228,288.9,0.0,0.4053,,,0.4053,modis,,,1,0,1,267.0,243.0,489.0,68.0,379.0,7.5,agreste_saa,4,1,136.3,12.110167132876157,66.49046834674134,83.2,20.17062863534676,76.67175866932199,0
2018,91,Essonne,FR_91,48.563,2.266,11.139181060992394,7.62268967677013,15.004912987392236,163.8,0.0,0.27105,0.1420360886225523,,0.1420360886225523,s2,34.0,8.703221,1,1,1,267.0,243.0,489.0,68.0,379.0,7.5,agreste_saa,1,1,174.1,12.077226193294342,71.98907421748008,160.50000000000003,21.23321394783079,78.6981064755446,0
2019,91,Essonne,FR_91,48.563,2.266,10.94591670050519,8.0197409965978,14.281610101705702,270.5,0.0,0.5083,0.5077849030268634,,0.5077849030268634,s2,24.0,17.329646,1,1,1,267.0,243.0,489.0,68.0,379.0,8.7,agreste_saa,1,1,156.60000000000002,11.211138660482112,65.75534717816745,61.400000000000006,20.667501546072973,74.96841907359229,0
2020,91,Essonne,FR_91,48.563,2.266,11.38086850358423,8.004028160084125,14.974619661027432,265.2,0.0,0.41395,0.4323255191403115,,0.4323255191403115,s2,31.0,16.27408925,1,1,1,267.0,243.0,489.0,68.0,379.0,7.2,agreste_saa,1,1,121.6,12.584697476797457,67.63172043010753,74.7,19.05768817204301,75.86946877447839,0
2021,91,Essonne,FR_91,48.563,2.266,10.614327956989248,7.089349462365592,14.543817204301074,566.8,0.0,0.41695,0.2764135086004723,,0.2764135086004723,s2,18.0,5.55312775,1,1,1,267.0,243.0,489.0,68.0,379.0,8.1,agreste_saa,1,1,222.4,9.788903225806452,60.00845161290323,423.4,19.29183870967742,67.9503870967742,0
2022,91,Essonne,FR_91,48.563,2.266,11.376080645161291,8.314790322580645,14.87647311827957,414.4,0.0,0.7134,0.3282764433206911,,0.3282764433206911,s2,29.0,27.660733,1,1,1,267.0,243.0,489.0,68.0,379.0,8.4,agreste_saa,1,1,308.0,12.37362007168459,69.04281720430107,199.8,20.668720430107527,78.45830107526882,0
2023,91,Essonne,FR_91,48.563,2.266,12.652354838709678,9.352618279569892,16.468091397849463,613.1,0.0,0.3521,0.0981279007312481,,0.0981279007312481,s2,34.0,9.4507885,1,1,1,267.0,243.0,489.0,68.0,379.0,7.9,agreste_saa,1,1,323.2,11.284896057347671,66.35133333333333,287.20000000000005,20.696387096774195,75.2474623655914,0
2024,91,Essonne,FR_91,48.563,2.266,10.664462365591396,7.989962365591398,13.636833333333334,811.1,0.0,0.31575,0.135243841126194,,0.135243841126194,s2,15.0,27.2374325,1,1,1,267.0,243.0,489.0,68.0,379.0,6.406000000000001,agreste_saa,1,1,643.4000000000001,11.84521146953405,63.5952688172043,249.6,18.716591397849463,72.96881720430108,0
2010,92,Hauts-de-Seine,FR_92,48.8335,2.262,8.528946043642472,5.392271263098335,11.73777203836846,245.9,0.0,0.143,,0.143,0.143,modis,,,1,0,1,235.0,291.0,474.0,58.0,859.0,8.012312494580767,eurostat_apro_cpshr_subnational,3,1,103.5,10.792456982793118,64.7030712284914,170.10000000000002,19.85612745098039,72.08962585034014,1
2011,92,Hauts-de-Seine,FR_92,48.8335,2.262,11.798531699451631,8.401033628651113,15.610403661730253,195.5,0.0,0.17135,,0.17135,0.17135,modis,,,1,0,1,235.0,291.0,474.0,58.0,859.0,7.485938467891803,eurostat_apro_cpshr_subnational,3,1,24.200000000000003,13.337182699478,66.0033625849592,185.3,17.560573909929268,75.13269591829254,1
2012,92,Hauts-de-Seine,FR_92,48.8335,2.262,10.22167034711698,7.208102405846719,13.57100129925575,253.6,0.0,0.17435,,0.17435,0.17435,modis,,,1,0,1,235.0,291.0,474.0,58.0,859.0,8.031071655041217,eurostat_apro_cpshr_subnational,3,1,185.5,11.483922318295868,59.18078862865056,153.10000000000002,17.498381804623413,69.44853056413443,0
2013,92,Hauts-de-Seine,FR_92,48.8335,2.262,10.73344031101384,7.622568737726798,14.021051079408778,261.4,0.0,0.18465,,0.18465,0.18465,modis,,,1,0,1,235.0,291.0,474.0,58.0,859.0,8.283113489822581,eurostat_apro_cpshr_subnational,3,1,150.60000000000002,9.009145324532996,60.526475444896505,135.3,19.24817745376956,65.52379088113811,0
2014,92,Hauts-de-Seine,FR_92,48.8335,2.262,11.528537864606246,8.359887754520743,14.976787570801934,174.5,0.0,0.1684999999999999,,0.1684999999999999,0.1684999999999999,modis,,,1,0,1,235.0,291.0,474.0,58.0,859.0,8.520795886803494,eurostat_apro_cpshr_subnational,3,1,146.0,11.776753786986893,63.455072130582224,195.0,18.747244094488188,72.82474954993705,0
2015,92,Hauts-de-Seine,FR_92,48.8335,2.262,11.368245710363762,8.208193542198844,14.6904258220033,192.4,0.0,0.19555,,,0.19555,modis,,,1,0,1,235.0,291.0,474.0,58.0,859.0,8.700196004837565,eurostat_apro_cpshr_subnational,4,1,128.7,11.341153637508476,65.72215584032995,23.3,19.776712328767125,73.57688557005967,0
2016,92,Hauts-de-Seine,FR_92,48.8335,2.262,10.304405365776333,6.986305646967412,13.957957993803582,142.2,0.0,0.20415,,,0.20415,modis,,,1,0,1,235.0,291.0,474.0,58.0,859.0,,pik_france_county_1900_2018,5,0,282.9,10.16668567501572,61.01491175833832,100.4,18.58847311827957,67.6770032616063,0
2017,92,Hauts-de-Seine,FR_92,48.8335,2.262,10.386090875643855,7.280345889705543,13.78252190775546,288.9,0.0,0.1684,,,0.1684,modis,,,1,0,1,235.0,291.0,474.0,58.0,859.0,7.916043225270157,eurostat_apro_cpshr_subnational,4,1,136.3,12.259364358846057,67.01780917670415,83.2,20.2972774049217,77.37264788638157,0
2018,92,Hauts-de-Seine,FR_92,48.8335,2.262,11.240439878222135,7.805901708317529,15.029571862128684,163.8,0.0,0.1339,-0.0993071593533487,,-0.0993071593533487,s2,33.0,10.25140725,1,1,1,235.0,291.0,474.0,58.0,859.0,7.566801252098172,eurostat_apro_cpshr_subnational,1,1,174.1,12.158101805073604,72.17647852860634,160.50000000000003,21.238183330886308,78.95067207699344,0
2019,92,Hauts-de-Seine,FR_92,48.8335,2.262,11.043965078644709,8.177578221591668,14.320919182614055,270.5,0.0,0.2067999999999999,-0.0025445292620865,,-0.0025445292620865,s2,24.0,17.329646,1,1,1,235.0,291.0,474.0,58.0,859.0,8.668878031287822,eurostat_apro_cpshr_subnational,1,1,156.60000000000002,11.324242767894502,66.01117410624695,61.400000000000006,20.70222943722944,75.37718717814238,0
2020,92,Hauts-de-Seine,FR_92,48.8335,2.262,11.533964373641634,8.215563551205829,15.012148455579592,265.2,0.0,0.18325,-0.089033382863178,,-0.089033382863178,s2,31.0,16.27408925,1,1,1,235.0,291.0,474.0,58.0,859.0,7.476092439137372,eurostat_apro_cpshr_subnational,1,1,121.6,12.735477670411449,68.22290954758697,74.7,19.168172043010756,76.54277709725584,0
2021,92,Hauts-de-Seine,FR_92,48.8335,2.262,10.76647311827957,7.232817204301074,14.619360215053764,566.6,0.0,0.21205,-0.0138473499636075,,-0.0138473499636075,s2,18.0,5.55312775,1,1,1,235.0,291.0,474.0,58.0,859.0,8.131151251754266,eurostat_apro_cpshr_subnational,1,1,251.3,9.902,60.31427956989248,453.7000000000001,19.335752688172043,68.37750537634409,0
2022,92,Hauts-de-Seine,FR_92,48.8335,2.262,11.484833333333333,8.45367741935484,14.931618279569893,411.3,0.0,0.1578,0.0300495981896807,,0.0300495981896807,s2,29.0,27.660733,1,1,1,235.0,291.0,474.0,58.0,859.0,8.367711031819738,eurostat_apro_cpshr_subnational,1,1,293.90000000000003,12.4744229390681,69.3014623655914,195.3,20.71974193548387,78.86275268817204,0
2023,92,Hauts-de-Seine,FR_92,48.8335,2.262,12.823983870967744,9.584198924731185,16.55663978494624,584.7,0.0,0.21815,-0.0045868497862329,,-0.0045868497862329,s2,34.0,9.4507885,1,1,1,235.0,291.0,474.0,58.0,859.0,8.131514245769656,eurostat_apro_cpshr_subnational,1,1,301.9,11.377154121863798,66.66729032258064,297.8,20.78404301075269,75.69954838709677,0
2024,92,Hauts-de-Seine,FR_92,48.8335,2.262,10.791768817204302,8.132854838709678,13.743537634408602,836.7,0.0,0.13945,-0.1470753626300636,,-0.1470753626300636,s2,15.0,27.2374325,1,1,1,235.0,291.0,474.0,58.0,859.0,,,2,0,615.9,11.972544802867384,64.06944086021505,213.1,18.80332258064516,73.52427956989247,0
2010,93,Seine-Saint-Denis,FR_93,48.909,2.46,8.62525174172233,5.547743959652827,11.800647724607083,245.9,0.0,0.1994,,0.1994,0.1994,modis,,,1,0,1,262.5,270.0,460.5,64.0,548.0,8.5,agreste_saa,3,1,103.5,10.801753519017671,64.92670730103985,170.10000000000002,20.01655670532676,72.43837396770653,1
2011,93,Seine-Saint-Denis,FR_93,48.909,2.46,11.923001402630604,8.557078628667718,15.715550184812976,195.5,0.0,0.3211,,0.3211,0.3211,modis,,,1,0,1,262.5,270.0,460.5,64.0,548.0,7.4,agreste_saa,3,1,24.200000000000003,13.387378708460105,66.41620546305892,185.3,17.707498244998245,75.5771326153768,1
2012,93,Seine-Saint-Denis,FR_93,48.909,2.46,10.3317688172043,7.349895824128996,13.674563987530677,253.6,0.0,0.37185,,0.37185,0.37185,modis,,,1,0,1,262.5,270.0,460.5,64.0,548.0,8.2,agreste_saa,3,1,185.5,11.60432974910394,59.73724783790462,153.10000000000002,17.617290585618974,70.04757041854978,0
2013,93,Seine-Saint-Denis,FR_93,48.909,2.46,10.845405738052795,7.748934454292837,14.124539931100298,261.4,0.0,0.36175,,0.36175,0.36175,modis,,,1,0,1,262.5,270.0,460.5,64.0,548.0,8.5,agreste_saa,3,1,150.60000000000002,9.087529828136311,61.00016843043159,135.3,19.3409749034749,65.94453929135874,0
2014,93,Seine-Saint-Denis,FR_93,48.909,2.46,11.66626642905678,8.542651860184371,15.112299543184813,174.5,0.0,0.3783499999999999,,0.3783499999999999,0.3783499999999999,modis,,,1,0,1,262.5,270.0,460.5,64.0,548.0,8.3,agreste_saa,3,1,146.0,11.8848996799354,63.74615157299656,195.0,18.803145621433885,73.26099028267399,0
2015,93,Seine-Saint-Denis,FR_93,48.909,2.46,11.479124582869856,8.307575657089316,14.79970620024428,192.4,0.0,0.37385,,,0.37385,modis,,,1,0,1,262.5,270.0,460.5,64.0,548.0,9.1,agreste_saa,4,1,128.7,11.45458353178899,66.25641272646929,23.3,19.913109589041092,74.18996977344915,0
2016,93,Seine-Saint-Denis,FR_93,48.909,2.46,10.426786761625472,7.133102344755159,14.08189687761299,142.2,0.0,0.3893999999999999,,,0.3893999999999999,modis,,,1,0,1,262.5,270.0,460.5,64.0,548.0,5.0,agreste_saa,4,1,282.9,10.26730155691861,61.50643699864301,100.4,18.724344086021507,68.25059284279885,0
2017,93,Seine-Saint-Denis,FR_93,48.909,2.46,10.516549019607842,7.422793569329298,13.902227266745625,288.9,0.0,0.304,,,0.304,modis,,,1,0,1,262.5,270.0,460.5,64.0,548.0,8.2,agreste_saa,4,1,136.3,12.39980110755347,67.71529636170965,83.2,20.49923684210526,78.19787700687093,0
2018,93,Seine-Saint-Denis,FR_93,48.909,2.46,11.335199137187876,7.898297353702825,15.139629537503216,163.8,0.0,0.3455,0.352950716416672,,0.352950716416672,s2,33.0,10.25140725,1,1,1,262.5,270.0,460.5,64.0,548.0,7.7,agreste_saa,1,1,174.1,12.30383149167442,72.68698861777303,160.50000000000003,21.333876103632942,79.57924668228915,0
2019,93,Seine-Saint-Denis,FR_93,48.909,2.46,11.144877225677725,8.268515965004617,14.409193091878098,270.5,0.0,0.3056,0.3257587264472541,,0.3257587264472541,s2,24.0,17.329646,1,1,1,262.5,270.0,460.5,64.0,548.0,8.8,agreste_saa,1,1,156.60000000000002,11.457016484619134,66.57174209455005,61.400000000000006,20.8532683982684,76.0775862503942,0
2020,93,Seine-Saint-Denis,FR_93,48.909,2.46,11.657718548311944,8.346356302224086,15.141341192714114,265.2,0.0,0.32655,0.3907001935313035,,0.3907001935313035,s2,31.0,16.27408925,1,1,1,262.5,270.0,460.5,64.0,548.0,7.8,agreste_saa,1,1,121.6,12.802689511513044,68.60898820563337,74.7,19.29065591397849,76.9893803624961,0
2021,93,Seine-Saint-Denis,FR_93,48.909,2.46,10.86820430107527,7.340467741935484,14.698188172043013,405.4,0.0,0.3701,0.382577048377946,,0.382577048377946,s2,18.0,5.55312775,1,1,1,262.5,270.0,460.5,64.0,548.0,8.3,agreste_saa,1,1,218.5,9.990379928315413,60.72430107526881,405.9,19.451419354838706,68.87397849462366,0
2022,93,Seine-Saint-Denis,FR_93,48.909,2.46,11.613317204301076,8.601284946236559,15.073263440860217,387.6,0.0,0.2946,0.297936805092317,,0.297936805092317,s2,29.0,27.660733,1,1,1,262.5,270.0,460.5,64.0,548.0,8.6,agreste_saa,1,1,204.7,12.566681003584227,69.77232258064517,180.4,20.84581720430108,79.39167741935483,0
2023,93,Seine-Saint-Denis,FR_93,48.909,2.46,12.937913978494624,9.734983870967742,16.625129032258066,400.6,0.0,0.2855999999999999,0.2610607540236601,,0.2610607540236601,s2,34.0,9.4507885,1,1,1,262.5,270.0,460.5,64.0,548.0,8.41,agreste_saa,1,1,289.8,11.45393548387097,67.01156989247312,309.40000000000003,20.899075268817207,76.15995698924732,0
2024,93,Seine-Saint-Denis,FR_93,48.909,2.46,10.898494623655914,8.25444623655914,13.862548387096776,798.1999999999999,0.0,0.3251,0.2477136370555124,,0.2477136370555124,s2,15.0,27.2374325,1,1,1,262.5,270.0,460.5,64.0,548.0,6.587000000000001,agreste_saa,1,1,608.0999999999999,12.124480286738352,64.66116129032258,204.2,18.946763440860217,74.26696774193549,0
2010,94,Val-de-Marne,FR_94,48.786,2.455,8.57858470053714,5.395530007181378,11.827930853055244,245.9,0.0,0.3319499999999999,,0.3319499999999999,0.3319499999999999,modis,,,1,0,1,263.0,325.0,413.0,66.0,532.0,7.6,agreste_saa,3,1,103.5,10.846521821176148,65.08023151091334,170.10000000000002,19.93897709148905,72.41751964650655,1
2011,94,Val-de-Marne,FR_94,48.786,2.455,11.79005027028082,8.301987028278822,15.680824072009482,195.5,0.0,0.3613499999999999,,0.3613499999999999,0.3613499999999999,modis,,,1,0,1,263.0,325.0,413.0,66.0,532.0,6.7,agreste_saa,3,1,24.200000000000003,13.30982469550087,66.12596969899822,185.3,17.656247806247805,75.24196969899822,1
2012,94,Val-de-Marne,FR_94,48.786,2.455,10.21515850945495,7.0853151684937306,13.64009836651227,253.6,0.0,0.4038,,0.4038,0.4038,modis,,,1,0,1,263.0,325.0,413.0,66.0,532.0,8.2,agreste_saa,3,1,185.5,11.540145480414388,59.49502286343322,153.10000000000002,17.5712801391996,69.76299671964237,0
2013,94,Val-de-Marne,FR_94,48.786,2.455,10.751549391255274,7.533714891563935,14.125318831040843,261.4,0.0,0.4093,,0.4093,0.4093,modis,,,1,0,1,263.0,325.0,413.0,66.0,532.0,8.3,agreste_saa,3,1,150.60000000000002,9.07195345570478,60.93031222860624,135.3,19.369977608598298,65.95581558431094,0
2014,94,Val-de-Marne,FR_94,48.786,2.455,11.52296962685124,8.246601228261412,15.12011956425995,174.5,0.0,0.3917,,0.3917,0.3917,modis,,,1,0,1,263.0,325.0,413.0,66.0,532.0,8.5,agreste_saa,3,1,146.0,11.732345189165466,63.37864480679231,195.0,18.74532074868021,72.68767706485681,0
2015,94,Val-de-Marne,FR_94,48.786,2.455,11.36618780126066,8.023413598755072,14.80256216252698,192.4,0.0,0.36395,,,0.36395,modis,,,1,0,1,263.0,325.0,413.0,66.0,532.0,8.3,agreste_saa,4,1,128.7,11.368202352601571,66.00483505929614,23.3,19.872597222222225,73.84980150224916,0
2016,94,Val-de-Marne,FR_94,48.786,2.455,10.278964739561513,6.873452545655231,14.041555611312644,142.2,0.0,0.38295,,,0.38295,modis,,,1,0,1,263.0,325.0,413.0,66.0,532.0,4.5,agreste_saa,4,1,282.9,10.188491375127777,61.18853179889261,100.4,18.67289247311828,67.91125907161988,0
2017,94,Val-de-Marne,FR_94,48.786,2.455,10.380807146258062,7.146978221254278,13.888611316058492,288.9,0.0,0.3366,,,0.3366,modis,,,1,0,1,263.0,325.0,413.0,66.0,532.0,7.5,agreste_saa,4,1,136.3,12.272293862497769,67.3190024137525,83.2,20.41589912280702,77.64867983310734,0
2018,94,Val-de-Marne,FR_94,48.786,2.455,11.235921284124998,7.640522384086214,15.178726250272236,163.8,0.0,0.3088,0.2464756451654463,,0.2464756451654463,s2,33.0,10.25140725,1,1,1,263.0,325.0,413.0,66.0,532.0,7.5,agreste_saa,1,1,174.1,12.242924335466284,72.53904955078463,160.50000000000003,21.337718917354174,79.4042108411072,0
2019,94,Val-de-Marne,FR_94,48.786,2.455,11.09085593874888,8.104449584987602,14.444794102268272,270.5,0.0,0.3329,0.2082973295364305,,0.2082973295364305,s2,24.0,17.329646,1,1,1,263.0,325.0,413.0,66.0,532.0,8.7,agreste_saa,1,1,156.60000000000002,11.356649083072924,66.40733129374567,61.400000000000006,20.86057513914657,75.79109752751191,0
2020,94,Val-de-Marne,FR_94,48.786,2.455,11.536089550874111,7.988439049167805,15.138832144858716,265.2,0.0,0.3541499999999999,0.1556605396696239,,0.1556605396696239,s2,31.0,16.27408925,1,1,1,263.0,325.0,413.0,66.0,532.0,7.2,agreste_saa,1,1,121.6,12.721782171782172,68.2838913182139,74.7,19.23149462365592,76.62833576265835,0
2021,94,Val-de-Marne,FR_94,48.786,2.455,10.744763440860217,7.112763440860215,14.690897849462363,459.6,0.0,0.4327,0.278166783046858,,0.278166783046858,s2,18.0,5.55312775,1,1,1,263.0,325.0,413.0,66.0,532.0,8.1,agreste_saa,1,1,237.6,9.914551971326164,60.61427956989248,443.9,19.45982795698925,68.66331182795699,0
2022,94,Val-de-Marne,FR_94,48.786,2.455,11.524844086021506,8.41016129032258,15.082370967741936,418.4,0.0,0.3602999999999999,0.1249477643125783,,0.1249477643125783,s2,29.0,27.660733,1,1,1,263.0,325.0,413.0,66.0,532.0,8.4,agreste_saa,1,1,235.4,12.489541218637994,69.5916559139785,204.1,20.790870967741935,79.05036559139785,0
2023,94,Val-de-Marne,FR_94,48.786,2.455,12.780881720430108,9.45133870967742,16.607446236559138,439.0,0.0,0.3763499999999999,0.1352025797745897,,0.1352025797745897,s2,34.0,9.4507885,1,1,1,263.0,325.0,413.0,66.0,532.0,7.909000000000001,agreste_saa,1,1,330.70000000000005,11.425892473118282,66.89694623655915,316.2,20.848021505376344,75.97372043010753,0
2024,94,Val-de-Marne,FR_94,48.786,2.455,10.810612903225806,8.087198924731183,13.835322580645162,772.3,0.0,0.38565,0.1111277340088094,,0.1111277340088094,s2,15.0,27.2374325,1,1,1,263.0,325.0,413.0,66.0,532.0,6.394,agreste_saa,1,1,617.4,12.0223082437276,64.32423655913978,265.20000000000005,18.894462365591394,73.8558494623656,0
2010,95,Val-d'Oise,FR_95,49.08,2.194,8.392577755126748,5.150944745148106,11.658817462533948,0.0,0.0,0.1036499999999999,,0.1036499999999999,0.1036499999999999,modis,,,1,0,1,266.0,370.0,363.0,67.0,530.0,8.5,agreste_saa,3,1,0.0,10.635405030851109,63.91858111610951,0.0,19.684706501710977,71.27562809597528,1
2011,95,Val-d'Oise,FR_95,49.08,2.194,11.674783588042535,8.168383856273163,15.514252686800283,0.0,0.0,0.5284500000000001,,0.5284500000000001,0.5284500000000001,modis,,,1,0,1,266.0,370.0,363.0,67.0,530.0,7.4,agreste_saa,3,1,0.0,12.896950077595726,64.91371560288435,0.0,17.45456993995055,73.59999011268827,1
2012,95,Val-d'Oise,FR_95,49.08,2.194,10.173807988951964,7.000735191527143,13.63831589294774,0.0,0.0,0.4974,,0.4974,0.4974,modis,,,1,0,1,266.0,370.0,363.0,67.0,530.0,8.2,agreste_saa,3,1,0.0,11.241938470728792,58.723279605374486,0.0,17.400667580465022,68.52715057311642,1
2013,95,Val-d'Oise,FR_95,49.08,2.194,10.655806072575658,7.326005317587162,14.034275570346844,0.0,0.0,0.4914,,0.4914,0.4914,modis,,,1,0,1,266.0,370.0,363.0,67.0,530.0,8.5,agreste_saa,3,1,0.0,8.851408959508236,59.50536433167559,0.0,18.84805194805195,64.25033077462861,1
2014,95,Val-d'Oise,FR_95,49.08,2.194,11.385965833695254,8.120474364907722,14.986138923747394,0.0,0.0,0.6007500000000001,,0.6007500000000001,0.6007500000000001,modis,,,1,0,1,266.0,370.0,363.0,67.0,530.0,8.3,agreste_saa,3,1,0.0,11.531888698805398,62.0419904256817,0.0,18.30388111888112,71.20342833417843,1
2015,95,Val-d'Oise,FR_95,49.08,2.194,11.291944444444445,7.929664137205463,14.797650873949046,0.0,0.0,0.5039,,,0.5039,modis,,,1,0,1,266.0,370.0,363.0,67.0,530.0,9.1,agreste_saa,4,1,0.0,11.066116886724862,64.20548589121678,0.0,19.31497701149425,71.82830468316308,1
2016,95,Val-d'Oise,FR_95,49.08,2.194,10.126213915949265,6.56420156523637,14.051750229198916,0.0,0.0,0.4673,,,0.4673,modis,,,1,0,1,266.0,370.0,363.0,67.0,530.0,5.0,agreste_saa,4,1,0.0,9.943349117189166,60.03808697703106,0.0,18.36807210031348,66.56619155219445,1
2017,95,Val-d'Oise,FR_95,49.08,2.194,10.368864205698,7.169902381121625,13.927528019595584,0.0,0.0,0.4713,,,0.4713,modis,,,1,0,1,266.0,370.0,363.0,67.0,530.0,8.2,agreste_saa,4,1,0.0,11.981874263874262,65.54534513824169,0.0,19.942068965517244,75.82976072265728,1
2018,95,Val-d'Oise,FR_95,49.08,2.194,11.059010830646269,7.302699831740843,15.045372500209313,0.0,0.0,0.47985,0.7085611200403087,,0.7085611200403087,s2,20.0,12.396217,1,1,1,266.0,370.0,363.0,67.0,530.0,7.7,agreste_saa,1,1,0.0,12.035365371955232,70.9527160207318,0.0,20.79524543630402,77.69658698847374,1
2019,95,Val-d'Oise,FR_95,49.08,2.194,10.95563638627494,7.861198844633627,14.299211741157391,0.0,0.0,0.41105,0.6814592558871,,0.6814592558871,s2,9.0,24.56528975,1,1,1,266.0,370.0,363.0,67.0,530.0,8.8,agreste_saa,1,1,0.0,11.168859356712147,64.7343797386666,0.0,20.300324675324678,74.1072274207858,1
2020,95,Val-d'Oise,FR_95,49.08,2.194,11.41600635782373,7.653591413513552,15.063150157256937,0.0,0.0,0.41655,0.7423079526226734,,0.7423079526226734,s2,14.0,19.1603905,1,1,1,266.0,370.0,363.0,67.0,530.0,7.8,agreste_saa,1,1,0.0,12.325451670815909,66.70992787778502,0.0,18.91215067107925,74.80065635460622,1
2021,95,Val-d'Oise,FR_95,49.08,2.194,10.642679211469536,6.854498207885305,14.571362007168458,840.5999999999999,0.0,0.5069,0.7472035794183445,,0.7472035794183445,s2,9.0,7.275537,1,1,1,266.0,370.0,363.0,67.0,530.0,8.3,agreste_saa,1,1,368.1,9.457640382317802,58.28268817204301,578.1,18.78499103942652,65.94290322580645,0
2022,95,Val-d'Oise,FR_95,49.08,2.194,11.38247759856631,8.061017025089606,15.054050179211467,955.6,0.0,0.5781000000000001,0.4540788267644363,,0.4540788267644363,s2,15.0,21.8535505,1,1,1,266.0,370.0,363.0,67.0,530.0,8.6,agreste_saa,1,1,359.9,11.972819853514103,67.28286816269285,336.0,20.189731182795697,76.29792192613371,0
2023,95,Val-d'Oise,FR_95,49.08,2.194,12.670362903225806,9.203718637992832,16.484054659498206,1047.1,0.0,0.44025,0.4015152353945865,,0.4015152353945865,s2,17.0,10.18657925,1,1,1,266.0,370.0,363.0,67.0,530.0,8.4,agreste_saa,1,1,678.2,11.036206690561528,64.90774193548387,542.5,20.330206093189965,73.76903225806451,0
2024,95,Val-d'Oise,FR_95,49.08,2.194,10.815204572258006,7.897308933227592,13.916440468560848,960.5,0.0,0.4896,0.4796150114970486,,0.4796150114970486,s2,9.0,29.3025185,1,1,1,266.0,370.0,363.0,67.0,530.0,6.577,agreste_saa,1,1,960.1,11.749844683393071,62.536128738468776,441.9,18.267490892531875,71.78451583524297,0
